Specie	Time	Index	Thesis	X449.35	X452.25	X455.16	X458.06	X460.96	X463.87	X466.77	X469.68	X472.59	X475.50	X478.41	X481.32	X484.23	X487.14	X490.06	X492.97	X495.89	X498.80	X501.72	X504.64	X507.56	X510.48	X513.40	X516.33	X519.25	X522.18	X525.10	X528.03	X530.96	X533.89	X536.82	X539.75	X542.68	X545.62	X548.55	X551.49	X554.43	X557.36	X560.30	X563.24	X566.18	X569.12	X572.07	X575.01	X577.96	X580.90	X583.85	X586.80	X589.75	X592.70	X595.65	X598.60	X601.55	X604.51	X607.46	X610.42	X613.38	X616.34	X619.30	X622.26	X625.22	X628.18	X631.15	X634.11	X637.08	X640.04	X643.01	X645.98	X648.95	X651.92	X654.89	X657.87	X660.84	X663.81	X666.79	X669.77	X672.75	X675.73	X678.71	X681.69	X684.67	X687.65	X690.64	X693.62	X696.61	X699.60	X702.58	X705.57	X708.57	X711.56	X714.55	X717.54	X720.54	X723.53	X726.53	X729.53	X732.53	X735.53	X738.53	X741.53	X744.53	X747.54	X750.54	X753.55	X756.56	X759.56	X762.57	X765.58	X768.60	X771.61	X774.62	X777.64	X780.65	X783.67	X786.68	X789.70	X792.72
Barely	16/05/2025 08:12:18	1.0	 -Fe +N	0.1558737	0.1581509	0.1597233	0.1601113	0.1616388	0.1625402	0.162603	0.1648631	0.1655168	0.1688287	0.1687116	0.16944	0.1702543	0.1726892	0.1753832	0.1772348	0.1857149	0.1939453	0.2064047	0.2203501	0.2359378	0.2542221	0.2729929	0.292974	0.3103929	0.3262915	0.3409208	0.3519538	0.3574511	0.3647173	0.3713958	0.3749965	0.3789718	0.3822517	0.3849295	0.3866999	0.3880897	0.3878601	0.3870464	0.3855111	0.382246	0.3784308	0.3743551	0.3707124	0.3686612	0.3648074	0.3614527	0.3594355	0.357143	0.3557854	0.3544976	0.3530285	0.351492	0.349684	0.3458985	0.3420033	0.3390457	0.3342423	0.3317226	0.3281628	0.3276648	0.3268748	0.3255749	0.3233215	0.319369	0.3133374	0.3053273	0.298752	0.2906239	0.2833032	0.2756733	0.2668574	0.2546028	0.2400409	0.2247921	0.2122124	0.2040981	0.1994513	0.2001599	0.2107474	0.2377628	0.2773994	0.3214274	0.3571807	0.3837394	0.4034495	0.4149799	0.4233296	0.4290057	0.4333008	0.4360396	0.4393719	0.4408482	0.4424114	0.4442156	0.4450932	0.4461244	0.4460153	0.4485332	0.4471583	0.4475056	0.4481611	0.447412	0.4472798	0.4464184	0.4467621	0.4461669	0.4451643	0.4447988	0.4455786	0.446276	0.4463423	0.4471948	0.4461932	0.4452548	0.4471863	0.4450089
Barely	16/05/2025 08:12:39	2.0	 -Fe +N	0.2059471	0.2086749	0.2105738	0.21031	0.2138027	0.2151955	0.2179706	0.2204782	0.2247447	0.2274376	0.2293041	0.2304443	0.2313188	0.2330561	0.2371465	0.2399892	0.2489371	0.2573611	0.269825	0.2840464	0.3002116	0.3181292	0.3363483	0.3535393	0.371245	0.3856869	0.3977857	0.4064961	0.4121795	0.4189108	0.4235731	0.4273161	0.4303701	0.4329473	0.4347261	0.435535	0.436424	0.4365474	0.4366868	0.436172	0.4347188	0.4326595	0.4302295	0.4280539	0.4267137	0.4251198	0.4232797	0.4222126	0.4207004	0.4204466	0.4194088	0.4183405	0.4187703	0.4165378	0.4144137	0.4113229	0.4091898	0.4062773	0.4035436	0.4020926	0.4007612	0.4001339	0.3999307	0.3990765	0.39721	0.3951498	0.3923056	0.3887144	0.3832939	0.3775618	0.3715109	0.3623372	0.3489298	0.3338144	0.3196686	0.3064926	0.2980067	0.2946953	0.2956034	0.3058778	0.3299246	0.3601522	0.3898535	0.4131697	0.4289716	0.4399011	0.4471797	0.4514422	0.454078	0.4577028	0.4582736	0.4600527	0.4602039	0.4620218	0.4630169	0.4633811	0.463772	0.4645174	0.4650548	0.4644456	0.4651788	0.4637352	0.4624334	0.4628527	0.4634798	0.4629048	0.462874	0.4612403	0.4619402	0.462188	0.4623372	0.4627136	0.4638317	0.4625149	0.4616678	0.4632495	0.4632334
Barely	16/05/2025 08:12:49	3.0	 -Fe +N	0.2165198	0.2187527	0.2211981	0.2215002	0.2241495	0.227171	0.2311672	0.2329818	0.2360982	0.2390727	0.2416285	0.2420796	0.2437795	0.245789	0.2499354	0.2527986	0.2613466	0.2709334	0.2842411	0.300306	0.3173196	0.3358634	0.3561239	0.3748632	0.3923281	0.4086256	0.4208357	0.4306256	0.4369057	0.4427113	0.4485062	0.452694	0.4558305	0.4584225	0.4603069	0.4619691	0.4624538	0.4640169	0.4623195	0.460567	0.4606162	0.4585334	0.4563369	0.4543162	0.4521107	0.4499681	0.4484888	0.4469621	0.4457156	0.4452321	0.4454103	0.4433157	0.4430973	0.4403459	0.439457	0.4364214	0.4333557	0.4308222	0.4283935	0.42602	0.4250461	0.4241625	0.4237876	0.4227111	0.4210405	0.4183339	0.4144681	0.4115799	0.4070252	0.4006537	0.3935475	0.3832611	0.3698025	0.3538078	0.3376618	0.3247374	0.3153708	0.3119035	0.3126065	0.3241348	0.3485032	0.38133	0.4128488	0.4375833	0.4544787	0.4655595	0.4731568	0.4788115	0.4818891	0.4843874	0.4857795	0.4883877	0.4897438	0.4892003	0.4910959	0.4911136	0.4919237	0.4926012	0.4928433	0.4932173	0.4923492	0.4918771	0.4916389	0.4913734	0.4904338	0.4903761	0.4906166	0.4897564	0.4895094	0.4887682	0.4893696	0.4893516	0.490456	0.4903047	0.4888224	0.490252	0.489967
Barely	16/05/2025 08:13:13	4.0	 -Fe +N	0.1479442	0.1525899	0.1530498	0.1539617	0.1545113	0.1557264	0.15552	0.1567935	0.1580051	0.1582059	0.1598072	0.160627	0.1631724	0.1647846	0.1691863	0.1738366	0.1810993	0.1924778	0.2059754	0.2230976	0.2415919	0.2621465	0.2841735	0.305048	0.3266861	0.3441951	0.3603863	0.3719887	0.3784569	0.3867633	0.3921258	0.3955259	0.3996103	0.4022748	0.4045919	0.4065269	0.4066365	0.4061018	0.4044336	0.4006219	0.396241	0.3902227	0.3841705	0.3773306	0.3739718	0.3689917	0.364621	0.3601281	0.3566933	0.3543366	0.352708	0.3507236	0.3488637	0.3455793	0.3421412	0.3365546	0.3307954	0.3259273	0.3209891	0.3172302	0.3147069	0.3142754	0.3120188	0.3089676	0.3023522	0.2934027	0.2845174	0.278207	0.2674926	0.2601067	0.2533199	0.2430456	0.2292158	0.2139142	0.1979392	0.185995	0.1772007	0.1732478	0.1739912	0.1842182	0.2103623	0.250436	0.298846	0.3446776	0.3822799	0.4113567	0.4319714	0.4462993	0.4578616	0.4666932	0.4735424	0.4797818	0.4846099	0.4879026	0.4923217	0.4926591	0.4960297	0.4970263	0.4990517	0.499382	0.5001437	0.5014476	0.5004055	0.5004025	0.5002468	0.4997055	0.4990811	0.4978205	0.4986467	0.4975875	0.4989208	0.4981887	0.4993897	0.4990896	0.4979065	0.4991456	0.4995555
Barely	16/05/2025 08:13:25	5.0	 -Fe +N	0.1421439	0.1457377	0.145782	0.148612	0.1474425	0.1488845	0.1482272	0.1486192	0.1500761	0.1495088	0.1504136	0.1503653	0.1515587	0.1529871	0.1571298	0.1612121	0.1681419	0.1781563	0.1894169	0.2039653	0.2202524	0.2394106	0.2589216	0.2774721	0.2966157	0.31305	0.3280864	0.3392064	0.3451948	0.3528198	0.3573802	0.3611061	0.3632927	0.3662555	0.367633	0.369119	0.3693917	0.3683117	0.3654304	0.3614434	0.3568726	0.3495519	0.342175	0.3355104	0.3324928	0.3269051	0.3228551	0.3181718	0.3149694	0.3119034	0.3104499	0.3082866	0.3068802	0.3040554	0.300531	0.2952399	0.2904804	0.2849482	0.2810174	0.2784092	0.2757725	0.2756948	0.2740521	0.27053	0.264795	0.2561945	0.2463885	0.2398619	0.2306189	0.2242314	0.2187239	0.2117076	0.2012404	0.1905836	0.179596	0.1712152	0.1659032	0.1649451	0.1681786	0.1778525	0.199865	0.234621	0.2765234	0.3219848	0.3599241	0.3918801	0.4151026	0.432654	0.4450783	0.4574282	0.4670218	0.4738885	0.480249	0.4867129	0.4916798	0.4943333	0.4988264	0.4995664	0.5021898	0.5033105	0.5041878	0.5033099	0.5035553	0.5031539	0.5029735	0.5018355	0.5029065	0.4999913	0.5007709	0.500305	0.5011962	0.5009988	0.4997611	0.4999924	0.4998704	0.5000036	0.5005715
Barely	16/05/2025 08:13:39	6.0	 -Fe +N	0.1021292	0.1046567	0.1069825	0.1065854	0.1065413	0.1066385	0.1065654	0.1055284	0.1065453	0.1058703	0.105627	0.1065195	0.1061146	0.1079974	0.1104003	0.1140275	0.1195842	0.1265525	0.1361153	0.1484307	0.1629459	0.1798264	0.1970817	0.216394	0.2345992	0.2522852	0.2675182	0.2795611	0.2860005	0.2933287	0.297981	0.3007028	0.3026861	0.3049494	0.3058976	0.307153	0.3061904	0.3035519	0.3008921	0.2946497	0.2875347	0.2789459	0.2698315	0.2612792	0.2559752	0.2493369	0.2439742	0.2384479	0.2349994	0.2316053	0.2290045	0.2277939	0.2252948	0.2216695	0.2171271	0.2119583	0.2070027	0.2009706	0.1972599	0.1933377	0.191893	0.1902855	0.1893808	0.1865623	0.1807823	0.1721363	0.1647547	0.1580496	0.1509435	0.1446937	0.1410629	0.1352942	0.1281314	0.1193891	0.1128549	0.1071589	0.1044633	0.1054504	0.1082355	0.1147446	0.1296026	0.1538416	0.1882663	0.2289842	0.2692087	0.3070348	0.3385998	0.3635625	0.3851061	0.4026456	0.4196708	0.4338832	0.4460421	0.457518	0.4679804	0.4743282	0.4806312	0.4861647	0.4913346	0.4941949	0.4942356	0.4964195	0.4967201	0.4966732	0.4954638	0.494289	0.4939937	0.4930003	0.4926832	0.4915505	0.4933263	0.4925453	0.4915406	0.4918099	0.4918072	0.4929621	0.49365
Barely	16/05/2025 08:13:54	7.0	 -Fe +N	0.1491189	0.1537709	0.1546936	0.1553151	0.157261	0.159593	0.1594083	0.1608562	0.1618216	0.1636059	0.1621536	0.1628505	0.1657703	0.1669496	0.171608	0.1764429	0.1836514	0.1940098	0.2073841	0.2227252	0.239841	0.2596429	0.2792733	0.2995168	0.3180843	0.3357531	0.3490503	0.3591301	0.3649808	0.3728328	0.3768137	0.379492	0.3827345	0.3839866	0.3860296	0.3870338	0.3871904	0.3871405	0.3852325	0.3821425	0.3779408	0.3725302	0.3662605	0.3614174	0.3583464	0.3537758	0.3493378	0.3459881	0.3433884	0.3407114	0.3395123	0.3378585	0.3364776	0.3331507	0.3297535	0.325212	0.3205478	0.314924	0.3106405	0.308535	0.306038	0.3056031	0.3042602	0.3013161	0.2958361	0.2890409	0.2803437	0.2744432	0.2651128	0.2579575	0.2512747	0.242089	0.2295912	0.2154776	0.202044	0.1902164	0.1822459	0.180285	0.1824317	0.1922319	0.2178397	0.2551963	0.2988988	0.3401506	0.3734947	0.3981413	0.4156258	0.4262999	0.4348377	0.4427595	0.4479546	0.4524868	0.4567381	0.4596063	0.463425	0.4644973	0.4666256	0.4674825	0.4687232	0.4693248	0.4692549	0.4706895	0.4694032	0.4687091	0.4684233	0.4672976	0.4669933	0.4656899	0.4660024	0.4651988	0.4654311	0.4654091	0.4653871	0.4657602	0.4653911	0.4666568	0.4653289
Barely	16/05/2025 08:14:21	8.0	 -Fe +N	0.1540382	0.1564937	0.1590499	0.1581079	0.161123	0.162523	0.1641114	0.1632078	0.1660668	0.1670507	0.1686395	0.1696238	0.1702262	0.17267	0.1765541	0.1805982	0.1868678	0.1972838	0.2094084	0.2229261	0.2392938	0.2552822	0.2743537	0.2918119	0.3081238	0.3221739	0.3338764	0.3428871	0.3481313	0.3540869	0.3579515	0.361284	0.3635765	0.366281	0.3678806	0.3694395	0.3696342	0.36928	0.3685558	0.3668216	0.3646622	0.3605356	0.3566817	0.3526406	0.3506713	0.3476357	0.3444813	0.3425356	0.3402774	0.3381116	0.3378257	0.3367534	0.3357804	0.333216	0.3312554	0.3265951	0.3220882	0.3183788	0.314873	0.3131731	0.3128341	0.3112924	0.3100848	0.308646	0.3049264	0.2994808	0.2929555	0.2883946	0.280507	0.2741921	0.2675501	0.2582287	0.2462161	0.2316828	0.2172572	0.2061614	0.19896	0.1972763	0.1991355	0.2098426	0.2344796	0.2714993	0.3112778	0.3457041	0.3709752	0.3892537	0.4011148	0.4099362	0.4156967	0.4210552	0.4234707	0.4269191	0.4290402	0.4310663	0.432885	0.4334593	0.434947	0.4356634	0.4365974	0.4361864	0.4356012	0.4358821	0.436387	0.435102	0.4343136	0.4329989	0.4335848	0.4327589	0.4325887	0.4329036	0.4325229	0.4323191	0.4337382	0.4337504	0.4338456	0.4339041	0.4333884
Barely	16/05/2025 08:14:31	9.0	 -Fe +N	0.1504405	0.1531375	0.1549858	0.1560014	0.1565626	0.1586704	0.1587304	0.159271	0.1596519	0.1599132	0.1590281	0.1595348	0.1612478	0.1640659	0.1689242	0.1741512	0.1834691	0.1948642	0.2092236	0.2260026	0.2457503	0.2663998	0.287316	0.3099017	0.3312721	0.3486041	0.3649974	0.3758467	0.3823017	0.388993	0.394104	0.3974236	0.4001659	0.4015113	0.4039635	0.4043909	0.4044101	0.4029954	0.4000665	0.3955339	0.3901706	0.3828058	0.3746756	0.3667633	0.3624967	0.3576181	0.3520391	0.3474125	0.3439818	0.3407569	0.3394817	0.336615	0.3345382	0.3315915	0.3274699	0.321552	0.3156905	0.3105487	0.3055415	0.3013253	0.2998157	0.2988387	0.296399	0.2933804	0.2863942	0.2785028	0.2687602	0.2616521	0.2525036	0.2452891	0.2377358	0.2288574	0.2174211	0.2040227	0.1914644	0.1817123	0.1764578	0.1754652	0.1789152	0.1894529	0.2141562	0.2509179	0.2984485	0.344724	0.3850091	0.4188399	0.4421821	0.4604818	0.4749872	0.4855396	0.4955185	0.5047449	0.5098788	0.5169064	0.5214308	0.524942	0.5293712	0.5303989	0.5328801	0.5346914	0.5341843	0.5343032	0.5335613	0.5335515	0.5328006	0.5320712	0.5315892	0.5305111	0.5302097	0.5293186	0.5295665	0.5298108	0.5296051	0.5299382	0.527402	0.5306058	0.5294006
Barely	16/05/2025 08:14:44	10.0	 -Fe +N	0.1530837	0.1565346	0.158023	0.1600624	0.1604778	0.1633235	0.1634377	0.1643306	0.1638957	0.1637206	0.163705	0.1643555	0.16575	0.1695451	0.1753733	0.1811656	0.1900973	0.2029124	0.2182486	0.2355731	0.2539943	0.275986	0.2969013	0.3180579	0.3368152	0.3536131	0.366949	0.3779534	0.3830855	0.3887772	0.3935426	0.3969641	0.398625	0.4005723	0.4023193	0.4027231	0.4036538	0.4018621	0.399275	0.395494	0.3912979	0.3852479	0.3784798	0.3724559	0.3688028	0.3635133	0.3596872	0.3556939	0.3521179	0.3502685	0.3482435	0.3466814	0.3449263	0.3414877	0.3384419	0.3336573	0.3287194	0.323724	0.3193003	0.3155022	0.3144652	0.3128389	0.3113806	0.3079433	0.301763	0.2941641	0.2849739	0.2783768	0.2686068	0.2620099	0.2562581	0.2475972	0.2364168	0.2224527	0.2097505	0.1998754	0.193141	0.1922614	0.1966532	0.2083239	0.235315	0.2728831	0.315953	0.3584495	0.3915735	0.4189446	0.437409	0.4508469	0.4625246	0.4698768	0.4774422	0.4835804	0.4888388	0.4917659	0.4971522	0.498154	0.5012839	0.5035364	0.5043454	0.5050275	0.5061801	0.5056138	0.506152	0.5047928	0.5044648	0.503019	0.5032541	0.501571	0.5021046	0.5017021	0.5018649	0.5023605	0.5003479	0.5015713	0.5012765	0.5028405	0.501651
Barely	16/05/2025 08:14:56	11.0	 -Fe +N	0.1657122	0.1683186	0.172196	0.1724554	0.1738953	0.1743897	0.1752259	0.1761236	0.176352	0.1765623	0.1768405	0.1770508	0.1791267	0.1838191	0.1896904	0.1944066	0.2043402	0.2160177	0.231231	0.2483019	0.266032	0.2872024	0.3066583	0.3274404	0.346433	0.3621886	0.3764418	0.3866829	0.3919164	0.3986093	0.4032172	0.4057409	0.4086775	0.4106507	0.4114148	0.4129224	0.4134909	0.412635	0.4115318	0.4073558	0.4031419	0.3971944	0.3908372	0.3841486	0.3805009	0.3757626	0.37143	0.3667753	0.3635892	0.3613551	0.3600472	0.358351	0.3572496	0.3538772	0.3504471	0.345482	0.3401341	0.3347793	0.3301256	0.3267114	0.3237382	0.3232436	0.321643	0.3177351	0.3123467	0.305667	0.2957941	0.2894983	0.2799807	0.2734908	0.2665418	0.2572249	0.2450706	0.2305703	0.215709	0.2051597	0.1981862	0.1961936	0.1989966	0.2098426	0.2345511	0.27181	0.3150235	0.3593237	0.3953993	0.4229429	0.4435413	0.4585737	0.4699413	0.4795417	0.4870012	0.492799	0.4988563	0.5029692	0.5076474	0.5089293	0.5131035	0.51409	0.5161968	0.5173704	0.5181083	0.5177423	0.5167703	0.5163218	0.5163404	0.5161888	0.5161349	0.5140845	0.5147875	0.5132827	0.513191	0.5135502	0.5133479	0.5142492	0.5130746	0.5143211	0.5144145
Barely	16/05/2025 08:15:06	12.0	 -Fe +N	0.1475037	0.1481504	0.1511298	0.1512211	0.1514224	0.152085	0.153264	0.1538549	0.1542267	0.1558907	0.1584415	0.1595605	0.1600268	0.1621153	0.1661299	0.1690961	0.175663	0.1851141	0.1979258	0.2134632	0.2301744	0.2513205	0.2729153	0.295818	0.3182275	0.3387471	0.3549302	0.3682636	0.3754059	0.3847505	0.3910905	0.3959307	0.4000563	0.4028942	0.4057123	0.4083838	0.4089959	0.4083583	0.4068687	0.4044824	0.3988908	0.3933231	0.3862893	0.3804891	0.3764308	0.3718146	0.3672408	0.3626694	0.3592698	0.356338	0.3547712	0.3530391	0.3513323	0.3480826	0.3442711	0.3385229	0.3327216	0.3270884	0.3221713	0.3190358	0.3170024	0.3152241	0.3137674	0.3092254	0.3031872	0.2940431	0.2842389	0.2771599	0.2673594	0.2586656	0.252715	0.2425002	0.2287418	0.2137037	0.1972795	0.1835829	0.1758388	0.1708258	0.1717152	0.1817947	0.2102376	0.2532875	0.3045339	0.3522906	0.39111	0.4206695	0.4405188	0.4556661	0.4654388	0.4745723	0.480606	0.4859659	0.4904416	0.494545	0.4968179	0.4987121	0.5009809	0.5021548	0.5038931	0.5034566	0.5050278	0.5046225	0.5040995	0.5042	0.5044727	0.5024738	0.5034727	0.5033714	0.5027297	0.5025907	0.5036383	0.5038081	0.5030749	0.5030037	0.5047365	0.5043831	0.5026035
Barely	16/05/2025 08:15:18	13.0	 -Fe +N	0.1420705	0.145986	0.1472482	0.1498538	0.1502082	0.1510313	0.1516347	0.1503128	0.1534915	0.1526849	0.1529067	0.1546002	0.1554566	0.1584367	0.1630296	0.1663519	0.1757798	0.1858223	0.1994798	0.2163244	0.2334574	0.2553473	0.2767359	0.2987529	0.3184149	0.3350157	0.3501704	0.3614994	0.3671021	0.3745675	0.3789009	0.3825511	0.3853084	0.3876085	0.388875	0.3900306	0.3899158	0.3895581	0.3866014	0.3825452	0.3780704	0.3716577	0.3650962	0.3582445	0.3549473	0.349565	0.3446032	0.3408293	0.3376845	0.3345926	0.3331362	0.3317847	0.3296572	0.3267777	0.3227639	0.3171548	0.3114008	0.306078	0.3012063	0.2974842	0.2953756	0.2955317	0.2937693	0.2899953	0.2846456	0.2767528	0.2663501	0.259841	0.2499492	0.2424617	0.2361515	0.2265964	0.214379	0.2003548	0.1871126	0.1771128	0.1720317	0.1703004	0.1741977	0.1862539	0.212194	0.2518364	0.3003173	0.3464526	0.3844746	0.4142198	0.4353224	0.4504271	0.4612938	0.4710551	0.47713	0.4836609	0.4896173	0.4926069	0.4957784	0.4986263	0.5019625	0.5025083	0.5062583	0.5053354	0.5058263	0.5055966	0.5047934	0.5044284	0.5041181	0.5017588	0.5021221	0.5000039	0.5008669	0.5002513	0.4994189	0.5004842	0.5005833	0.4990109	0.5005027	0.5006444	0.500254
Barely	16/05/2025 08:15:33	14.0	 -Fe +N	0.1358297	0.139743	0.1417337	0.1432306	0.1427011	0.1446346	0.1454239	0.1454133	0.1474553	0.1475013	0.1499973	0.1496104	0.1512559	0.1526781	0.1577315	0.1599814	0.1680378	0.1765663	0.1879993	0.2014913	0.2165317	0.2361856	0.2532876	0.2716398	0.2892934	0.3037328	0.3167657	0.326525	0.3320274	0.337613	0.3425353	0.3456721	0.3478349	0.3502515	0.3514515	0.3542468	0.354083	0.3532785	0.3513905	0.3494177	0.3456429	0.3411413	0.3354489	0.3301313	0.3277499	0.3241342	0.320885	0.3174583	0.3147042	0.3135227	0.3126892	0.3108723	0.3090335	0.3066783	0.3025822	0.2993442	0.2942664	0.2893977	0.2851807	0.2831481	0.2816021	0.2805857	0.2802163	0.2776016	0.2738725	0.2686053	0.2601397	0.2550301	0.2470908	0.2399715	0.2327812	0.2238081	0.210862	0.1969574	0.1827543	0.1730857	0.1662746	0.1638541	0.1662252	0.1762368	0.1989461	0.2341907	0.2768449	0.315791	0.3454723	0.3684155	0.38416	0.3952185	0.4031646	0.4093441	0.4135222	0.4172592	0.4210117	0.4244368	0.4272583	0.4279214	0.430172	0.4302965	0.4320897	0.4317005	0.4318496	0.4320395	0.4311439	0.430937	0.4312827	0.4283276	0.4306769	0.4282732	0.4293037	0.4287187	0.4276696	0.4281677	0.4282706	0.427552	0.4277814	0.42972	0.4268479
Barely	16/05/2025 08:15:45	15.0	 -Fe +N	0.1638032	0.1661587	0.1673969	0.1680252	0.169274	0.1721333	0.1729974	0.1744486	0.1747857	0.1745978	0.1761441	0.1768763	0.1784253	0.1803292	0.1846862	0.1899075	0.1981208	0.2098276	0.2237509	0.2408242	0.2596119	0.2810554	0.3019711	0.3224878	0.343111	0.3614906	0.3752928	0.3859968	0.3922358	0.3989054	0.403852	0.4070415	0.409982	0.4127014	0.4139851	0.415681	0.4156456	0.4157068	0.4131748	0.4098959	0.4066512	0.4009932	0.3956722	0.3890711	0.3861776	0.3814253	0.3773024	0.3737074	0.3711155	0.3692773	0.3677442	0.3655583	0.3645488	0.3617233	0.3566512	0.3520003	0.3471731	0.3423218	0.3367862	0.3338016	0.3327091	0.3308659	0.329755	0.3268397	0.3219152	0.3158027	0.3079245	0.3019781	0.2925739	0.28477	0.2766815	0.2664556	0.2529436	0.2361625	0.2205447	0.2089927	0.2008481	0.1981866	0.2006086	0.2111675	0.2390445	0.2788533	0.3247773	0.3681427	0.4016576	0.4262064	0.4432516	0.4567508	0.4647991	0.4714339	0.477605	0.4828452	0.4869549	0.4886872	0.4928857	0.4924015	0.4961935	0.4982924	0.4995163	0.4996719	0.5002403	0.5001036	0.4979944	0.4979446	0.4977982	0.4981202	0.4982949	0.4970179	0.4952583	0.4954692	0.4956446	0.4952596	0.4967774	0.4954607	0.4956682	0.49689	0.4973965
Barely	16/05/2025 08:15:56	16.0	 -Fe +N	0.1269457	0.1300594	0.1310906	0.1321522	0.132972	0.1332864	0.1331177	0.1340807	0.1335239	0.1337312	0.1328278	0.1330414	0.1344704	0.1363285	0.1413929	0.1441228	0.1527739	0.1623314	0.1760746	0.1923832	0.2106223	0.2322242	0.2537014	0.2766054	0.2973866	0.3176343	0.3331341	0.3450283	0.3513813	0.3586062	0.3638207	0.3670659	0.3699822	0.3718897	0.3741342	0.3747838	0.3750907	0.3723664	0.3696108	0.364898	0.358595	0.3504369	0.3415355	0.333927	0.3296739	0.3229901	0.3172592	0.3130312	0.3090133	0.3064389	0.3043288	0.3025361	0.3002138	0.2964925	0.2918483	0.2862594	0.2800754	0.2745884	0.2690931	0.2663429	0.2633582	0.2631058	0.2624013	0.2586885	0.2516224	0.2422625	0.2322781	0.225203	0.2157166	0.2078544	0.2015843	0.194019	0.18346	0.1714019	0.1596195	0.151846	0.1471462	0.1478905	0.1519903	0.1617927	0.1864928	0.2237089	0.2717474	0.3210585	0.364167	0.4002376	0.426542	0.4459918	0.4617474	0.4715114	0.4818382	0.4914042	0.4973833	0.5037617	0.5099718	0.5134369	0.5168441	0.5197627	0.5224264	0.5236093	0.5239455	0.5227152	0.5234377	0.5236885	0.5230305	0.5213403	0.5215045	0.5195284	0.5185674	0.5182268	0.5189577	0.5185444	0.5186885	0.5188858	0.5178858	0.5191653	0.5192405
Barely	16/05/2025 08:16:07	17.0	 -Fe +N	0.1283407	0.1302823	0.1326703	0.1327796	0.1330255	0.134101	0.1336613	0.1341387	0.1353568	0.1342525	0.1344139	0.1348115	0.1350021	0.1376111	0.1424309	0.1461857	0.1542235	0.1641573	0.1775004	0.1932186	0.2116072	0.2317101	0.2534619	0.2738937	0.2950847	0.3132427	0.3296128	0.3405827	0.346449	0.3530575	0.3592739	0.3619426	0.3644071	0.366306	0.3688159	0.3697722	0.369313	0.367735	0.3650126	0.3596995	0.3543019	0.3464637	0.3384302	0.3308012	0.3262911	0.3208349	0.3159132	0.3109208	0.3072633	0.304762	0.3024657	0.3007373	0.2986217	0.2954602	0.2910233	0.2855598	0.2795865	0.2742699	0.2696869	0.2655901	0.2640227	0.2631267	0.2630452	0.2582217	0.2521134	0.2431734	0.2325398	0.2261369	0.2162508	0.2088411	0.2025061	0.1959403	0.1850994	0.1728751	0.162764	0.1540231	0.1504581	0.1504433	0.1541858	0.1645071	0.1885492	0.2247652	0.2712735	0.3203803	0.3615807	0.3951523	0.4199442	0.4387765	0.4528352	0.4635158	0.473005	0.4816156	0.4862932	0.4936942	0.4982817	0.5013308	0.5053645	0.5082885	0.5096678	0.5105742	0.5121141	0.5114673	0.5114865	0.5107043	0.5103178	0.5097917	0.5083134	0.5073093	0.5076774	0.5070356	0.5061804	0.5063434	0.5067712	0.5066694	0.5061424	0.5069536	0.5052705
Barely	16/05/2025 08:16:16	18.0	 -Fe +N	0.1379589	0.1401521	0.1419199	0.1453411	0.1464535	0.1454508	0.1458053	0.1451269	0.1461283	0.1457592	0.1457914	0.1473047	0.1471961	0.1509352	0.1560636	0.1597574	0.1674593	0.1783538	0.190984	0.2062705	0.2235354	0.2436658	0.2615847	0.2811958	0.2991345	0.3140053	0.3270965	0.3376952	0.3424377	0.3481417	0.3519496	0.3549896	0.3571422	0.3581516	0.3594693	0.3604254	0.3601536	0.358501	0.3561934	0.3524212	0.3480509	0.3413582	0.3347232	0.3279134	0.3233498	0.3186601	0.3138829	0.309591	0.3066001	0.3047709	0.301899	0.3004383	0.2991133	0.2955356	0.2914115	0.2864583	0.2805619	0.2753573	0.271119	0.2684873	0.2657444	0.265088	0.2637463	0.2611626	0.2551009	0.2479783	0.2400003	0.2341455	0.2264517	0.2190097	0.2123578	0.2044623	0.1937334	0.1814437	0.1698044	0.1608815	0.1548533	0.1543617	0.1578133	0.1671891	0.1887537	0.223577	0.2652086	0.3073988	0.3435434	0.3726502	0.3939946	0.4108501	0.4235829	0.4337308	0.4417578	0.4496612	0.4553338	0.4616591	0.4658213	0.4681034	0.4722581	0.4735206	0.475564	0.4773886	0.4787611	0.4774601	0.4766754	0.4775142	0.4763436	0.4760536	0.4758417	0.4740954	0.4749498	0.4729208	0.4738056	0.474452	0.4751178	0.4740068	0.4739609	0.4744406	0.4721234
Barely	16/05/2025 08:16:26	19.0	 -Fe +N	0.1848018	0.1880323	0.1891609	0.1891729	0.1912815	0.1920769	0.1935673	0.1962152	0.2004759	0.2018929	0.204499	0.2065946	0.2069153	0.208138	0.2119083	0.214899	0.2215433	0.2299863	0.2436897	0.2578467	0.2746042	0.2938015	0.3138538	0.3338307	0.3537756	0.3716617	0.3859037	0.3975607	0.4046351	0.4135437	0.4196761	0.4254297	0.4299238	0.4331291	0.4361409	0.4390441	0.4392106	0.4402531	0.4393216	0.4380586	0.4364032	0.4334731	0.4305983	0.4267406	0.4253198	0.4224936	0.4211772	0.417917	0.4166411	0.4156856	0.4137843	0.4133962	0.4118644	0.4097397	0.4072852	0.4037085	0.4002221	0.3963019	0.3931363	0.3905884	0.3906425	0.3888222	0.3884614	0.3862835	0.3833465	0.3795705	0.373162	0.3682542	0.3611284	0.3534417	0.3459888	0.3359034	0.3214392	0.3042602	0.2877985	0.2726912	0.2627832	0.2590975	0.2607508	0.2726274	0.3005139	0.3391489	0.3785379	0.4112556	0.4334632	0.4503205	0.4599092	0.4660764	0.4691822	0.4736296	0.4761269	0.4781465	0.4787738	0.4805345	0.4809585	0.4813257	0.4831819	0.4834209	0.4839032	0.4830813	0.484009	0.483742	0.4842509	0.4835285	0.4822591	0.4822757	0.4836102	0.4808795	0.4810058	0.4811007	0.4818322	0.4821063	0.4823845	0.4817202	0.4817764	0.4828772	0.4821565
Barely	16/05/2025 08:16:37	20.0	 -Fe +N	0.2103524	0.2161683	0.2176137	0.2193415	0.2216517	0.2229813	0.2249034	0.2273541	0.2302009	0.232579	0.2344172	0.2360444	0.2371829	0.2405831	0.2445771	0.2476881	0.2534697	0.2612246	0.2712026	0.2833134	0.2972204	0.3111364	0.3264414	0.3415463	0.3551915	0.368311	0.3781336	0.3867937	0.3921711	0.3976489	0.4020969	0.4073128	0.4097239	0.4121164	0.415954	0.4167917	0.4181249	0.4187664	0.4195396	0.418454	0.4193559	0.4175405	0.4162682	0.4143785	0.4131578	0.4125464	0.4118327	0.410257	0.41011	0.4105722	0.4099692	0.4103416	0.4103327	0.4091254	0.4076846	0.4061184	0.4045364	0.4019315	0.4002541	0.3989145	0.3977105	0.3980787	0.3980817	0.3976056	0.3953542	0.3928989	0.3882351	0.3841582	0.3800954	0.3750785	0.3697537	0.3628069	0.3523373	0.3404588	0.3276546	0.3179097	0.3108828	0.3083211	0.3110601	0.3208712	0.3441152	0.3743588	0.4060531	0.4301427	0.4473811	0.4600437	0.4682952	0.4733873	0.4772227	0.4796715	0.4820008	0.4834782	0.4862476	0.4865832	0.4895116	0.4886237	0.4906124	0.4905159	0.4919403	0.4909631	0.4921781	0.4931554	0.4938777	0.4919583	0.4912815	0.4899448	0.4909418	0.4902501	0.4900078	0.4909648	0.4903498	0.4912087	0.4919153	0.4917272	0.4922393	0.4917703	0.493396
Barely	16/05/2025 08:16:48	21.0	 -Fe +N	0.2212188	0.2232821	0.2249542	0.2276703	0.2295006	0.2323187	0.235755	0.239913	0.2426107	0.244233	0.2438721	0.244365	0.2457261	0.2479231	0.2529447	0.2573769	0.2668018	0.2778233	0.2922458	0.3089628	0.3265485	0.3448593	0.3635615	0.3813307	0.3976234	0.4125441	0.4241429	0.4325638	0.4381363	0.4442843	0.4490074	0.4530162	0.4556958	0.4579919	0.4604573	0.4611733	0.4617721	0.4627593	0.4632092	0.4619883	0.4613369	0.4599592	0.4583752	0.4565624	0.4556515	0.4543697	0.4534679	0.4516696	0.4505041	0.4499088	0.4507406	0.4497559	0.4487849	0.4480092	0.4460923	0.4440909	0.4415273	0.4397439	0.4369699	0.4362468	0.4350137	0.4345804	0.4339752	0.4327817	0.4320284	0.4305141	0.4279996	0.4256445	0.4220184	0.4165669	0.4113784	0.4023157	0.3912183	0.3768377	0.3629686	0.3509854	0.3428563	0.3395423	0.3419561	0.3525705	0.3739513	0.4010887	0.4261197	0.4461125	0.4594091	0.4681951	0.4738465	0.4769606	0.4797845	0.4811846	0.4826244	0.4838369	0.4843102	0.4848703	0.4868064	0.4853181	0.4861315	0.4867216	0.488326	0.4864547	0.4869519	0.487646	0.4865011	0.4859847	0.4860475	0.484844	0.4854215	0.4837984	0.4834343	0.4836183	0.4838734	0.4840216	0.4841095	0.4854389	0.4846316	0.4857718	0.486538
Barely	16/05/2025 08:17:12	22.0	 -Fe +N	0.2109398	0.213312	0.2165765	0.2163368	0.2175382	0.219555	0.223743	0.22639	0.2301181	0.2326276	0.2354602	0.2353444	0.2370674	0.2386955	0.24121	0.24496	0.2512345	0.2603205	0.2732647	0.2880605	0.3045889	0.3227876	0.341958	0.3610225	0.3788707	0.3941161	0.4080861	0.4183344	0.4246592	0.4318458	0.4380401	0.4431009	0.4471361	0.448914	0.4523315	0.4540781	0.4548832	0.4561956	0.4555512	0.455026	0.4540186	0.4524333	0.4508789	0.4476394	0.4470092	0.4449785	0.4444304	0.4424408	0.4411401	0.44098	0.4399026	0.4396797	0.4387538	0.4376188	0.4354709	0.4330275	0.4292625	0.4266313	0.4238739	0.4227097	0.4215725	0.4211334	0.4210805	0.4196422	0.4194626	0.4180827	0.4146504	0.4128817	0.4079115	0.4020571	0.3945845	0.3846912	0.3703756	0.3544993	0.3378849	0.3251361	0.3162684	0.3120459	0.3141813	0.3236824	0.3468155	0.3775371	0.4055126	0.4310755	0.4480848	0.4591441	0.4663788	0.4709607	0.474586	0.4772255	0.4787193	0.4799844	0.4801968	0.4819247	0.4830047	0.482313	0.4835493	0.4834887	0.4832886	0.4837353	0.4840007	0.4829736	0.4839982	0.4839275	0.4830868	0.4827194	0.4822001	0.481436	0.481694	0.4810983	0.4818065	0.4817554	0.4831615	0.4817751	0.4813326	0.4830259	0.4820295
Barely	16/05/2025 08:17:39	23.0	 -Fe +N	0.1557269	0.1583657	0.1614164	0.1619245	0.1646986	0.1633424	0.1661341	0.166646	0.1669499	0.167172	0.167667	0.1688361	0.1708141	0.1736097	0.1790313	0.1846753	0.1931342	0.2052907	0.2192018	0.2344525	0.2503465	0.2696365	0.2880983	0.3057359	0.320873	0.3356984	0.3463346	0.3555784	0.3600573	0.3655079	0.3698572	0.3723139	0.3741419	0.3759155	0.3768198	0.37869	0.3790992	0.3786404	0.3764328	0.3736596	0.369694	0.3647111	0.3594788	0.3548728	0.351866	0.3478243	0.344246	0.3407544	0.3377963	0.3362979	0.3347896	0.333907	0.3324003	0.3299357	0.3272843	0.3223736	0.3173686	0.3132213	0.3089762	0.3056063	0.3045579	0.3035405	0.3027117	0.3007954	0.2955172	0.2887884	0.2807333	0.2743583	0.2665149	0.2592079	0.2526574	0.2450152	0.2328803	0.2193861	0.2059905	0.1963695	0.1900768	0.1881595	0.1920421	0.2031215	0.2273392	0.2632335	0.3046908	0.3434172	0.3756331	0.3998314	0.4180867	0.4298262	0.4391482	0.4463951	0.4522117	0.4584199	0.4630809	0.4671489	0.4705914	0.4728685	0.4752297	0.4763505	0.4789165	0.4784269	0.4785461	0.4790682	0.4790671	0.4787414	0.4788137	0.4783245	0.4783159	0.4774171	0.4771449	0.476139	0.4764159	0.4765407	0.4767208	0.4765583	0.476443	0.4774808	0.477394
Barely	16/05/2025 08:17:55	24.0	 -Fe +N	0.212188	0.2131513	0.2153003	0.2161353	0.2173697	0.2188955	0.2221687	0.2241297	0.2273831	0.2314581	0.231693	0.233843	0.2352259	0.2374558	0.2397655	0.244702	0.2520595	0.262268	0.2753724	0.2910674	0.3074706	0.3257054	0.343648	0.3624659	0.3789983	0.3930236	0.405737	0.4145714	0.4198014	0.4262112	0.4311592	0.434527	0.4384969	0.4402724	0.4423548	0.4432706	0.4438732	0.4442933	0.4442096	0.4424444	0.4418056	0.4401804	0.4372469	0.4345541	0.4338767	0.4323585	0.4305908	0.4292369	0.4277145	0.4267669	0.4268212	0.4256677	0.4254353	0.4230555	0.4212702	0.4188856	0.4160396	0.4133081	0.4104839	0.4095764	0.4084635	0.4079095	0.4070998	0.4052099	0.4027711	0.4001548	0.3962869	0.392846	0.3871656	0.3817359	0.3750252	0.3662658	0.3534537	0.3402183	0.3247248	0.3138417	0.3043209	0.3002938	0.3027566	0.3143762	0.3389176	0.370336	0.4002223	0.4238235	0.4392123	0.4487767	0.4558993	0.4599879	0.4634603	0.4651747	0.4674798	0.4683753	0.4692957	0.4708926	0.4709431	0.4703357	0.4730039	0.4722734	0.4731371	0.4734061	0.4735115	0.473558	0.4731916	0.4724825	0.4722525	0.4724133	0.4717952	0.4698478	0.4714417	0.4707848	0.4701704	0.4711624	0.4715911	0.4698059	0.4699823	0.4722463	0.4716789
Barely	16/05/2025 08:18:06	25.0	 -Fe +N	0.1846549	0.188287	0.189763	0.1907397	0.1915701	0.1920275	0.1937704	0.1960027	0.1983575	0.2006697	0.2026888	0.202603	0.2049958	0.2076141	0.209983	0.2145436	0.2215896	0.2313819	0.2439105	0.2604109	0.2777778	0.2975784	0.3191608	0.3398289	0.3599673	0.3777766	0.3929502	0.4050501	0.4113046	0.4193278	0.4252297	0.4294128	0.4332801	0.4362714	0.4387506	0.4398334	0.4410185	0.4417004	0.4407878	0.438247	0.4356693	0.4326393	0.4281767	0.4241895	0.4221974	0.4188502	0.41634	0.4132655	0.4111234	0.4099614	0.409484	0.4077843	0.4070324	0.4037072	0.4010755	0.3972622	0.3920948	0.3883229	0.3835033	0.3822041	0.3794364	0.3788756	0.3784822	0.3770631	0.3731315	0.3679572	0.3613361	0.3557178	0.3474825	0.3399143	0.3312977	0.3198095	0.3045274	0.2873335	0.2696657	0.2547734	0.2439953	0.2396065	0.2406383	0.2523993	0.2827535	0.3239588	0.3685853	0.4053256	0.4304687	0.449142	0.4605292	0.4682059	0.4731994	0.4787344	0.4812207	0.4850792	0.4867811	0.4882617	0.4897638	0.4893106	0.4902498	0.4914913	0.4929516	0.49277	0.4932811	0.4917811	0.4922124	0.4924194	0.4922147	0.4904841	0.4908649	0.4899807	0.4903068	0.4900452	0.4895409	0.49029	0.4893669	0.4895982	0.4889638	0.4902963	0.4904115
Barely	16/05/2025 08:18:21	26.0	 -Fe +N	0.1443465	0.1466294	0.1491483	0.1513645	0.150256	0.1525177	0.1516329	0.1524138	0.152528	0.1542901	0.1552277	0.1557607	0.1571075	0.1603093	0.1639274	0.1687682	0.1770505	0.1865882	0.1998778	0.2147555	0.2318523	0.2513914	0.2690852	0.2896902	0.30682	0.3223666	0.3360853	0.3463516	0.3514273	0.3576554	0.3623341	0.365391	0.3680789	0.3695077	0.3717918	0.3724414	0.3731074	0.37193	0.3702528	0.367013	0.3626655	0.3569798	0.3514217	0.3459753	0.3431854	0.3386076	0.3341803	0.3306905	0.3275862	0.3252023	0.3242783	0.3219826	0.3209733	0.3178256	0.3147786	0.309941	0.3047598	0.3008122	0.2958112	0.2939572	0.2909959	0.2900296	0.2893701	0.2861214	0.2809528	0.272493	0.2633984	0.258143	0.2491388	0.2416396	0.2360075	0.227055	0.2153465	0.2020685	0.1891987	0.1779611	0.1707936	0.1691915	0.1714095	0.1812454	0.2059201	0.2431069	0.2860344	0.3270604	0.359966	0.3846341	0.401934	0.4141655	0.4232996	0.4293275	0.4360476	0.4407571	0.4441468	0.447904	0.4514631	0.4526058	0.4547504	0.4554425	0.4572643	0.4568695	0.4578464	0.4578028	0.4573042	0.4578639	0.4579346	0.4565964	0.4567357	0.4554318	0.456225	0.4552875	0.4558495	0.4558443	0.4560556	0.455886	0.4555801	0.455998	0.4559309
Barely	16/05/2025 08:18:31	27.0	 -Fe +N	0.1437592	0.1455715	0.1480176	0.1489634	0.150599	0.1518335	0.1532845	0.1530005	0.1525157	0.1544829	0.1551652	0.1551477	0.1585569	0.1612209	0.1660164	0.1690945	0.1763215	0.1856524	0.1972789	0.2106719	0.2237543	0.2400513	0.2566241	0.2728019	0.2869682	0.2996244	0.3111923	0.3198359	0.324235	0.3306209	0.3339202	0.337118	0.339069	0.3416996	0.3436032	0.3449924	0.346082	0.3458873	0.3452336	0.3435644	0.3403737	0.3363253	0.3330481	0.3284494	0.3264124	0.3228877	0.3196736	0.3183883	0.3161025	0.3151456	0.3147062	0.313139	0.3123802	0.3110619	0.3082144	0.3041751	0.30104	0.2975883	0.2942676	0.2922412	0.2916302	0.2914616	0.2911387	0.2889494	0.2846098	0.2784194	0.2696833	0.2638877	0.2555868	0.2488246	0.2438139	0.2365241	0.2272101	0.2155077	0.2032149	0.1950407	0.1894577	0.1895342	0.1935157	0.2039939	0.2286367	0.2650581	0.3057678	0.3448498	0.3753962	0.3986352	0.4155396	0.4272558	0.4360285	0.4427014	0.4482076	0.4541067	0.4580896	0.4600103	0.4643339	0.4665579	0.4689493	0.4699774	0.4716427	0.471507	0.4725652	0.4730989	0.4737579	0.4734735	0.4734066	0.4722757	0.4721652	0.4706946	0.4717162	0.4705731	0.4707628	0.472076	0.4715731	0.4714124	0.4714119	0.4736942	0.4727584
Barely	16/05/2025 08:18:41	28.0	 -Fe +N	0.1800294	0.182262	0.1829376	0.1836396	0.1847585	0.186259	0.1878116	0.1906762	0.1934057	0.1955343	0.1975065	0.1987271	0.1990171	0.2019907	0.2055361	0.2090651	0.2152006	0.2243537	0.2357832	0.2501041	0.2666886	0.2831089	0.3012932	0.3185298	0.3356894	0.3501265	0.3620279	0.372111	0.3770382	0.3830967	0.388592	0.3921869	0.3945136	0.3978607	0.3999034	0.4011005	0.402018	0.4016785	0.401185	0.400255	0.3982213	0.3959681	0.3932324	0.3907592	0.3893041	0.387579	0.3850381	0.382985	0.3809865	0.3807626	0.3798455	0.3786064	0.3775972	0.3763061	0.3737898	0.3705588	0.3675726	0.3644007	0.3620014	0.3595547	0.3583834	0.3580277	0.3577738	0.3565052	0.3534015	0.3496267	0.3454395	0.3417947	0.3358119	0.3299282	0.322944	0.3139413	0.3011788	0.2865819	0.271472	0.2588517	0.250619	0.2455474	0.2468671	0.2578602	0.2820254	0.3155301	0.3484158	0.3750974	0.39308	0.4070212	0.415353	0.4211377	0.424971	0.4284638	0.4296867	0.4319817	0.4329961	0.4348521	0.437103	0.4356057	0.4376368	0.4378127	0.4378719	0.4386743	0.4385217	0.4381907	0.438324	0.4386405	0.4377417	0.4375391	0.4368576	0.4374512	0.4372749	0.4365126	0.4364721	0.4363129	0.4357385	0.4361823	0.4371524	0.4373132	0.4368809
Barely	16/05/2025 08:18:51	29.0	 -Fe +N	0.1435389	0.1474684	0.1494986	0.1499628	0.1508557	0.153005	0.1528992	0.1538738	0.1535073	0.1517835	0.1533655	0.1551209	0.1559366	0.1588677	0.1644642	0.1700138	0.1804351	0.1922248	0.207762	0.2254641	0.2458233	0.267348	0.290449	0.3125305	0.3340753	0.3524116	0.3680243	0.3794865	0.3854948	0.3921874	0.3975288	0.4018379	0.4039867	0.4059694	0.4076109	0.4089453	0.4083726	0.4068786	0.4042395	0.4005842	0.3941488	0.3870375	0.3800527	0.3720998	0.367632	0.362282	0.3559819	0.3521391	0.3480416	0.3456356	0.343339	0.341442	0.3386745	0.3349024	0.3302916	0.3247767	0.319167	0.3132384	0.3075404	0.305151	0.3026852	0.3015198	0.2994485	0.2950327	0.2886514	0.2793583	0.2684194	0.2612559	0.2506301	0.2424833	0.2358058	0.2270151	0.2144084	0.1998136	0.1859711	0.1759885	0.1697412	0.1674591	0.1713991	0.1841859	0.2108507	0.2520393	0.3009423	0.349965	0.3899327	0.4220998	0.4472046	0.4645993	0.4763911	0.4869348	0.4953827	0.5028881	0.5077872	0.5136267	0.5180771	0.5220228	0.5236448	0.5254382	0.5277742	0.5286323	0.5285197	0.5277776	0.5294112	0.528245	0.5279027	0.5266763	0.5267335	0.5251183	0.5246772	0.5234219	0.5236208	0.5233693	0.5241349	0.5235044	0.523074	0.5247074	0.523368
Barely	16/05/2025 08:19:01	30.0	 -Fe +N	0.1328194	0.1341689	0.1363279	0.1367078	0.1387251	0.1376311	0.1396317	0.1388565	0.1394279	0.1400371	0.1413226	0.140885	0.1417173	0.1442467	0.1479116	0.1517421	0.1583249	0.1683616	0.1810947	0.1969677	0.215255	0.2348603	0.2567424	0.2778531	0.2996253	0.3190464	0.3347131	0.3468921	0.3540747	0.3615254	0.3667934	0.371818	0.3742358	0.3767602	0.3794277	0.380272	0.3810921	0.3798574	0.3771908	0.3727868	0.3678204	0.361642	0.3537208	0.3466684	0.3429351	0.3376316	0.3326008	0.3281111	0.3250273	0.3217428	0.3202683	0.31808	0.3156131	0.3125553	0.308192	0.3029776	0.29791	0.2927834	0.2874281	0.2848575	0.2823874	0.2810287	0.2804712	0.2768506	0.2702101	0.2617914	0.2507446	0.2427767	0.2319951	0.2251485	0.2178885	0.2098337	0.1970919	0.1831575	0.1696556	0.1601252	0.15312	0.1508277	0.1527965	0.1631822	0.1888459	0.2289558	0.2777517	0.325137	0.36531	0.3962256	0.4176898	0.4343345	0.4451233	0.4543357	0.4615202	0.4671943	0.471441	0.4769828	0.4805118	0.4819267	0.4865091	0.4869696	0.4879053	0.4896506	0.4903742	0.4901869	0.490332	0.4904704	0.489359	0.4894447	0.4896691	0.4872535	0.4864827	0.4868541	0.4872923	0.4875755	0.4875664	0.486277	0.4867054	0.4871365	0.487173
Barely	16/05/2025 08:19:13	31.0	 -Fe +N	0.2077093	0.2108793	0.212966	0.2140196	0.2154174	0.217395	0.2215174	0.2237556	0.2280459	0.2296801	0.230434	0.2312942	0.2335004	0.2353801	0.2380317	0.2418833	0.249323	0.2580124	0.2710435	0.2845239	0.3006858	0.3180771	0.3349878	0.3512754	0.3675635	0.381905	0.3928648	0.4012618	0.4067681	0.4123443	0.4176699	0.4218761	0.4239659	0.4262214	0.4290466	0.4294947	0.4304042	0.4308725	0.4312176	0.4302216	0.4292796	0.4273466	0.4252945	0.4231011	0.4217038	0.4203216	0.4196066	0.4174297	0.4158577	0.4159085	0.414937	0.4140486	0.4143695	0.4121687	0.4100601	0.4075166	0.4046617	0.4038103	0.3993288	0.3984259	0.397499	0.3971658	0.3969164	0.3964112	0.3947904	0.3925311	0.3896768	0.3878088	0.3826899	0.3775846	0.3704739	0.3614315	0.3497199	0.3348366	0.3213961	0.3090377	0.3015971	0.2970122	0.2997301	0.309303	0.3321631	0.3609391	0.3884775	0.410676	0.4244157	0.4349818	0.4420561	0.4455069	0.4486301	0.4502402	0.4509943	0.4530345	0.4541295	0.4547168	0.4561633	0.455568	0.4564984	0.4567138	0.4578687	0.4559683	0.4570493	0.4563659	0.4588382	0.4564853	0.4566405	0.4571108	0.4558428	0.4544909	0.4567985	0.4555755	0.4548153	0.4559558	0.4559021	0.4562007	0.4559415	0.4575545	0.4559944
Barely	16/05/2025 08:19:40	32.0	 -Fe +N	0.2188693	0.2202928	0.2220726	0.2242018	0.224387	0.227171	0.2302992	0.2327331	0.2343496	0.2379674	0.2388473	0.2409591	0.2419745	0.2447547	0.2489477	0.2525957	0.2624591	0.2729801	0.2870121	0.3036301	0.3215875	0.3404261	0.3590608	0.3781146	0.395521	0.4094448	0.4219951	0.4319626	0.4375533	0.4444378	0.4489284	0.4533434	0.4558008	0.4588182	0.4611412	0.4621655	0.4630721	0.4643899	0.4637934	0.4631771	0.4617011	0.4601288	0.4585642	0.4559257	0.454918	0.4538109	0.4527707	0.4502155	0.449846	0.4484632	0.4484842	0.4478872	0.4472391	0.4455988	0.4439568	0.4423528	0.4395741	0.4383527	0.4350539	0.4343964	0.4332014	0.4320793	0.4319172	0.4306626	0.4282134	0.4245442	0.4197224	0.4157116	0.4094196	0.4043527	0.3995103	0.3918719	0.3803618	0.3673672	0.3524178	0.3403758	0.3323945	0.3301071	0.3338531	0.3455908	0.371435	0.402091	0.4307289	0.4526894	0.4665937	0.476089	0.4817702	0.4858511	0.487643	0.4892777	0.4903757	0.4926441	0.4927226	0.4927768	0.4947344	0.4943333	0.4951427	0.4944735	0.4954785	0.4956759	0.4960889	0.4941634	0.4951358	0.496346	0.4953956	0.4950281	0.4955782	0.4943268	0.4932049	0.4934813	0.4932749	0.4937437	0.4934881	0.4945107	0.4936218	0.4961175	0.4958725
Barely	16/05/2025 08:19:52	33.0	 -Fe +N	0.1814978	0.1847106	0.1864396	0.1886029	0.1906824	0.1910324	0.1949406	0.1982456	0.1993163	0.1992087	0.2008959	0.2009799	0.2014545	0.2044886	0.2073745	0.2099005	0.217719	0.2252966	0.2351449	0.246696	0.2577515	0.2707968	0.2825493	0.2949944	0.3053639	0.3143093	0.3221076	0.327189	0.330878	0.3350106	0.3378948	0.3400455	0.3417814	0.3429552	0.3449959	0.3455802	0.3463045	0.3468798	0.3459961	0.3461965	0.3453687	0.3449504	0.3435205	0.3422943	0.3417447	0.3402394	0.3397176	0.3385803	0.3386439	0.3383312	0.3380548	0.337433	0.3372591	0.3366615	0.3348326	0.3331545	0.3324759	0.3309604	0.3288215	0.3285105	0.3274232	0.3275544	0.3269885	0.3269622	0.3266449	0.3250614	0.323737	0.3224665	0.3195248	0.3155931	0.3128043	0.3065532	0.2985698	0.2899793	0.2791436	0.2720369	0.2669308	0.2651365	0.2672028	0.2744369	0.2886024	0.3062613	0.3237121	0.3354356	0.344932	0.3502878	0.3542789	0.3566917	0.3575788	0.3588166	0.3596463	0.3600784	0.3608593	0.3618074	0.3617833	0.3622821	0.3625876	0.3630817	0.3632277	0.3629268	0.3641164	0.3643802	0.3642053	0.363855	0.3631716	0.3640572	0.3638519	0.3632764	0.3625064	0.3621252	0.3639626	0.364164	0.36403	0.364557	0.3646511	0.3651097	0.3656972
Barely	16/05/2025 08:20:02	34.0	 -Fe +N	0.1781938	0.1823991	0.1841769	0.1838523	0.185018	0.1868254	0.1870033	0.1875241	0.1886875	0.1887877	0.1899894	0.1895166	0.191584	0.1928847	0.1958789	0.199334	0.2047526	0.211193	0.2205389	0.2312162	0.24389	0.2577806	0.272405	0.2873105	0.3015001	0.3135259	0.3255377	0.3342701	0.3397158	0.3463996	0.3498411	0.3531993	0.3548417	0.3577886	0.3587639	0.3605555	0.3610107	0.3602315	0.357942	0.3554648	0.3511644	0.3464208	0.3405914	0.3355465	0.3324912	0.3283005	0.3253148	0.3217263	0.3197638	0.3184277	0.3169595	0.3148191	0.3143937	0.3122814	0.3098719	0.3048251	0.3010769	0.2975413	0.2942055	0.2918221	0.2905126	0.2900861	0.2889378	0.2882703	0.2839246	0.2776882	0.2709926	0.2657554	0.2586569	0.2533654	0.2484229	0.2427422	0.2349545	0.226722	0.2182399	0.2127234	0.2096075	0.209565	0.2122935	0.218438	0.2350679	0.2594583	0.2918842	0.3281354	0.3605341	0.3898607	0.4123867	0.4286606	0.4416649	0.452917	0.4614992	0.4702517	0.4771056	0.4821782	0.488056	0.4926161	0.49655	0.4991092	0.5022933	0.5031599	0.5032458	0.5048979	0.5066995	0.5048913	0.5054264	0.5058692	0.5050208	0.5039182	0.5035841	0.5038145	0.5025635	0.5035391	0.5032935	0.5037642	0.5031929	0.5040069	0.505715
Barely	16/05/2025 08:20:13	35.0	 -Fe +N	0.2207048	0.2226724	0.2242541	0.2270262	0.2284979	0.2297152	0.2323198	0.2343014	0.2370056	0.2378647	0.2387832	0.2404674	0.2406816	0.2432673	0.2461309	0.2483548	0.2523888	0.2578022	0.2642288	0.2699972	0.2769388	0.2836727	0.2901858	0.2968314	0.3024016	0.3071508	0.3101568	0.3133151	0.3151591	0.3178651	0.319481	0.3201559	0.321794	0.3232421	0.323695	0.3244433	0.325229	0.3261513	0.3267324	0.3264917	0.3268523	0.3255523	0.3256253	0.3249223	0.3248385	0.3248631	0.3242663	0.323698	0.3236381	0.3233974	0.3237288	0.3239263	0.3242288	0.3231151	0.3231163	0.3214934	0.3206927	0.3204683	0.3194493	0.3190228	0.3185429	0.3180449	0.3182635	0.3177088	0.3176926	0.3172443	0.3150055	0.3145428	0.3120189	0.3109911	0.3079361	0.3050515	0.3001202	0.2934668	0.2876049	0.2826159	0.2794045	0.2786955	0.2796168	0.2842279	0.2942978	0.3080658	0.3204688	0.3304602	0.3367416	0.3410865	0.3443427	0.3458782	0.3466852	0.3477286	0.348269	0.3489798	0.3487397	0.3504446	0.3505187	0.3509917	0.3519846	0.3518873	0.3521882	0.3516357	0.3523315	0.3525168	0.3517503	0.3528728	0.3531829	0.3524358	0.3516894	0.3513809	0.3510759	0.351346	0.3512108	0.35068	0.3514588	0.3523406	0.3531043	0.3518931	0.3519177
Barely	16/05/2025 08:20:20	36.0	 -Fe +N	0.1898678	0.1922457	0.1934253	0.1937187	0.1954081	0.1971653	0.1997292	0.2018629	0.2051284	0.2067953	0.2083179	0.2097638	0.210672	0.2118298	0.2164588	0.2208786	0.2270398	0.2365924	0.2481118	0.2619798	0.2779966	0.2958046	0.3135369	0.3303646	0.3470985	0.360682	0.373056	0.3821043	0.3869988	0.3944205	0.3977715	0.4020797	0.4043371	0.4069806	0.4081964	0.4101962	0.4109521	0.4112182	0.4114529	0.4099311	0.4086043	0.406669	0.4036517	0.4011587	0.3997287	0.3976823	0.3953884	0.3944261	0.3928805	0.3914526	0.3909676	0.3905016	0.3895899	0.3883864	0.3865299	0.3825827	0.3800585	0.3771385	0.3742447	0.3731467	0.3726402	0.3711669	0.3706947	0.3693093	0.3669253	0.3637723	0.3589598	0.3553216	0.3496451	0.3435852	0.3376062	0.3289487	0.3165787	0.3017648	0.2867448	0.2744287	0.2666522	0.2635908	0.2664012	0.2772159	0.3010141	0.3320142	0.3629639	0.3898119	0.407003	0.4195201	0.4263814	0.4321488	0.435157	0.4384571	0.4387433	0.4413182	0.441593	0.4437729	0.4451447	0.4440199	0.4460757	0.4469424	0.4478871	0.4475247	0.4471678	0.4464909	0.4481718	0.446453	0.4471874	0.4474393	0.4483135	0.447133	0.4471447	0.4465066	0.4461998	0.4472707	0.4473179	0.4468898	0.4472148	0.4484297	0.4476124
Barely	16/05/2025 08:20:30	37.0	 -Fe +N	0.1982379	0.19852	0.2031975	0.2049617	0.2038609	0.2074962	0.2096174	0.211322	0.2146575	0.2152774	0.2183082	0.2194426	0.2215277	0.2224161	0.226692	0.2319266	0.2393107	0.2501823	0.2649484	0.2813803	0.2987525	0.320366	0.34174	0.362477	0.3831028	0.4014445	0.4169555	0.428815	0.4354487	0.4433202	0.4500386	0.4534853	0.4575598	0.459568	0.4622903	0.4643052	0.465015	0.4655091	0.4652343	0.4630929	0.4613269	0.458653	0.4544496	0.4519915	0.4499822	0.4467436	0.4442795	0.4417932	0.4396143	0.4388835	0.4381095	0.436364	0.4355991	0.4333394	0.4310686	0.4274236	0.4229729	0.4195258	0.4162068	0.4137082	0.411635	0.4111883	0.4101362	0.4083608	0.4056565	0.4005855	0.3945383	0.389054	0.3811027	0.3736564	0.365548	0.3543617	0.3388741	0.3203451	0.3019524	0.2873688	0.2772378	0.273538	0.2771728	0.2898504	0.3201283	0.3605997	0.4021773	0.4354585	0.4586131	0.4754664	0.4858952	0.4932111	0.4970671	0.501052	0.5026908	0.5057287	0.506473	0.5085325	0.5100274	0.5099167	0.5123797	0.5120253	0.5134876	0.5124418	0.5124956	0.5129245	0.513027	0.5131504	0.5134479	0.5126485	0.5127049	0.5123759	0.5120622	0.5120825	0.5108282	0.5120926	0.5136749	0.5124462	0.5123009	0.5133956	0.512573
Barely	16/05/2025 08:20:40	38.0	 -Fe +N	0.2429515	0.2447743	0.2484657	0.2492374	0.2504569	0.2527571	0.2545719	0.2557493	0.2562684	0.2570916	0.2591513	0.2596155	0.2606893	0.2643519	0.2673899	0.2706471	0.2763839	0.282557	0.2905259	0.3005077	0.3097687	0.3198192	0.3289692	0.3381581	0.3458447	0.3520671	0.358212	0.3618955	0.3638325	0.3670213	0.369013	0.3706226	0.3721766	0.3724235	0.3741252	0.3745037	0.3744693	0.3742435	0.3736883	0.3735117	0.3720548	0.371561	0.3694669	0.3683286	0.3673996	0.3662604	0.3648421	0.3643247	0.3627489	0.362378	0.3622782	0.3617015	0.3613004	0.359797	0.3593116	0.3570762	0.3548802	0.3539778	0.3514063	0.3507113	0.3503791	0.3492216	0.3490593	0.3476287	0.3466335	0.3447791	0.3418559	0.3389082	0.3354223	0.331944	0.327841	0.3221774	0.3149972	0.3061243	0.296359	0.2886055	0.2829949	0.2823562	0.2838203	0.290949	0.3075015	0.32814	0.3491809	0.364801	0.3759677	0.3828965	0.387492	0.3911429	0.3924246	0.3941766	0.3943226	0.3973199	0.3980423	0.3977887	0.3988647	0.3991586	0.3992324	0.399679	0.4012247	0.4012141	0.400677	0.3997621	0.4006339	0.4006895	0.4005151	0.3994146	0.3998611	0.3993331	0.3987928	0.3986403	0.3978365	0.3990376	0.398887	0.3973652	0.3985885	0.4008528	0.3995428
Barely	16/05/2025 08:20:47	39.0	 -Fe +N	0.1970631	0.2012356	0.2037561	0.2057491	0.2079321	0.2087501	0.2121324	0.2139948	0.2167182	0.2178656	0.2194662	0.2203647	0.2217646	0.2241917	0.228295	0.2336392	0.243662	0.2558803	0.269571	0.2859006	0.3037864	0.3233717	0.3425416	0.3604929	0.3764795	0.3898885	0.4014164	0.4103368	0.4143909	0.4212789	0.4242154	0.4279457	0.4304863	0.4317458	0.4340567	0.4349087	0.4350567	0.4354283	0.4343111	0.4330893	0.4322976	0.429181	0.4267747	0.4239935	0.4225733	0.4202245	0.4188571	0.417036	0.4161301	0.4151612	0.4149276	0.4134499	0.4126793	0.4107606	0.4085733	0.4059402	0.4024776	0.3999273	0.3963566	0.3946336	0.3942671	0.3929947	0.3924767	0.3914458	0.3900823	0.3866076	0.3833998	0.3790078	0.3734294	0.3672384	0.3597292	0.3496748	0.3368589	0.3206157	0.3049321	0.2927349	0.284914	0.2811562	0.2851809	0.296927	0.3237063	0.357388	0.3890329	0.4140084	0.4300092	0.4422847	0.4484429	0.4540638	0.4560914	0.4584531	0.4606111	0.4624569	0.4620517	0.4642783	0.4650932	0.4646261	0.4670074	0.4669294	0.4683189	0.4672324	0.4663315	0.4666117	0.4674834	0.4673034	0.4673248	0.4661648	0.4670776	0.466101	0.4654296	0.4641029	0.4654058	0.4652584	0.4663395	0.4651412	0.4650768	0.4663031	0.4659639
Barely	16/05/2025 08:21:05	40.0	 -Fe +N	0.2360499	0.2395197	0.2395948	0.2417582	0.2426503	0.2466324	0.2480226	0.2503146	0.253218	0.2553013	0.2568503	0.2574077	0.2595851	0.2617075	0.2646485	0.2700548	0.2779538	0.2868188	0.2988585	0.312968	0.3288101	0.3439436	0.3600196	0.3765951	0.3906568	0.4038957	0.4143601	0.4233455	0.4290193	0.4340928	0.4396277	0.4425835	0.4460119	0.4483068	0.4509262	0.4521558	0.4536016	0.4544466	0.4542595	0.4531614	0.4529542	0.4503649	0.448221	0.4453788	0.4442511	0.4430768	0.4416607	0.4404459	0.4388694	0.4379889	0.4379288	0.4370242	0.436858	0.4352986	0.4339578	0.4310269	0.4285157	0.4274403	0.4234877	0.4223467	0.4222974	0.4214263	0.4206535	0.4189426	0.4172507	0.4131308	0.4080585	0.4040241	0.3969896	0.3922237	0.3853666	0.3776492	0.366977	0.3536274	0.3397329	0.3288463	0.3208803	0.3187327	0.3206588	0.3316315	0.3579147	0.3906911	0.4242164	0.4521809	0.4704408	0.4831232	0.4915016	0.4955374	0.5002467	0.5035392	0.504407	0.5064776	0.5070554	0.5081585	0.509813	0.5096591	0.5109093	0.5112475	0.5122735	0.5117518	0.5123061	0.5118266	0.5115444	0.5120619	0.5127959	0.5108922	0.5121861	0.5106068	0.5115157	0.5101562	0.5108069	0.5117024	0.5101553	0.5106462	0.5117314	0.5115788	0.511049
Barely	16/05/2025 08:21:29	41.0	 -Fe +N	0.1712188	0.1742778	0.1771335	0.1773968	0.178744	0.1792291	0.1812043	0.1817174	0.1844332	0.1848466	0.1861544	0.1866507	0.1880366	0.1909251	0.1954416	0.2009831	0.2097366	0.22025	0.2343841	0.249839	0.2668709	0.2841495	0.3014701	0.3177965	0.3331148	0.3444885	0.3557935	0.3626691	0.3663898	0.3713638	0.374717	0.3772735	0.3785489	0.3808582	0.3820252	0.3833801	0.3838103	0.3842215	0.3826084	0.3808599	0.3787287	0.3747405	0.3706112	0.367828	0.3652245	0.3623086	0.3600644	0.3571099	0.3552041	0.35377	0.3525705	0.3512982	0.3502837	0.3485483	0.3460559	0.3426443	0.339166	0.3353993	0.3325307	0.3307425	0.3292959	0.3285358	0.3278711	0.3253728	0.3206925	0.3144133	0.3056967	0.3010442	0.2922002	0.2860492	0.280628	0.2729998	0.2625544	0.2489703	0.234342	0.2227095	0.2156122	0.2128242	0.2155115	0.2270979	0.2542347	0.2917852	0.3305339	0.3627959	0.385333	0.4009711	0.4111659	0.4169823	0.4214049	0.4246805	0.426414	0.4294931	0.4310537	0.433109	0.4336859	0.4338456	0.4350087	0.4354603	0.4382199	0.4362988	0.4369995	0.4352707	0.4388093	0.436754	0.4370854	0.4364587	0.4357363	0.4351351	0.4348475	0.4336445	0.4342302	0.4345078	0.4352478	0.4339048	0.4348116	0.4359534	0.4352934
Barely	16/05/2025 08:21:43	42.0	 -Fe +N	0.2237885	0.2282229	0.2303256	0.2311513	0.2318405	0.2342603	0.2367032	0.2357635	0.2380827	0.2387755	0.2395634	0.2397986	0.2426922	0.245546	0.2490267	0.2529168	0.2596656	0.2664436	0.2762204	0.2857819	0.2963085	0.3070259	0.3160672	0.3251192	0.3320422	0.3393014	0.3438817	0.3475145	0.3496166	0.3525701	0.3539921	0.3555331	0.3559102	0.3564163	0.3577659	0.3585144	0.3593615	0.3589942	0.3585178	0.3581533	0.3574586	0.3557806	0.3541216	0.352985	0.3517384	0.350741	0.3494814	0.3489132	0.3483698	0.3479057	0.3474546	0.3461643	0.3459122	0.3452657	0.3443442	0.3430061	0.34079	0.3400268	0.3381209	0.337901	0.3375721	0.3371679	0.3367314	0.3361931	0.3339576	0.3297352	0.3254122	0.3228061	0.3177378	0.3138918	0.3105862	0.3066308	0.2988761	0.2908812	0.2812157	0.2741527	0.2694379	0.2684762	0.2710414	0.2787992	0.298125	0.3212572	0.342463	0.3589792	0.3702438	0.3760104	0.3802322	0.3829489	0.3844935	0.3850782	0.3860281	0.3881405	0.3874286	0.3877395	0.3886444	0.3887696	0.3894644	0.3891956	0.390697	0.3899207	0.390352	0.3901124	0.3897934	0.390571	0.3894275	0.3888385	0.3897722	0.3889763	0.3885744	0.3873028	0.3888882	0.3878148	0.3883838	0.389579	0.3894805	0.3899791	0.3899543
Barely	16/05/2025 08:21:55	43.0	 -Fe +N	0.213069	0.2148385	0.2181698	0.220232	0.2207258	0.2218585	0.2245717	0.2241833	0.2269506	0.2277767	0.2283899	0.2287812	0.2306384	0.2321826	0.2357737	0.2392073	0.2444178	0.2516973	0.259182	0.2683786	0.2764281	0.2857218	0.2941418	0.3016957	0.3070517	0.3128627	0.3170473	0.3197962	0.3217649	0.323001	0.3255605	0.3267996	0.3278411	0.3281909	0.3287497	0.3293443	0.3291767	0.3294984	0.3293527	0.3283595	0.3280995	0.3275895	0.3264023	0.3249787	0.3247423	0.3238432	0.3226083	0.322207	0.3215988	0.32178	0.3211831	0.3209734	0.3201779	0.3189685	0.3179771	0.317578	0.3155111	0.3149342	0.3125761	0.3121511	0.3127133	0.3116478	0.3116698	0.3106097	0.3106835	0.3078818	0.3049319	0.3032798	0.2996233	0.2968008	0.2935619	0.2896314	0.2830016	0.2757283	0.2675693	0.2610287	0.2566237	0.2557947	0.2579424	0.2645814	0.2799124	0.2974388	0.3160361	0.3284804	0.3368893	0.342101	0.344994	0.3474609	0.3485099	0.3495471	0.3496861	0.3505321	0.3499022	0.3523405	0.3522627	0.3525801	0.3527476	0.3526746	0.3541313	0.3526897	0.353259	0.354408	0.3537106	0.3525124	0.3531646	0.3533581	0.353687	0.3521812	0.3519097	0.3522253	0.352604	0.3524315	0.3529993	0.3536093	0.3536776	0.3546122	0.3556007
Barely	16/05/2025 08:22:06	44.0	 -Fe +N	0.2150514	0.2178319	0.21954	0.2219771	0.2244705	0.2272856	0.2287926	0.2313624	0.237183	0.2387682	0.239641	0.2406841	0.241984	0.2448637	0.2494546	0.2543634	0.2640915	0.2743922	0.2886127	0.306078	0.3250894	0.3444184	0.3639828	0.3848113	0.4024205	0.4184742	0.431493	0.4418333	0.4471769	0.4530346	0.4591887	0.462807	0.4656757	0.4682153	0.4707103	0.4714508	0.4721165	0.4723908	0.4718253	0.4709372	0.4701126	0.4680943	0.4649337	0.4624724	0.4613946	0.459188	0.4577446	0.4558315	0.4542437	0.4528489	0.4529867	0.452383	0.4509468	0.4493195	0.4467917	0.4440268	0.4407706	0.4390276	0.4352454	0.433292	0.4315704	0.4306935	0.4305809	0.4290355	0.4273247	0.4250273	0.4202038	0.4180038	0.4123215	0.4058655	0.398214	0.3895088	0.3753148	0.3580169	0.3413066	0.327303	0.3172898	0.3148259	0.3175434	0.3302097	0.3572284	0.3912454	0.4236083	0.4500044	0.4675679	0.4794534	0.4866878	0.4916254	0.4950529	0.4961755	0.4981935	0.5000872	0.5009554	0.5015296	0.5040765	0.5026187	0.5053529	0.5054672	0.506888	0.5066996	0.505563	0.5059833	0.5067271	0.5067813	0.5070939	0.5059719	0.5057573	0.5050728	0.5040938	0.5042905	0.5042171	0.5052513	0.5049398	0.5056567	0.5050821	0.5056228	0.505588
Barely	16/05/2025 08:22:20	45.0	 -Fe +N	0.1618209	0.1635994	0.1654953	0.1654161	0.1657222	0.1660647	0.1680526	0.1673585	0.1710101	0.1708854	0.1716877	0.1739755	0.1738754	0.1760069	0.1805119	0.1835906	0.1931471	0.2015266	0.2157582	0.2306775	0.2489604	0.267607	0.2876842	0.3072973	0.3268223	0.3432788	0.3583442	0.3695238	0.3752452	0.3831877	0.3885969	0.392093	0.3947799	0.3974459	0.4007305	0.4011238	0.4023571	0.4019067	0.4001164	0.3965728	0.3938466	0.3887367	0.383038	0.3779335	0.3748424	0.3716981	0.3672306	0.3641517	0.3619888	0.3597272	0.3587517	0.3570861	0.3552724	0.3528758	0.350029	0.3448992	0.3402225	0.3362922	0.3322986	0.3295032	0.3274836	0.3269923	0.3254075	0.3228015	0.3177684	0.3096987	0.3018751	0.2957806	0.2867687	0.279537	0.2732536	0.2639807	0.2518962	0.2375154	0.2232552	0.2117218	0.2037576	0.2010768	0.2025203	0.2145927	0.242292	0.2817752	0.327032	0.366161	0.3977728	0.4206627	0.4360942	0.4468294	0.453582	0.4590336	0.4639497	0.467958	0.4707488	0.4728016	0.4763567	0.4771615	0.4789586	0.4792297	0.4813112	0.4811238	0.4815607	0.4824254	0.4831339	0.4826229	0.4822564	0.4828452	0.4813404	0.480381	0.4785671	0.4793122	0.4789254	0.4789553	0.4802062	0.4789016	0.4786228	0.4806308	0.47968
Barely	16/05/2025 08:22:29	46.0	 -Fe +N	0.1447137	0.1477154	0.1508821	0.1502144	0.1501682	0.1514097	0.1521527	0.1518801	0.1524047	0.1528601	0.1534923	0.1548386	0.1565322	0.1585069	0.1634372	0.1661168	0.1754415	0.1855641	0.1982732	0.2125639	0.2295178	0.2460035	0.2636719	0.2796507	0.2949342	0.3077129	0.3185534	0.3260871	0.3307134	0.3355737	0.3384995	0.3406038	0.3424302	0.3440273	0.3452241	0.3468348	0.3468227	0.3455224	0.3443653	0.3420205	0.3377362	0.3338725	0.3288757	0.3236765	0.321635	0.3182704	0.3143547	0.3108388	0.3084709	0.3061409	0.3053932	0.3034504	0.3014474	0.2995358	0.2962374	0.2922104	0.2882495	0.2858729	0.2816114	0.2797102	0.2784305	0.2773306	0.2762869	0.2735444	0.268433	0.2603547	0.251696	0.2452387	0.2372595	0.2311774	0.2261558	0.2191543	0.2100714	0.197709	0.1873415	0.1786766	0.1728055	0.171955	0.1753688	0.1863832	0.2101737	0.2457853	0.2849455	0.322469	0.3488295	0.3695127	0.3831474	0.3943685	0.4004096	0.4053108	0.4097436	0.4130491	0.4154638	0.41913	0.4203378	0.4211814	0.4238389	0.423597	0.4259362	0.4258684	0.4262603	0.4252857	0.4258782	0.4266994	0.4259894	0.4251706	0.4249351	0.4238852	0.423061	0.4214574	0.4220091	0.4225868	0.4237405	0.4232811	0.4219726	0.4234655	0.4220853
Barely	16/05/2025 08:22:40	47.0	 -Fe +N	0.2282673	0.2311633	0.2338894	0.2366694	0.2398829	0.2466126	0.248011	0.2524175	0.2548096	0.2543473	0.2534378	0.2547253	0.2565877	0.2593239	0.2656284	0.2710328	0.2810401	0.2924721	0.3079151	0.3214615	0.3375283	0.3540417	0.3675226	0.3811878	0.3930922	0.4026565	0.4104042	0.415726	0.4188794	0.4235438	0.42591	0.4286204	0.4302505	0.4312257	0.4320228	0.4328848	0.432836	0.4332227	0.4332457	0.4328955	0.4323096	0.4317173	0.4285868	0.4283484	0.4274665	0.4265646	0.4257516	0.4244726	0.4237075	0.423278	0.4228761	0.4212182	0.4220929	0.4202675	0.4189022	0.4175062	0.4156047	0.4140857	0.4117212	0.4113071	0.4106382	0.4097592	0.4091916	0.4089415	0.4084761	0.4078721	0.4061963	0.4058069	0.4015887	0.397974	0.3917327	0.3850079	0.3741187	0.3618953	0.350745	0.3403145	0.3319921	0.3311312	0.3323977	0.3423595	0.3591275	0.3806402	0.4007987	0.4171292	0.4270711	0.4341231	0.4385166	0.4414356	0.4435724	0.4452539	0.4449904	0.4461113	0.4468364	0.4478555	0.4475949	0.4478836	0.4485612	0.448552	0.4488566	0.4484102	0.4491658	0.4477659	0.4489367	0.4497167	0.4494341	0.4472169	0.4485584	0.4478846	0.4466386	0.4477713	0.4470371	0.4475984	0.4467918	0.447735	0.4460952	0.4466159	0.4474854
Barely	16/05/2025 08:22:54	48.0	 -Fe +N	0.2451542	0.247158	0.2502083	0.2544405	0.2577878	0.2615231	0.2658786	0.2698388	0.2715697	0.2729516	0.2712157	0.2710688	0.2724131	0.2777724	0.2839132	0.2897668	0.3024645	0.316137	0.3310683	0.3476469	0.3657255	0.3823057	0.3991978	0.4138436	0.4272478	0.438568	0.4467028	0.4536827	0.4565937	0.4604203	0.463922	0.4670124	0.46858	0.4709657	0.4709672	0.4726363	0.4730849	0.4736239	0.4727188	0.471626	0.4720677	0.4702335	0.4690336	0.4665206	0.4655658	0.464571	0.4640487	0.4623408	0.4613787	0.4605727	0.4613782	0.4606494	0.4593843	0.4578774	0.4576718	0.4549353	0.4518733	0.450578	0.4474002	0.4463565	0.4454345	0.4447456	0.4443575	0.444117	0.4432744	0.4435037	0.4414156	0.4391431	0.4343934	0.4299963	0.4239666	0.4153344	0.4039614	0.3902468	0.3760552	0.3649884	0.3570323	0.3548761	0.3568603	0.3660775	0.3864989	0.4121629	0.436137	0.4538963	0.4661119	0.4757699	0.4798638	0.4831989	0.4858925	0.486127	0.4878782	0.4892227	0.4893656	0.4906808	0.4909845	0.4904267	0.4922431	0.4914207	0.4927796	0.4921834	0.4917599	0.4918833	0.4906436	0.4924203	0.4917059	0.4918846	0.4905091	0.4897168	0.4892335	0.4904755	0.4878338	0.4903232	0.48898	0.4894525	0.4883196	0.4903333	0.4879985
Barely	16/05/2025 08:23:13	49.0	 -Fe +N	0.1764317	0.1788962	0.1800387	0.1812286	0.1827261	0.1833611	0.1849022	0.1867033	0.1858679	0.1881661	0.190183	0.1903172	0.1916038	0.1950092	0.1990917	0.2037939	0.2140286	0.2242941	0.2386123	0.255288	0.2735464	0.2945704	0.3157061	0.336257	0.355311	0.3729462	0.3881117	0.3986421	0.4044539	0.4121752	0.4168173	0.421302	0.4238654	0.4267281	0.4294078	0.4309537	0.4306901	0.4305239	0.4295723	0.4263648	0.4228359	0.4186051	0.4142745	0.4079883	0.4056551	0.4017392	0.3982388	0.3941329	0.3918794	0.3899544	0.388827	0.3872205	0.3859298	0.3827499	0.3798383	0.375917	0.3707272	0.3675849	0.3620846	0.3601664	0.3582626	0.3569361	0.3546149	0.3511823	0.3461734	0.3395171	0.33002	0.3231174	0.3137762	0.3068557	0.2993231	0.2908787	0.2773324	0.2624696	0.2463868	0.2332578	0.2242479	0.2211384	0.2240708	0.2365657	0.2656747	0.3062402	0.352975	0.3932654	0.4245833	0.4475747	0.4641159	0.4741515	0.4812325	0.4865458	0.4907764	0.4951858	0.4981584	0.5007434	0.5033507	0.5046364	0.5065236	0.5083495	0.5090409	0.5093673	0.5093585	0.5093493	0.5101964	0.5095108	0.5101988	0.5093398	0.5094363	0.5070112	0.5062822	0.5063616	0.5066047	0.5067419	0.5063765	0.5074369	0.5056124	0.5084118	0.507747
Barely	16/05/2025 08:23:25	50.0	 -Fe +N	0.1573421	0.1595108	0.1613795	0.1623934	0.1619191	0.1643086	0.1654965	0.1663946	0.1668491	0.1665109	0.1693453	0.1690555	0.1707877	0.1738228	0.1775983	0.1821389	0.1898896	0.1996508	0.2128562	0.228512	0.24389	0.2620505	0.279961	0.2974543	0.3140803	0.327665	0.3396638	0.3490189	0.3534702	0.3601758	0.3634554	0.3665387	0.3693876	0.3706488	0.37328	0.3742538	0.3744167	0.3741233	0.3724793	0.3697949	0.3667632	0.36288	0.3574978	0.3532004	0.3498423	0.3472769	0.3436333	0.340652	0.3379819	0.3361277	0.3347802	0.3332547	0.3318205	0.3293357	0.3261818	0.3229834	0.3182309	0.3151739	0.311477	0.3098166	0.308243	0.3072566	0.3057203	0.3023651	0.2980862	0.2909477	0.2814819	0.2752639	0.266433	0.2605583	0.2545297	0.2473772	0.2366932	0.2237155	0.2120851	0.2023285	0.1960815	0.1946772	0.1973639	0.2086794	0.2343174	0.2713306	0.3127711	0.3494255	0.3776475	0.3988792	0.4119913	0.4217503	0.4285017	0.433949	0.43766	0.4408913	0.4433403	0.445411	0.4485962	0.4499871	0.4517857	0.4531165	0.4539056	0.454213	0.4547015	0.4544715	0.4536405	0.4544452	0.4543157	0.4528676	0.4537451	0.4525999	0.4515267	0.4517805	0.4502593	0.4517313	0.4514553	0.4516122	0.451963	0.4521647	0.4522479
Barely	16/05/2025 08:23:37	51.0	 -Fe +N	0.2426579	0.2458508	0.249117	0.2534001	0.2565281	0.261571	0.2664033	0.2700868	0.2715559	0.2716489	0.2704419	0.2693643	0.2708756	0.2753919	0.2843171	0.2890226	0.3012589	0.3153042	0.3306244	0.3480108	0.36423	0.3821935	0.3980721	0.4117047	0.42385	0.4343178	0.4427347	0.4477468	0.4513645	0.4560998	0.45868	0.4609672	0.4633121	0.4642726	0.4652178	0.4669038	0.4668221	0.4667913	0.4666738	0.4656608	0.4661889	0.4641222	0.4624228	0.4612843	0.4601918	0.4591392	0.4583966	0.4573433	0.4565915	0.4556574	0.4555117	0.4558487	0.4549528	0.4533657	0.4512165	0.4486746	0.4466598	0.4458781	0.4428398	0.4417932	0.4417495	0.440246	0.4403729	0.4403132	0.4392629	0.4385664	0.4375182	0.4365962	0.4325886	0.4280582	0.4228143	0.4143719	0.4025882	0.3893449	0.376328	0.3656017	0.3582394	0.3552913	0.3574362	0.3667884	0.3853037	0.408857	0.4308531	0.4483011	0.4596578	0.4680518	0.4721166	0.4748487	0.4781885	0.4792923	0.4800655	0.48059	0.4806731	0.4826657	0.4829418	0.483558	0.4841258	0.4844562	0.484082	0.4838342	0.483866	0.4834966	0.4839693	0.484096	0.4842524	0.4831384	0.4838055	0.4823173	0.4827694	0.4813405	0.4819349	0.4822124	0.481543	0.4823033	0.4814426	0.4837596	0.482855
Barely	16/05/2025 08:23:56	52.0	 -Fe +N	0.1731278	0.1781075	0.1795688	0.1812954	0.1820252	0.1824518	0.1838654	0.1844767	0.1866106	0.1867191	0.1886048	0.1879732	0.1905628	0.1937968	0.1994543	0.2047815	0.2153184	0.2273954	0.2437522	0.2622097	0.2821551	0.303513	0.3249813	0.3454897	0.3646262	0.3808719	0.3948546	0.4049255	0.4100965	0.4167302	0.4216232	0.4257735	0.4282292	0.4302589	0.4319476	0.4336543	0.433921	0.4327907	0.431404	0.4289398	0.4261921	0.4213429	0.4164095	0.410751	0.407736	0.4041589	0.3999461	0.3962616	0.39383	0.3924806	0.3905417	0.3892276	0.3882416	0.3854538	0.3816963	0.3774265	0.3724544	0.3689512	0.3631727	0.3609613	0.358474	0.3579786	0.3567354	0.3528956	0.3479343	0.3397308	0.3297686	0.3235419	0.3130786	0.3051572	0.2985165	0.2890935	0.2754658	0.2591624	0.2434267	0.2306412	0.222236	0.2214923	0.2254537	0.2393447	0.2717089	0.3161805	0.3641473	0.4051665	0.4360208	0.4581567	0.4723555	0.4828888	0.4900275	0.494889	0.4981373	0.5029474	0.5047992	0.5084495	0.5104428	0.510346	0.5130254	0.5142969	0.5165099	0.5153904	0.5151463	0.5154336	0.5159968	0.51588	0.5162606	0.5145728	0.5145651	0.5141367	0.5139286	0.5131867	0.5114316	0.5121835	0.5118758	0.5127494	0.5130314	0.5145128	0.513716
Barely	16/05/2025 08:24:05	53.0	 -Fe +N	0.228928	0.2314666	0.2319375	0.2343952	0.2360155	0.2388473	0.2417764	0.2453967	0.2493824	0.2516215	0.2518945	0.2536289	0.2554404	0.2563991	0.2624784	0.2658075	0.2742837	0.2841023	0.2978966	0.3138586	0.3309258	0.3508053	0.3693407	0.387893	0.404582	0.4190137	0.4313566	0.4406477	0.4463127	0.4526545	0.4580863	0.4611652	0.4653705	0.4666696	0.4685259	0.4700281	0.4712991	0.4715876	0.4713408	0.470514	0.4697001	0.4680008	0.4663705	0.4634103	0.4623395	0.4607661	0.4599892	0.4588068	0.4577083	0.4571976	0.4570451	0.4556136	0.4551319	0.4540161	0.4515989	0.4488818	0.4460259	0.444593	0.4405801	0.4401714	0.4383363	0.4381627	0.4370084	0.4361188	0.4357844	0.4347442	0.431521	0.4295781	0.424118	0.4201746	0.412617	0.4030431	0.389618	0.374192	0.3582469	0.3464166	0.3374706	0.3345035	0.3372956	0.3472711	0.3717661	0.4013689	0.4291131	0.4513112	0.4657469	0.4764592	0.4829323	0.4861809	0.4886966	0.4897527	0.4913001	0.4917823	0.4940614	0.4944702	0.4952015	0.4945909	0.4967049	0.4967232	0.4976779	0.4967862	0.4971673	0.4974315	0.4971455	0.4978379	0.4982267	0.4967958	0.4973326	0.4961025	0.4961166	0.4961899	0.4964782	0.4963177	0.4952156	0.4955921	0.495888	0.4979944	0.496317
Barely	16/05/2025 08:24:17	54.0	 -Fe +N	0.1878855	0.1894598	0.1914116	0.1949586	0.1988369	0.2027647	0.2070661	0.2086852	0.2105711	0.2095035	0.2074962	0.2061395	0.2081055	0.2121436	0.2181335	0.2234605	0.2330472	0.2440636	0.2567852	0.2689486	0.2821916	0.2942915	0.3067847	0.3170738	0.3250655	0.3327202	0.3378787	0.3419411	0.3441239	0.3473361	0.3490356	0.3512649	0.3525327	0.3527294	0.3538383	0.3547873	0.3547273	0.3556164	0.354791	0.3552194	0.3548712	0.3542979	0.353089	0.3523417	0.3515986	0.3510271	0.3503447	0.3500043	0.3493584	0.3496706	0.3495172	0.3493771	0.3483975	0.3475065	0.3478259	0.3462656	0.3435687	0.3447321	0.3416656	0.3418571	0.3411665	0.3399574	0.340319	0.3408027	0.3415339	0.3415077	0.3408782	0.3400402	0.338101	0.3352478	0.3320755	0.3257382	0.3175954	0.3086798	0.2992406	0.2918558	0.2864306	0.2867704	0.2890499	0.2958284	0.3081365	0.3237626	0.3382279	0.3488565	0.3561609	0.3605549	0.3628056	0.3643914	0.3664022	0.3659173	0.3667474	0.367643	0.3671486	0.3683231	0.3699583	0.3682923	0.3701628	0.369789	0.3691476	0.3697365	0.3700929	0.3692585	0.3708158	0.3701327	0.3712058	0.3711258	0.3696759	0.370078	0.369438	0.3684388	0.3693126	0.3700429	0.3702469	0.3702232	0.3697883	0.3711336	0.3728092
Barely	16/05/2025 08:24:31	55.0	 -Fe +N	0.2328194	0.2361926	0.2378525	0.2401973	0.241586	0.2433693	0.2470183	0.2507245	0.2539883	0.256114	0.2575199	0.2586778	0.2593586	0.2617449	0.2656378	0.2687073	0.2766028	0.2871651	0.3004937	0.3156257	0.3314365	0.3487592	0.3669487	0.3837356	0.3995768	0.4126317	0.4247128	0.4327782	0.4373221	0.4432309	0.4482531	0.4516536	0.4543308	0.4557792	0.4575784	0.4589769	0.4596026	0.4604496	0.4591175	0.4593763	0.458506	0.4569489	0.4541354	0.452595	0.4519767	0.4509284	0.4489214	0.4480489	0.4470081	0.44626	0.4471535	0.4461495	0.4454384	0.4438702	0.4419094	0.4397871	0.4365104	0.4360088	0.4325355	0.4324931	0.430483	0.4298295	0.429583	0.4290215	0.4289403	0.4272385	0.4256584	0.4231825	0.4186874	0.4138466	0.4079793	0.3983001	0.3854099	0.3706744	0.3553015	0.3427063	0.3354278	0.3325412	0.3351553	0.3452031	0.3666861	0.3937729	0.4202838	0.4411603	0.455322	0.4648094	0.4716518	0.4752577	0.4774349	0.4783641	0.4804996	0.4822948	0.4829292	0.4830229	0.4842013	0.4836868	0.4854679	0.4862124	0.4868289	0.4869964	0.4866551	0.4873129	0.4878278	0.4871108	0.4876872	0.487433	0.4876732	0.4855173	0.485176	0.4851006	0.4851857	0.4850695	0.4858912	0.486331	0.4863833	0.4880729	0.4869825
Barely	16/05/2025 08:24:46	56.0	 -Fe +N	0.1915565	0.1931683	0.1955573	0.1989006	0.1993095	0.1999988	0.200767	0.2033947	0.2043861	0.2049079	0.2070309	0.2085074	0.2095518	0.211697	0.2158954	0.2203272	0.2260018	0.233291	0.2422906	0.2543657	0.2657766	0.2798363	0.2945168	0.3087533	0.3216677	0.3336453	0.3439747	0.3521907	0.3571856	0.3631521	0.3670984	0.3700319	0.3739666	0.3755737	0.3771485	0.3797323	0.3809109	0.3820587	0.3812069	0.3799459	0.3776099	0.3746164	0.3715041	0.3680212	0.3657851	0.3638851	0.3622445	0.3603829	0.3592372	0.3583293	0.3580178	0.3572207	0.3567776	0.3556998	0.3533325	0.3513338	0.3470526	0.3451695	0.3422238	0.3409192	0.3402906	0.3408689	0.3407023	0.3397438	0.3367806	0.3325199	0.3251745	0.3204856	0.3132627	0.3076693	0.3027222	0.2965552	0.2877337	0.2773218	0.2678865	0.2607119	0.2565309	0.2551259	0.2584397	0.2658416	0.2855309	0.3162289	0.3515993	0.3859054	0.4139811	0.4367987	0.4522381	0.4630585	0.4715481	0.4787518	0.4825413	0.4874865	0.4916286	0.4951813	0.4988799	0.5002576	0.5032107	0.5041823	0.5060323	0.5070952	0.5075913	0.5086462	0.5085976	0.5083204	0.5091843	0.509876	0.5103855	0.5083119	0.5083887	0.508187	0.5077713	0.5092061	0.5102759	0.5089528	0.5101408	0.5105885	0.509398
Barely	16/05/2025 08:25:02	57.0	 -Fe +N	0.1914097	0.1937409	0.1966325	0.1983022	0.1988309	0.2016988	0.2027659	0.2030038	0.2056108	0.2063083	0.2057541	0.2081519	0.2095798	0.213347	0.2180655	0.2223999	0.2310071	0.2423591	0.2552463	0.2708636	0.2868607	0.3044638	0.3235989	0.3412096	0.3569979	0.3704885	0.3815377	0.3903228	0.3948146	0.3996359	0.4048935	0.408024	0.4109421	0.4127347	0.4142274	0.4164624	0.4165291	0.4160146	0.4163023	0.4141012	0.4125329	0.4098659	0.405844	0.4022664	0.4004098	0.3980648	0.3969118	0.3934971	0.3919971	0.3907175	0.3900602	0.3890202	0.3876002	0.3860989	0.3834888	0.3798488	0.3755771	0.3737985	0.3699521	0.368516	0.3679282	0.366227	0.3649516	0.3628252	0.3601122	0.3540645	0.3472349	0.3430682	0.3346653	0.328606	0.3212732	0.3136876	0.3010603	0.2865819	0.2720882	0.2601293	0.2527857	0.2495477	0.2532432	0.264646	0.2935872	0.3322078	0.3733918	0.4066222	0.4298313	0.4456504	0.4566079	0.4630315	0.4665537	0.4708864	0.4725978	0.4753525	0.476598	0.4789516	0.4803829	0.481712	0.4832326	0.4825554	0.4855367	0.4847062	0.4835847	0.4858107	0.4852933	0.4849355	0.4853172	0.4843857	0.48553	0.4837098	0.483407	0.4826303	0.4834193	0.4841119	0.4832834	0.4834007	0.4842821	0.4849702	0.4839345
Barely	16/05/2025 08:25:16	58.0	 -Fe +N	0.2169604	0.2199522	0.2196372	0.2231007	0.2251308	0.2269551	0.2290054	0.2329979	0.2353826	0.2384414	0.2406186	0.2429898	0.2444136	0.2468072	0.2507542	0.2550965	0.2619683	0.2716759	0.2843747	0.2994243	0.3153133	0.3327773	0.3513181	0.3687473	0.3835486	0.3976518	0.4096241	0.41923	0.4239018	0.4298424	0.4352175	0.4394072	0.4420548	0.4450302	0.4469539	0.4496456	0.4497161	0.4497726	0.4503798	0.4496227	0.44899	0.447541	0.4456383	0.4434716	0.4430485	0.4418559	0.4398567	0.4387375	0.4382819	0.4371854	0.4368562	0.4367643	0.435284	0.4342707	0.4335154	0.4309978	0.4273437	0.4270185	0.4230197	0.4225348	0.4224182	0.4206427	0.4197508	0.4188076	0.4170384	0.4148634	0.4105514	0.4078445	0.40114	0.3962213	0.3909549	0.3826964	0.3707214	0.3560627	0.3410406	0.3284375	0.3211588	0.3183469	0.3210632	0.3328917	0.3574767	0.3882212	0.4179916	0.4416669	0.4576751	0.4682587	0.4753069	0.4788245	0.4812879	0.482984	0.4844643	0.4861776	0.4867544	0.4872901	0.48948	0.489654	0.490476	0.4910426	0.4919307	0.4914418	0.4925426	0.4917544	0.4914757	0.4929838	0.4937349	0.4925439	0.4937188	0.4921084	0.4914923	0.4909416	0.4908467	0.4906753	0.491157	0.4924207	0.4923844	0.4940804	0.493142
Barely	16/05/2025 08:25:28	59.0	 -Fe +N	0.1629222	0.1657024	0.1691948	0.1681605	0.1675835	0.1685998	0.1689483	0.169782	0.1721335	0.1737687	0.1756188	0.1769346	0.1775133	0.1787822	0.1828944	0.1881786	0.1955264	0.2059823	0.219705	0.2352124	0.2533377	0.2743834	0.2961288	0.3195135	0.3398569	0.3598901	0.3760426	0.3893951	0.3961922	0.4043485	0.4108677	0.4153281	0.4189972	0.4227926	0.4253834	0.4269281	0.4285948	0.4275561	0.4262851	0.4231945	0.4204731	0.4152972	0.4095543	0.4052301	0.4022363	0.3979873	0.3935273	0.3906816	0.3875431	0.3848811	0.3832612	0.3815971	0.3798698	0.3774001	0.3740654	0.3695373	0.3647324	0.3616277	0.3564822	0.3548572	0.3524632	0.3512678	0.3504467	0.346872	0.3406751	0.3311313	0.3206588	0.3123072	0.3013823	0.2930789	0.2862163	0.2781519	0.2650245	0.2490304	0.232674	0.2199498	0.2111242	0.2069569	0.2092107	0.2235112	0.2551776	0.3011728	0.3510534	0.393984	0.4266701	0.449038	0.4636159	0.4741454	0.4811729	0.4849884	0.4889981	0.49289	0.4945493	0.4978689	0.4991415	0.5006439	0.5016897	0.5027637	0.5042611	0.503915	0.5051841	0.5041722	0.505008	0.5041361	0.504715	0.5047084	0.5048784	0.5031852	0.5026139	0.5018581	0.5024029	0.5028268	0.5021799	0.5023717	0.5027689	0.5029152	0.502286
Barely	16/05/2025 08:25:43	60.0	 -Fe +N	0.1580764	0.1609423	0.1637987	0.1649583	0.1662386	0.1685272	0.1695308	0.1685873	0.1695075	0.1698579	0.1700507	0.170704	0.1713792	0.1754912	0.1800546	0.1851149	0.1932577	0.2051335	0.2180436	0.2337398	0.2507478	0.2693543	0.2894977	0.3078901	0.3251686	0.3403161	0.3545828	0.363218	0.3683601	0.3760139	0.3800396	0.3828274	0.3854333	0.3871644	0.3898495	0.3911911	0.391154	0.3906629	0.3887395	0.385614	0.3817587	0.3756354	0.3695863	0.3643401	0.3609338	0.3558725	0.3516949	0.3479552	0.3457356	0.3437709	0.3422383	0.3413734	0.3397905	0.3368913	0.3329878	0.3281374	0.3234444	0.3192238	0.3134193	0.312631	0.3106292	0.3098708	0.3080873	0.3058961	0.300851	0.2942295	0.2846058	0.2777825	0.2682879	0.2615326	0.2560853	0.2484788	0.2369108	0.2244671	0.2120656	0.2041274	0.1993933	0.1996294	0.2048665	0.2164345	0.2411682	0.2783965	0.3217633	0.3652904	0.4021302	0.4313682	0.4521911	0.4677876	0.4791075	0.4896294	0.4965093	0.5030543	0.5084384	0.5141456	0.5192302	0.5212072	0.5259939	0.5273194	0.5298482	0.5309989	0.531758	0.5319482	0.5323083	0.5335148	0.5333377	0.5329992	0.5315519	0.5300521	0.5300276	0.5297045	0.5293726	0.529555	0.5291601	0.5287958	0.5281679	0.5300948	0.5301626
Barely	16/05/2025 08:26:01	61.0	 -Fe +N	0.214978	0.2168176	0.2193277	0.2210814	0.2228095	0.2278586	0.2319236	0.2352801	0.2387184	0.2386003	0.2384429	0.2382933	0.239784	0.2434447	0.2491402	0.2544331	0.2650145	0.2772684	0.2927283	0.3097921	0.3291749	0.3488761	0.3676992	0.3859872	0.4028398	0.4180265	0.4284133	0.4372035	0.4424866	0.4485819	0.4544757	0.4577814	0.460538	0.4630354	0.4647278	0.4663103	0.4677238	0.4678247	0.4676789	0.4668922	0.4663268	0.4643815	0.462615	0.4608979	0.4595788	0.4574105	0.4568704	0.4552697	0.4539902	0.4540577	0.453515	0.4529873	0.4530275	0.4504674	0.4489328	0.4457944	0.4423921	0.4422653	0.4377424	0.4381761	0.4364334	0.4363009	0.4347823	0.4339569	0.4334683	0.4322837	0.4291062	0.4270878	0.4217127	0.4168604	0.4100245	0.4017597	0.3881858	0.373711	0.3577607	0.3456091	0.337192	0.3351697	0.3378917	0.3496623	0.3736149	0.4035522	0.4307273	0.4519707	0.4662144	0.4763137	0.4823902	0.4858469	0.4893646	0.4898313	0.4911534	0.4927519	0.4932385	0.4946895	0.4960247	0.4946767	0.4965102	0.4964626	0.4966509	0.4968626	0.4969829	0.4970703	0.4969339	0.4977757	0.4991714	0.4974745	0.4970322	0.4957878	0.4948616	0.4946707	0.4953487	0.4959953	0.494474	0.4959748	0.4946822	0.4970836	0.497714
Barely	16/05/2025 08:26:15	62.0	 -Fe +N	0.2004405	0.2064634	0.207744	0.2101482	0.2118927	0.2153505	0.2181148	0.2209226	0.2235153	0.2257925	0.2269962	0.2281057	0.2295274	0.2314377	0.2343272	0.2401996	0.2461828	0.2554993	0.2675532	0.2812989	0.296199	0.3110189	0.3259233	0.3404094	0.3536823	0.3647592	0.3736193	0.3814944	0.3851646	0.3905881	0.3937325	0.3960264	0.3984525	0.4008493	0.4007617	0.402799	0.4038165	0.40378	0.4035094	0.4031881	0.4029069	0.402107	0.4004032	0.398937	0.3978273	0.3972807	0.3961148	0.3952709	0.3949715	0.3936191	0.3942323	0.3935081	0.3930541	0.3924521	0.3910484	0.3887895	0.3862449	0.3863395	0.3831739	0.3833252	0.3826079	0.3813916	0.3809273	0.3803217	0.3808042	0.3797328	0.3781182	0.3769986	0.3735149	0.3697724	0.3656345	0.3583471	0.3483662	0.3364	0.3244277	0.3147104	0.3074161	0.3054424	0.3083582	0.3171551	0.3339684	0.3548067	0.3744768	0.3901228	0.3994218	0.407662	0.4119157	0.4145033	0.4156946	0.4167775	0.4179614	0.4184709	0.4181183	0.4191345	0.4203495	0.4202799	0.4215885	0.4211613	0.4225089	0.4219736	0.4217361	0.4210056	0.4207582	0.4213588	0.4219408	0.421092	0.4221017	0.4216809	0.4204955	0.4196492	0.4202684	0.4204651	0.4204409	0.4202124	0.4217881	0.4214958	0.4210058
Barely	16/05/2025 08:26:30	63.0	 -Fe +N	0.2211454	0.2232953	0.2257658	0.2287298	0.2319187	0.2358835	0.2418275	0.2453443	0.2476362	0.2471383	0.2475539	0.2481126	0.2485444	0.2505614	0.2563416	0.2617979	0.2723688	0.2835417	0.297345	0.3133874	0.3282629	0.3444486	0.3603515	0.3727411	0.3851589	0.3947432	0.4028411	0.4079009	0.4108225	0.4149885	0.4186669	0.4211448	0.4223597	0.4240493	0.4247407	0.4262635	0.4264694	0.4260823	0.4258894	0.4259311	0.4256597	0.4250555	0.424154	0.4221211	0.4216644	0.4201991	0.4195823	0.4188641	0.4183173	0.4178431	0.4184084	0.4169837	0.4172918	0.4152705	0.4145768	0.4128922	0.4095902	0.4105692	0.4069516	0.4071959	0.4067418	0.4050039	0.4053774	0.4047818	0.405616	0.4047823	0.4037022	0.4032883	0.4008128	0.3973639	0.3923088	0.3860506	0.375956	0.3651724	0.353305	0.3442088	0.3374706	0.3366391	0.3384589	0.3449446	0.3606695	0.3796947	0.39753	0.410417	0.4209978	0.4274741	0.430309	0.4328033	0.4328378	0.4348167	0.4349213	0.4353266	0.4356751	0.4365164	0.4373016	0.4368936	0.4379631	0.4382432	0.4380247	0.4379641	0.4386636	0.4377404	0.4384717	0.4388164	0.4389298	0.4378324	0.4377935	0.4362736	0.4368095	0.4366184	0.4367316	0.4370428	0.4366065	0.4370693	0.4374666	0.438681	0.4376429
Barely	16/05/2025 08:27:00	64.0	 -Fe +N	0.1386197	0.1412127	0.1433527	0.1439163	0.1449373	0.1448135	0.1463605	0.1457147	0.1460541	0.1460713	0.1454324	0.145659	0.1476507	0.1499712	0.1549283	0.1580902	0.1670567	0.1777309	0.1912609	0.2066345	0.2246662	0.2430199	0.2637976	0.2823392	0.3020661	0.3194996	0.3343912	0.3448597	0.3506396	0.3574895	0.3624669	0.3648601	0.3670945	0.3696764	0.3711512	0.3727815	0.3720527	0.3719563	0.3681405	0.3636773	0.3569389	0.3499347	0.3417151	0.3346534	0.3305766	0.3249162	0.3197906	0.314992	0.3117819	0.3087352	0.3066191	0.3046754	0.302793	0.2992793	0.2959638	0.2903272	0.2845347	0.280849	0.2752485	0.2723855	0.2695502	0.2694122	0.2676121	0.2641106	0.2577706	0.2491713	0.239135	0.2319948	0.2222392	0.2155292	0.2099093	0.2037951	0.1946617	0.1823457	0.1729213	0.1662579	0.1625294	0.1630163	0.1683124	0.1786926	0.2009203	0.2350154	0.2779642	0.3225276	0.3634955	0.3986521	0.4236457	0.4423019	0.4586196	0.4690953	0.4791187	0.4879334	0.4957372	0.5022498	0.5078784	0.5106465	0.5161566	0.5186648	0.5208519	0.5220204	0.5234116	0.5228029	0.5243801	0.5237357	0.523754	0.5239955	0.5224048	0.5202551	0.5196229	0.5174539	0.517491	0.5180335	0.5180037	0.5177257	0.5179683	0.5177672	0.517399
Barely	16/05/2025 08:28:05	65.0	 -Fe +N	0.1487518	0.1517786	0.1548391	0.1570827	0.1573809	0.1583646	0.159841	0.1621404	0.1628984	0.1630545	0.1632087	0.1647721	0.165173	0.1682334	0.173019	0.1776317	0.1874322	0.1993791	0.2139466	0.2312563	0.2519151	0.2728648	0.29502	0.3158177	0.3343212	0.3509732	0.3644614	0.3750985	0.3800011	0.3869272	0.391682	0.3949958	0.3980967	0.3994074	0.4020089	0.4028648	0.4033186	0.4032604	0.4020388	0.3986993	0.3957725	0.3914646	0.3856331	0.3808866	0.3777596	0.3732415	0.3696422	0.3666942	0.3638289	0.362757	0.3612642	0.3601443	0.3581624	0.3552364	0.3516845	0.3459945	0.3402667	0.3365996	0.3312049	0.3294063	0.3280575	0.3261774	0.3256086	0.3235289	0.3196253	0.3131597	0.3049321	0.2995161	0.2902689	0.2822779	0.2742618	0.2643089	0.2493083	0.2323141	0.2163888	0.2037288	0.1959886	0.194234	0.1977912	0.2091317	0.2390309	0.2814488	0.3282841	0.3693943	0.3997509	0.4226705	0.437243	0.4471118	0.4539442	0.4596253	0.4628556	0.4656659	0.4690948	0.4716351	0.4746194	0.4760024	0.4768645	0.478204	0.4800265	0.4794203	0.4796346	0.4810547	0.4800756	0.4799935	0.4807898	0.4803221	0.4787743	0.4781293	0.4771459	0.4772078	0.4768443	0.4758079	0.4770465	0.4768303	0.4764508	0.4784553	0.4791085
Barely	16/05/2025 08:28:16	66.0	 -Fe +N	0.2018355	0.2047303	0.2049549	0.2080913	0.2082339	0.2101895	0.2111515	0.2137071	0.2151238	0.2168657	0.2203065	0.2207895	0.2223447	0.2251349	0.2307074	0.2343547	0.2444756	0.2562334	0.2703338	0.2870124	0.3045889	0.32485	0.3446865	0.3641107	0.3810516	0.3965468	0.4090666	0.4189506	0.4236059	0.4298286	0.4358264	0.4401229	0.4427589	0.4454215	0.447758	0.4493529	0.4503484	0.4508856	0.4496275	0.4487758	0.4455019	0.4430907	0.439638	0.4355938	0.4340725	0.4312968	0.4294309	0.4266378	0.4250366	0.4235462	0.4229815	0.4212587	0.4208775	0.4184987	0.4151674	0.4125883	0.407981	0.4064349	0.4010229	0.4002323	0.3983146	0.3971153	0.39639	0.3942782	0.3908554	0.3853202	0.3773947	0.3721312	0.3638963	0.3565807	0.3505401	0.3405465	0.3274354	0.3100027	0.2942096	0.2800198	0.2703974	0.2663658	0.2678618	0.2819013	0.3114508	0.3531703	0.3949753	0.4291823	0.4529867	0.4699411	0.4821416	0.4877374	0.4923711	0.4962933	0.4974709	0.500316	0.5013697	0.5026278	0.5054723	0.5063536	0.5074621	0.5069693	0.5079028	0.5072502	0.5076457	0.5082595	0.5088118	0.5088935	0.5099444	0.5077007	0.5088438	0.5077685	0.5078496	0.5055926	0.5064582	0.5060788	0.5057375	0.5061283	0.505962	0.5070434	0.506096
Barely	16/05/2025 08:28:33	67.0	 -Fe +N	0.1826725	0.186312	0.188187	0.1900593	0.1935711	0.196495	0.1982413	0.2033041	0.2036452	0.2039542	0.2049633	0.2037452	0.2056512	0.2077933	0.2128835	0.219404	0.2276023	0.2386405	0.2526883	0.2678915	0.2840884	0.3013897	0.3182339	0.3330859	0.3466199	0.3584169	0.3673685	0.3751919	0.3788381	0.3832409	0.3862216	0.3902846	0.3922203	0.3938226	0.3956064	0.3973493	0.3968968	0.3974853	0.3968713	0.3965864	0.3961922	0.3940485	0.3920907	0.390179	0.3889978	0.3882342	0.3867805	0.3853274	0.3847758	0.3842937	0.3843464	0.3839194	0.3831826	0.3817042	0.3793545	0.3776926	0.373899	0.3733154	0.3692396	0.3686177	0.3682303	0.3675118	0.3669167	0.366723	0.3663925	0.3659343	0.3636885	0.3614342	0.3575753	0.3524034	0.3462192	0.3368811	0.3234736	0.3096119	0.2950461	0.2837607	0.2766497	0.2737255	0.2766574	0.2869422	0.308909	0.3358185	0.3620009	0.3831481	0.3967632	0.4061816	0.411537	0.4151857	0.4181311	0.41822	0.419504	0.4205158	0.4209313	0.4225802	0.4230024	0.4228127	0.4236497	0.4234867	0.4249467	0.4245604	0.4248854	0.424957	0.4252504	0.4252149	0.4260046	0.4252128	0.4256434	0.4239805	0.4236664	0.4219718	0.4233621	0.4232701	0.4212489	0.4233069	0.4239168	0.4242065	0.4253239
Barely	16/05/2025 08:28:45	68.0	 -Fe +N	0.256094	0.2574418	0.2583194	0.2605049	0.2629678	0.2668671	0.270682	0.2757165	0.2804879	0.2834075	0.2854355	0.2852954	0.2848397	0.2868357	0.289679	0.2931827	0.3009977	0.3111364	0.3232431	0.3379307	0.3539068	0.3711606	0.3878622	0.4045191	0.4186636	0.4298287	0.4413265	0.4494572	0.4541471	0.4593448	0.464684	0.4686486	0.4720006	0.473609	0.4752537	0.4768007	0.4772776	0.4780962	0.478868	0.478617	0.4785358	0.4785469	0.4781768	0.4766545	0.4760122	0.4759847	0.4759324	0.4752666	0.4754134	0.4756524	0.4754559	0.4752151	0.4748622	0.4743449	0.4729655	0.4722186	0.4701476	0.4707919	0.4678317	0.4687678	0.4678769	0.4673215	0.4668775	0.4668218	0.4688611	0.4694535	0.4691153	0.4686023	0.4680136	0.4655602	0.4608383	0.4557395	0.447573	0.4369983	0.4265538	0.4184861	0.4136127	0.413327	0.4158912	0.4221088	0.4322002	0.4473922	0.4596831	0.4703331	0.4782363	0.4842165	0.4869176	0.489071	0.4905179	0.4897416	0.4904047	0.4915328	0.4924586	0.4921625	0.4929502	0.4918863	0.4920108	0.4935701	0.4936676	0.4929925	0.492798	0.4939308	0.4944084	0.4952881	0.4960026	0.4963924	0.4958372	0.4947146	0.4939031	0.4931623	0.4925437	0.4930699	0.492693	0.4948246	0.4933233	0.4950107	0.4946025
Barely	16/05/2025 08:29:00	69.0	 -Fe +N	0.2651982	0.2661579	0.2662754	0.2673103	0.2701353	0.2740008	0.2792106	0.2828766	0.28691	0.2902638	0.290234	0.2899653	0.2905774	0.2924436	0.2949646	0.2999489	0.3078801	0.3178677	0.329773	0.3448033	0.3592325	0.3747695	0.3900607	0.4035355	0.4163921	0.4270773	0.4351968	0.4412998	0.4450311	0.4499896	0.4539437	0.4570766	0.4599352	0.4615121	0.4623171	0.4634261	0.4636754	0.4647018	0.4652877	0.4646835	0.4646251	0.4648918	0.4639248	0.4631191	0.4630387	0.4624315	0.4631865	0.4618459	0.4619642	0.4612341	0.4620301	0.4615514	0.4612607	0.4607824	0.4600323	0.4595291	0.4566126	0.4587303	0.4556663	0.4572216	0.4560063	0.4550804	0.4546804	0.4541311	0.4563403	0.4562429	0.4572827	0.4566036	0.4553581	0.4536939	0.4512171	0.4468817	0.4398278	0.431316	0.42263	0.416401	0.4124056	0.4119647	0.4137703	0.4191683	0.427961	0.4392206	0.4505055	0.4587998	0.4647927	0.4691257	0.4722083	0.4729878	0.4739943	0.4742994	0.4736619	0.4741829	0.47412	0.4733992	0.4754719	0.4742852	0.4754668	0.4755988	0.4762279	0.4753344	0.4756673	0.4755397	0.4761759	0.4765841	0.477623	0.4760454	0.4762099	0.4755148	0.4749753	0.4729612	0.4743397	0.4735879	0.4750623	0.473979	0.4753354	0.4754248	0.4758065
Barely	16/05/2025 08:29:16	70.0	 -Fe +N	0.2372247	0.2392832	0.2389907	0.2427979	0.2449184	0.2478764	0.252217	0.2568162	0.2594773	0.2613565	0.263424	0.2655097	0.2658926	0.2689332	0.273579	0.2781853	0.2879216	0.2989261	0.3133519	0.3291229	0.3474502	0.3655198	0.3843467	0.4021338	0.418649	0.4322375	0.4438273	0.452908	0.4576244	0.4641775	0.4689803	0.4724753	0.4752632	0.4776549	0.4798884	0.481933	0.48281	0.4831903	0.4833107	0.4831478	0.4825667	0.4817747	0.4809033	0.4786088	0.477783	0.4768605	0.4758267	0.4754148	0.474	0.4732998	0.4735439	0.4730439	0.4733306	0.4717685	0.4705	0.4685901	0.4652609	0.4667595	0.4621849	0.4626231	0.4613526	0.4602285	0.4597602	0.4592105	0.4580983	0.4568133	0.4529516	0.4510287	0.4468801	0.4422879	0.4379375	0.4319655	0.4206252	0.4077448	0.3948892	0.3828857	0.375944	0.3743472	0.377602	0.3887614	0.4102173	0.4352633	0.4579549	0.4756905	0.4877375	0.4959707	0.5012463	0.503969	0.50569	0.5064329	0.5072426	0.5072841	0.5082449	0.5098983	0.5110702	0.5103889	0.5120643	0.511603	0.5107771	0.5123317	0.5122049	0.5125348	0.5132228	0.5131189	0.5137359	0.5134633	0.5133893	0.5122391	0.5120799	0.5113263	0.5109746	0.5118419	0.511082	0.5129595	0.5117195	0.5140419	0.5128905
Barely	16/05/2025 08:29:32	71.0	 -Fe +N	0.2212922	0.2235922	0.2244252	0.2266524	0.2284764	0.2313583	0.234823	0.2373475	0.2417394	0.2439455	0.2449074	0.2465994	0.2475371	0.2493438	0.2535908	0.2581245	0.2667755	0.2763135	0.2894531	0.3036507	0.3202014	0.3381037	0.3559691	0.3729387	0.3886514	0.4019936	0.4128158	0.4218498	0.4268804	0.4329249	0.4374923	0.4401808	0.4425335	0.4455836	0.4473162	0.4487135	0.4485406	0.4498622	0.4495073	0.4493599	0.4487366	0.4476595	0.4450247	0.4432972	0.4430563	0.4420645	0.4414242	0.4401257	0.4391458	0.4389204	0.4388845	0.4373113	0.4372865	0.4354439	0.4340703	0.4321268	0.428383	0.4285839	0.4246006	0.4251712	0.4237774	0.4225923	0.421787	0.4214681	0.4216267	0.4208243	0.4192884	0.4170982	0.4135729	0.4087569	0.4036007	0.3946654	0.3828416	0.3686901	0.3541876	0.3425121	0.3347468	0.3327417	0.3350774	0.3446861	0.3655935	0.3899328	0.413556	0.4327238	0.4455645	0.4546107	0.4601642	0.4634311	0.4649226	0.4671061	0.4670205	0.4688025	0.4683583	0.4697946	0.4704749	0.4696488	0.4718332	0.4720884	0.4725601	0.4718352	0.4726909	0.471653	0.4731812	0.4737101	0.4741735	0.4740013	0.4745946	0.4726574	0.4713886	0.4703521	0.4715017	0.4711673	0.4731413	0.4713885	0.4718438	0.4723592	0.4697739
Barely	16/05/2025 08:29:55	72.0	 -Fe +N	0.1735683	0.1752694	0.1779831	0.1786677	0.1807552	0.1828664	0.1849709	0.1865069	0.1890387	0.1899079	0.189876	0.1908982	0.1924743	0.1952801	0.2004091	0.2049438	0.2158073	0.2275957	0.2412181	0.2592144	0.2781426	0.2980066	0.3169892	0.3357858	0.3517516	0.3658471	0.3774019	0.3856574	0.3899675	0.3957314	0.3990396	0.4023836	0.404203	0.4059745	0.4076181	0.4086687	0.409815	0.4096811	0.4083292	0.4064022	0.4044819	0.4017949	0.3986241	0.395846	0.3934146	0.3910267	0.3882454	0.386012	0.3840864	0.3833113	0.3823248	0.3820364	0.3798193	0.3779075	0.3757472	0.3711766	0.36715	0.3648981	0.3603352	0.3596391	0.3576887	0.3572084	0.3561593	0.3539806	0.3514999	0.3472777	0.3411809	0.3364179	0.329442	0.3220387	0.315512	0.3067472	0.2927033	0.2763898	0.2603251	0.247915	0.2390739	0.2370729	0.2412589	0.253401	0.2830897	0.3230652	0.3619748	0.3936288	0.415945	0.4296033	0.4384929	0.4436318	0.4465288	0.4490653	0.4501256	0.4524073	0.4534092	0.4551278	0.457168	0.4583154	0.4582313	0.4586666	0.4608409	0.4592383	0.4590045	0.4598528	0.4606613	0.4592468	0.4594732	0.459961	0.4587018	0.4586978	0.4577779	0.4575196	0.4562814	0.4567632	0.4562922	0.456782	0.4572729	0.4576158	0.4562484
Barely	16/05/2025 08:30:05	73.0	 -Fe +N	0.1976505	0.2026908	0.2041568	0.2050608	0.2071619	0.2078754	0.2090574	0.2134034	0.2159236	0.2176907	0.2195313	0.2210672	0.2215294	0.2245156	0.2293225	0.2329972	0.2409611	0.2517725	0.2652774	0.2818229	0.2995185	0.3206488	0.3408128	0.3618637	0.3814976	0.3975248	0.4129955	0.4246195	0.4305125	0.4385878	0.4440615	0.4481618	0.4515621	0.4549161	0.456934	0.4591236	0.4591965	0.4598343	0.4594249	0.4585372	0.4569499	0.4544701	0.4512307	0.447259	0.4449993	0.4431717	0.4417009	0.4385101	0.4362164	0.43534	0.4346844	0.4339269	0.432894	0.4307363	0.4280818	0.4248665	0.4198551	0.4193705	0.4130643	0.4126749	0.4107893	0.4094545	0.4079763	0.4063884	0.4047337	0.4006273	0.3941939	0.3905255	0.3821728	0.3757273	0.36719	0.3573048	0.3422427	0.3241634	0.306208	0.2923056	0.2820045	0.2787466	0.2818554	0.2947297	0.3246715	0.3635208	0.4022826	0.4344143	0.4575453	0.4731574	0.4832746	0.4897726	0.4933957	0.4970456	0.4984902	0.5004281	0.5027213	0.5034127	0.5050007	0.5063106	0.5070179	0.50757	0.5093457	0.5084054	0.5088434	0.5087142	0.5086786	0.5096062	0.5115023	0.5104451	0.511774	0.5094097	0.5084461	0.5088201	0.5080125	0.5076086	0.5083059	0.5078017	0.5081849	0.5086855	0.5088265
Barely	16/05/2025 08:30:15	74.0	 -Fe +N	0.2455213	0.2471307	0.2512734	0.2522198	0.2542814	0.2567398	0.257958	0.2593834	0.2612959	0.2636265	0.2653516	0.2655426	0.2673769	0.2687986	0.2735827	0.2776145	0.2848679	0.2935021	0.3038442	0.3155183	0.3283724	0.3409499	0.353507	0.3653656	0.3758417	0.3847532	0.3922384	0.3975821	0.4006748	0.4038264	0.4070152	0.4089497	0.4111282	0.4119383	0.4130085	0.4145913	0.4149178	0.415185	0.4140909	0.4137859	0.4131644	0.4112418	0.409093	0.4067377	0.4057928	0.4038489	0.4036805	0.4012602	0.4005318	0.3997992	0.3998864	0.3984484	0.3984911	0.3973909	0.3948207	0.3928403	0.3894708	0.3898233	0.3857792	0.3853342	0.3851451	0.383344	0.382461	0.3817178	0.3801956	0.3769942	0.3739106	0.3717067	0.3657972	0.3615094	0.3562725	0.3501785	0.3402763	0.3287935	0.3164583	0.306605	0.2999567	0.2979742	0.3009356	0.3104017	0.3312936	0.3572685	0.382081	0.4026665	0.4164133	0.4264547	0.4316067	0.4363343	0.4386809	0.440151	0.4409139	0.441905	0.4429821	0.4445678	0.4450541	0.4458659	0.446681	0.446967	0.446181	0.4464144	0.4467906	0.4464317	0.4475381	0.4488824	0.4481022	0.4479635	0.4480362	0.4470879	0.4463354	0.4459267	0.4452229	0.4469539	0.4457387	0.446169	0.4467905	0.4466256	0.4465329
Barely	16/05/2025 08:30:30	75.0	 -Fe +N	0.1984581	0.2022054	0.2038807	0.2067253	0.2082127	0.2079998	0.212351	0.2132625	0.2152342	0.2160519	0.2177599	0.2188694	0.2194639	0.2235308	0.2287769	0.2323761	0.2432823	0.2547522	0.269553	0.2860694	0.3044795	0.3231049	0.3424204	0.3603905	0.3777962	0.3925966	0.404759	0.4139226	0.4196623	0.4261513	0.4311957	0.4352445	0.4381982	0.4406947	0.4421542	0.4446117	0.4453755	0.4456938	0.4451996	0.4438157	0.4411361	0.4390383	0.4357047	0.4324725	0.4303267	0.4282181	0.4253261	0.4232066	0.4217517	0.4213378	0.4200893	0.4194346	0.4183264	0.4163887	0.4137256	0.4101626	0.4058705	0.4044413	0.3991408	0.3987797	0.3974084	0.3963806	0.3950199	0.3928271	0.3895064	0.3841989	0.3773313	0.3716784	0.3630874	0.356478	0.350857	0.3412166	0.3288274	0.3127687	0.2975974	0.2842104	0.2774855	0.2742519	0.278481	0.2918861	0.3212698	0.361474	0.4025357	0.4362626	0.4600726	0.4766776	0.487603	0.4944584	0.4984898	0.5018353	0.5043643	0.5055221	0.5076483	0.509789	0.5115407	0.5112905	0.5136711	0.5132992	0.5147024	0.5132891	0.5146766	0.514304	0.5173225	0.5158485	0.5171586	0.5171239	0.5171758	0.5145768	0.514157	0.5129105	0.5133367	0.5126552	0.5124574	0.5123905	0.5123637	0.5157507	0.515494
Barely	16/05/2025 08:30:41	76.0	 -Fe +N	0.2137298	0.2176471	0.2198048	0.2219461	0.2241226	0.224138	0.2303944	0.232147	0.236011	0.2381349	0.2387658	0.2408869	0.2422889	0.2446338	0.2493673	0.2537066	0.2633611	0.2747814	0.2890418	0.3055394	0.3245422	0.3444454	0.3652054	0.3836297	0.4016803	0.4177948	0.4304337	0.4407275	0.4455142	0.4532445	0.4577889	0.462398	0.465154	0.4678095	0.4694826	0.4704518	0.4716029	0.4715123	0.4714135	0.4704188	0.4692848	0.4672586	0.4642482	0.4616253	0.4608384	0.4584889	0.4568522	0.4558426	0.4535445	0.4533138	0.4530583	0.4522766	0.4506539	0.4492587	0.4471554	0.4438338	0.440095	0.4387021	0.4342457	0.4337903	0.4322349	0.4307247	0.4301041	0.4286373	0.4278321	0.426068	0.422188	0.4188811	0.4127931	0.4072289	0.4000288	0.3904724	0.3763915	0.359911	0.3423348	0.3283762	0.3187755	0.3163682	0.3197019	0.3319223	0.3589427	0.3919583	0.4249674	0.4511875	0.4682307	0.4792935	0.4880596	0.4924443	0.4956211	0.4972592	0.4981604	0.4988047	0.4996515	0.5020101	0.5032341	0.5037349	0.5038791	0.5055351	0.5056417	0.5051826	0.5061141	0.505857	0.5076885	0.5077389	0.5083807	0.5090958	0.5077384	0.5052819	0.5054065	0.5055267	0.5047942	0.5054528	0.5056201	0.504422	0.5050154	0.506635	0.507366
Barely	16/05/2025 08:31:01	77.0	 -Fe +N	0.2181351	0.2183322	0.2205054	0.2223978	0.2232666	0.2268404	0.2300913	0.2334446	0.236497	0.2388407	0.2412844	0.2430517	0.2429625	0.2466875	0.2508211	0.2545728	0.2641567	0.2750849	0.2897616	0.3058918	0.3252718	0.3441867	0.3632976	0.3824206	0.4014473	0.4161001	0.4291887	0.4385611	0.4439073	0.4508362	0.4561219	0.4602039	0.4637509	0.4654191	0.4669843	0.4692691	0.4695316	0.469802	0.4695228	0.4684994	0.4672901	0.4651694	0.4630523	0.4602474	0.4591532	0.4571563	0.4560484	0.4538807	0.4526441	0.4525228	0.4513198	0.4503906	0.4498489	0.4482447	0.4454455	0.4426353	0.4390975	0.4381647	0.4338186	0.4333175	0.432839	0.4303411	0.4294508	0.428039	0.4270969	0.4248733	0.4217123	0.4180887	0.412207	0.4069544	0.4005761	0.3909398	0.3764705	0.3606025	0.3443798	0.3296845	0.3211898	0.3183455	0.3208198	0.3336672	0.3588765	0.3918822	0.4235846	0.4474898	0.4653212	0.4756475	0.4848091	0.4882102	0.4904027	0.4923514	0.4934396	0.4955719	0.4964567	0.4964918	0.4979083	0.4984545	0.4997368	0.499427	0.500505	0.5000202	0.5007345	0.5013661	0.5026742	0.5013751	0.5018174	0.5014273	0.5021816	0.5010016	0.5007755	0.4987651	0.4989981	0.4990164	0.4995741	0.4988044	0.4988452	0.4990267	0.5001905
Barely	16/05/2025 08:32:23	78.0	 -Fe +N	0.2337179	0.2364235	0.2365821	0.2380109	0.2412634	0.2427885	0.2469059	0.2493929	0.2522019	0.2536923	0.2566492	0.256843	0.257998	0.2602362	0.2640796	0.2687122	0.2782337	0.2884965	0.3026572	0.3196222	0.3371627	0.3560551	0.3754749	0.3943445	0.4104291	0.4249807	0.4377612	0.4464281	0.4519264	0.4584799	0.4631577	0.4666088	0.4691283	0.472076	0.4732618	0.4751298	0.4755372	0.4756221	0.4759387	0.4744466	0.4740052	0.4711022	0.4697788	0.4677687	0.4663021	0.4641816	0.4625665	0.4615236	0.4612437	0.458976	0.4589479	0.4584995	0.4576291	0.4559747	0.4545632	0.4520677	0.4488519	0.4456149	0.4445021	0.4420024	0.4420204	0.4406567	0.4399176	0.4396491	0.4371436	0.433986	0.4292385	0.4261032	0.4210062	0.4148867	0.4087333	0.3996685	0.3860197	0.3707716	0.3547766	0.3421859	0.3317485	0.3291922	0.3328575	0.3434824	0.3705497	0.402218	0.4340341	0.4567364	0.4736209	0.483187	0.4912752	0.4964751	0.4981856	0.5001344	0.5024684	0.5035859	0.5055288	0.5066221	0.506714	0.5071492	0.5085738	0.5088587	0.5090093	0.5101636	0.5086085	0.5080102	0.5082391	0.506817	0.5077915	0.5084525	0.5067874	0.508402	0.5075812	0.5070892	0.5075169	0.5073447	0.506354	0.5063082	0.5077949	0.5068894	0.508564
Barely	16/05/2025 08:32:38	79.0	 -Fe +N	0.177132	0.1783233	0.1804108	0.1802138	0.1809455	0.1839752	0.1856272	0.186372	0.1878523	0.1884899	0.1883485	0.1881366	0.1903364	0.1932952	0.1972094	0.2003542	0.2082516	0.2167205	0.2281612	0.2403091	0.2549402	0.2687649	0.2831251	0.297411	0.3099138	0.3213577	0.3301183	0.3372411	0.3408908	0.3458448	0.3489484	0.3520357	0.3539436	0.3555689	0.3573294	0.3578837	0.3583906	0.3580134	0.3583279	0.3574955	0.355182	0.3528016	0.3501399	0.3471568	0.3460446	0.3431192	0.340914	0.339263	0.3381623	0.3370834	0.3366272	0.3359673	0.3344106	0.3331114	0.3305583	0.328573	0.3250787	0.322044	0.3197027	0.3187478	0.3168939	0.3167158	0.3162114	0.3145823	0.3111951	0.3054935	0.3004829	0.2961994	0.2901154	0.2845036	0.2793751	0.2725331	0.2624091	0.2500222	0.2382405	0.228614	0.2219073	0.2195085	0.2218282	0.2318427	0.2545453	0.2868985	0.3188288	0.3462925	0.3656072	0.3795693	0.3878546	0.3938156	0.3970622	0.4014906	0.4024099	0.4043146	0.4063914	0.4079995	0.4083235	0.409296	0.4103735	0.4106708	0.4110452	0.4114082	0.4114394	0.410729	0.4116594	0.4119029	0.4103652	0.4116881	0.4093256	0.4109485	0.4095705	0.4104186	0.4104109	0.4089938	0.409343	0.4109548	0.4107076	0.4109285	0.4113193
Barely	16/05/2025 08:32:50	80.0	 -Fe +N	0.1621641	0.1661722	0.1669792	0.1673123	0.1663363	0.1681523	0.1685301	0.1693913	0.1713153	0.1726897	0.174837	0.1754124	0.1773006	0.1793389	0.1835336	0.1876673	0.1949475	0.205673	0.2188446	0.2352606	0.2540371	0.2756856	0.297989	0.3196842	0.3422119	0.3609143	0.3773445	0.3911879	0.3978242	0.4069244	0.4130317	0.4175599	0.421816	0.4247621	0.4262678	0.4285273	0.429394	0.4291964	0.4276731	0.4254696	0.4222666	0.4164735	0.4116634	0.4060322	0.4032166	0.3990025	0.394721	0.3914146	0.3892265	0.386446	0.3849157	0.3832819	0.3811122	0.3790281	0.3741701	0.37024	0.3654838	0.361882	0.3579452	0.3549854	0.353652	0.3520977	0.3512091	0.347822	0.3405118	0.3309851	0.3198084	0.3123922	0.3014792	0.2926502	0.2866765	0.2772558	0.2634196	0.2486016	0.2314048	0.2189827	0.2095639	0.2047994	0.207564	0.2209642	0.2531071	0.2998406	0.3513062	0.3942538	0.4267361	0.4479484	0.4630441	0.4736907	0.4808875	0.48589	0.4901411	0.4930144	0.4963356	0.4978795	0.4996188	0.501413	0.5010306	0.5027214	0.5027894	0.5045291	0.5037446	0.5022733	0.503649	0.5026964	0.5031867	0.5021318	0.5007769	0.5034335	0.5018841	0.5007903	0.5021058	0.5003999	0.5016335	0.4996208	0.5007532	0.5018929	0.5013032
Barely	16/05/2025 08:32:58	81.0	 -Fe +N	0.2294831	0.2353237	0.2358323	0.2378974	0.241672	0.2432367	0.2456605	0.2501362	0.2525363	0.2549955	0.2577617	0.2595274	0.2599389	0.2626418	0.2678346	0.2713486	0.2789942	0.2881277	0.300507	0.313314	0.3302265	0.3453363	0.3617772	0.3780184	0.3920026	0.4042986	0.414756	0.4240001	0.4282461	0.434359	0.4395085	0.4422903	0.4460935	0.4486758	0.4506588	0.4523474	0.4533526	0.4546033	0.4540259	0.4539331	0.4536008	0.4525776	0.4510224	0.4497738	0.4491629	0.4477971	0.4470851	0.4458383	0.4461188	0.4452829	0.445156	0.4449584	0.4450227	0.4439775	0.4421471	0.4415388	0.438895	0.4366881	0.4353108	0.4341135	0.4335377	0.4327409	0.4329828	0.432221	0.4302053	0.4269304	0.4238482	0.4205386	0.4156758	0.4109368	0.4057618	0.3981468	0.3888551	0.3754476	0.3623333	0.3504769	0.3427814	0.3401572	0.3423159	0.3532192	0.3760359	0.4045289	0.4319275	0.4534575	0.4671565	0.4764786	0.4823775	0.486827	0.4896048	0.4910819	0.492487	0.4940243	0.4950072	0.4954604	0.4956147	0.4972373	0.4960609	0.4966021	0.496577	0.4980822	0.4980345	0.4973798	0.4992989	0.498028	0.497691	0.4972915	0.4970118	0.497812	0.4974993	0.4973091	0.4974074	0.4976917	0.496037	0.4989536	0.4992703	0.4977253	0.4986968
Barely	16/05/2025 08:33:10	82.0	 -Fe +N	0.2116676	0.2143266	0.2147421	0.2187958	0.2207028	0.2243097	0.2278831	0.2314379	0.234158	0.234458	0.2355467	0.233189	0.2357341	0.2400222	0.2438215	0.2493935	0.2595628	0.2710957	0.2855737	0.3020344	0.3206893	0.3388421	0.357493	0.3752	0.3900521	0.4034957	0.4152782	0.4236412	0.4284397	0.4344333	0.4397749	0.4429314	0.445768	0.4479506	0.4497423	0.4506091	0.4524847	0.4517503	0.451972	0.4516931	0.4502253	0.4492163	0.4473358	0.4452041	0.4441802	0.4428752	0.4414956	0.4400301	0.4393413	0.4395124	0.4383167	0.4377854	0.4372147	0.4360512	0.4344537	0.4318716	0.4287806	0.4265681	0.4248288	0.4237382	0.4229121	0.421993	0.4218893	0.4210271	0.4189867	0.4177423	0.4144464	0.4121084	0.4075836	0.40225	0.3967908	0.3879879	0.3766398	0.3625144	0.3477075	0.336986	0.3276035	0.3255892	0.328443	0.3399302	0.362299	0.3904298	0.4177335	0.4368917	0.4501187	0.4587207	0.4653033	0.4691697	0.4722045	0.4736831	0.4745875	0.475658	0.4785036	0.4782698	0.4781178	0.4792273	0.4790367	0.4797462	0.4792775	0.4802973	0.4781436	0.479156	0.4799253	0.4789225	0.4786008	0.4792	0.4777208	0.477689	0.4783342	0.4761012	0.4781115	0.4772427	0.4774321	0.4781613	0.4788323	0.4798726	0.4813826
Barely	16/05/2025 08:33:23	83.0	 -Fe +N	0.1429614	0.1453547	0.1485434	0.1500059	0.1504907	0.1516144	0.1533897	0.1547109	0.1548882	0.1552602	0.1555691	0.1549685	0.1567139	0.1596704	0.1647418	0.1688853	0.1776614	0.1897251	0.2027442	0.2194757	0.2374914	0.2561004	0.275826	0.2930528	0.3101728	0.3243327	0.3354412	0.3434024	0.3479733	0.3538646	0.3573639	0.359437	0.361273	0.3639088	0.3639455	0.3655884	0.3660091	0.3652248	0.3639144	0.3609632	0.3582699	0.3537898	0.3493732	0.3440138	0.3407738	0.3377206	0.3338204	0.3309017	0.3287057	0.3276111	0.3255061	0.3254626	0.323122	0.3210943	0.3174438	0.312773	0.3078486	0.3032108	0.3000787	0.297447	0.2965355	0.2952507	0.2941292	0.2927358	0.2886357	0.2827575	0.2755291	0.2689333	0.2607287	0.2531362	0.2464059	0.2369513	0.2245399	0.2101276	0.1963922	0.1852091	0.1796958	0.1781266	0.1815273	0.1934983	0.219377	0.2589277	0.3029929	0.3413551	0.3699877	0.3904481	0.4047162	0.4150487	0.4211554	0.4260893	0.4300791	0.4336576	0.4375961	0.4384225	0.4409181	0.4410561	0.4416706	0.4432574	0.4446886	0.4435818	0.4445773	0.4439054	0.4437682	0.4435589	0.4425716	0.4425723	0.4404479	0.4414551	0.4416002	0.4404042	0.4414876	0.440356	0.4389474	0.4394329	0.4414142	0.4409357	0.4411071
Barely	16/05/2025 08:33:36	84.0	 -Fe +N	0.2010806	0.2027455	0.2054035	0.2060629	0.2077732	0.2091318	0.2122939	0.2137297	0.215578	0.2182856	0.2192364	0.2207082	0.2240974	0.2258339	0.2309577	0.2358971	0.2446419	0.256289	0.2701734	0.2866215	0.3066363	0.3256805	0.3457184	0.3646082	0.3825552	0.3980003	0.4102555	0.4203964	0.4254649	0.4315569	0.4369687	0.4407383	0.4445369	0.4469953	0.4491613	0.4502402	0.4514542	0.4520862	0.4505501	0.4491008	0.4472672	0.4434919	0.4406277	0.4365255	0.4344356	0.4319185	0.4286893	0.4275043	0.4254949	0.4245569	0.4238628	0.4226201	0.4215917	0.4193162	0.4165682	0.4127482	0.4087588	0.404885	0.4030461	0.4001195	0.3985059	0.3981008	0.3975922	0.3955141	0.3914587	0.3849669	0.3780879	0.3727394	0.3636151	0.3562932	0.3492189	0.338715	0.3264577	0.3099825	0.2937726	0.2787705	0.2697571	0.2645949	0.2667358	0.280019	0.3100866	0.3507199	0.3936307	0.4273468	0.4522731	0.4672634	0.4786223	0.4856715	0.4899345	0.4933749	0.4970418	0.4987144	0.5004578	0.501776	0.5025838	0.5035219	0.5037367	0.5044892	0.5046455	0.5050256	0.5051878	0.5040678	0.5053354	0.5044871	0.5037641	0.5045138	0.5032855	0.5035556	0.5038022	0.5021615	0.5024998	0.5009782	0.5018055	0.5015169	0.5018517	0.5017536	0.503227
Barely	16/05/2025 08:33:51	85.0	 -Fe +N	0.1436916	0.1449377	0.1469976	0.1489668	0.1494427	0.151093	0.1519302	0.1536843	0.154943	0.1551138	0.1563244	0.1562397	0.1575184	0.1598911	0.1631607	0.1672145	0.1758785	0.1851171	0.1984246	0.2141056	0.2323615	0.2519696	0.2730079	0.2932923	0.3112234	0.3294703	0.3424014	0.3537727	0.3587553	0.3658527	0.3708669	0.3745846	0.3770587	0.379525	0.3811854	0.3826499	0.3841296	0.3832897	0.3816519	0.3788448	0.3756945	0.3718055	0.3663232	0.361306	0.3589546	0.3545351	0.3521596	0.3483063	0.3460028	0.3440502	0.3425267	0.3414986	0.3408541	0.3371311	0.333948	0.3295085	0.3241971	0.3196008	0.3158699	0.3136721	0.3123995	0.3108141	0.3099019	0.308281	0.302582	0.2956871	0.2883472	0.2819264	0.2738678	0.2660941	0.2582352	0.2485242	0.2353475	0.2198349	0.2045502	0.1933904	0.1851513	0.1822458	0.1846426	0.1973993	0.2247814	0.2646146	0.3098738	0.3486262	0.3781891	0.3986221	0.4127545	0.4228424	0.4302598	0.434912	0.4385936	0.4413156	0.4451952	0.4460408	0.4490955	0.4503353	0.4506994	0.4516157	0.4518911	0.4525541	0.4533354	0.4533782	0.4526505	0.451839	0.452679	0.4522813	0.4499398	0.4503122	0.4504535	0.4498616	0.450316	0.449374	0.4499451	0.4499358	0.4491206	0.4512801	0.4526499
Barely	16/05/2025 08:34:04	86.0	 -Fe +N	0.1816589	0.1859941	0.1891049	0.1898201	0.1903303	0.192364	0.1944017	0.1964649	0.1975884	0.1982688	0.1995069	0.1996443	0.2027294	0.2053029	0.2115051	0.2177704	0.2287944	0.2406596	0.2560177	0.2720422	0.2928724	0.3127011	0.3314572	0.3502315	0.367804	0.3808938	0.3922068	0.4010871	0.4056936	0.4110405	0.4152077	0.4177092	0.4206247	0.4225588	0.423967	0.4241404	0.4246861	0.4250393	0.4236022	0.4214498	0.4189913	0.4148738	0.4113627	0.407118	0.4048219	0.401434	0.3989659	0.3961145	0.3943683	0.3927638	0.3912884	0.3904755	0.3890598	0.3871967	0.3834121	0.3807624	0.3757446	0.3714526	0.368749	0.3662929	0.3647836	0.3633555	0.3618666	0.3609668	0.3551585	0.3491724	0.3413938	0.3355128	0.3279675	0.3205444	0.31458	0.3046935	0.2911033	0.2754151	0.2590563	0.2460351	0.2372375	0.2341649	0.2372525	0.2506502	0.2807779	0.3208501	0.3632491	0.3967525	0.4210188	0.436849	0.4471849	0.4554701	0.4605105	0.4635229	0.4664182	0.4683662	0.4713819	0.4720278	0.4733639	0.472521	0.4750751	0.4754572	0.4749732	0.4767697	0.4752236	0.475162	0.4754054	0.4732972	0.4738991	0.4733577	0.4715451	0.473035	0.472917	0.4710173	0.4716269	0.4702743	0.4716438	0.4719822	0.4717944	0.4723884	0.4705846
Barely	16/05/2025 08:34:21	87.0	 -Fe +N	0.2508762	0.2522478	0.2546326	0.2572465	0.2588946	0.2623861	0.2634786	0.2673473	0.2686709	0.2711501	0.2726276	0.2756949	0.2757163	0.2792843	0.2826471	0.2864886	0.2933665	0.3031361	0.3134887	0.3255717	0.3390412	0.3541424	0.3682373	0.3820642	0.3942737	0.4050422	0.4149705	0.4225606	0.4268958	0.433315	0.4365424	0.4391284	0.4428994	0.4449529	0.4467527	0.4484279	0.4496026	0.4501908	0.4506985	0.4499954	0.449261	0.4483869	0.4464358	0.4448129	0.4440689	0.4421734	0.441909	0.4409452	0.4401615	0.4401513	0.4396873	0.439515	0.4393846	0.4377493	0.4367717	0.4346896	0.4321488	0.4311806	0.4291951	0.4277668	0.4275552	0.4277597	0.4271681	0.425694	0.4232573	0.4198081	0.4152478	0.410606	0.4055363	0.4003368	0.3965644	0.3896579	0.3810864	0.3691438	0.3582623	0.3480785	0.3409527	0.340082	0.3418138	0.3517602	0.373672	0.4009723	0.4290595	0.452142	0.4687741	0.4789999	0.4859551	0.491192	0.4949782	0.4977667	0.4998457	0.5009454	0.5027534	0.5023941	0.5029144	0.5036484	0.5046655	0.5055345	0.5057498	0.5076875	0.5069648	0.5052625	0.5070993	0.5064429	0.5064128	0.5062913	0.5049715	0.5069977	0.506032	0.505595	0.505524	0.5061128	0.5043738	0.5053742	0.506865	0.5054007	0.5058334
Barely	16/05/2025 08:34:29	88.0	 -Fe +N	0.1758908	0.1788625	0.1801398	0.1805716	0.1830655	0.1857152	0.1881262	0.1901788	0.1938276	0.1953406	0.1961961	0.1957132	0.1984187	0.2010102	0.2040893	0.2089667	0.216256	0.2252295	0.2370156	0.2510865	0.2654528	0.2830195	0.298392	0.314436	0.3284264	0.3414761	0.351484	0.3613309	0.3653014	0.3709474	0.375109	0.3782174	0.3809906	0.3829107	0.3839129	0.3851184	0.3858398	0.3865854	0.3860611	0.3860804	0.3843299	0.3822174	0.3803479	0.3782602	0.3778316	0.3752214	0.3740773	0.3729498	0.3715273	0.3712224	0.370419	0.3708383	0.3696924	0.369013	0.3667281	0.3641295	0.3610234	0.3589166	0.3563567	0.3558946	0.3548426	0.3535225	0.3539541	0.3527279	0.350416	0.3471595	0.3443261	0.3409938	0.3362035	0.3313725	0.3253056	0.3176566	0.3064253	0.2937051	0.2807582	0.2680495	0.2607662	0.2583528	0.2604067	0.2703457	0.2937027	0.3231989	0.35166	0.3725991	0.3875755	0.3963863	0.402272	0.40712	0.4092455	0.4118591	0.4126741	0.4135458	0.4143171	0.4155301	0.4148943	0.4160867	0.416473	0.4174645	0.4172997	0.416697	0.4168717	0.4165587	0.4169852	0.4163149	0.4153384	0.4150011	0.4153862	0.4162187	0.4153781	0.415418	0.4159074	0.4155953	0.4152476	0.4146849	0.4167814	0.4164744	0.4166563
Barely	16/05/2025 08:34:38	89.0	 -Fe +N	0.2040012	0.2068464	0.2071134	0.2095557	0.2103655	0.2124519	0.2150234	0.217554	0.2189029	0.2212011	0.223276	0.2237954	0.2247124	0.2264686	0.2301345	0.2355355	0.2421438	0.2533248	0.2662949	0.2809574	0.2974965	0.3150282	0.3326126	0.3500068	0.3656059	0.3791864	0.3903716	0.399024	0.4043179	0.4115345	0.4152845	0.4192894	0.4225203	0.4252108	0.4263296	0.4282842	0.4293726	0.428472	0.4291855	0.4288812	0.4268493	0.4239502	0.4225355	0.4192615	0.4183099	0.4163334	0.4136798	0.4121608	0.4120398	0.4111544	0.4091945	0.4084026	0.407687	0.4061115	0.404315	0.401677	0.3984224	0.3967198	0.3943221	0.3921133	0.3910649	0.3905568	0.3901494	0.3890949	0.3849798	0.3803547	0.3739182	0.3680096	0.3619345	0.3559663	0.3501245	0.3420535	0.3313418	0.3168191	0.302557	0.289954	0.2817043	0.2796874	0.2821698	0.2954646	0.3230155	0.3569394	0.3898585	0.4163462	0.4343274	0.4459593	0.4521826	0.4587325	0.4601247	0.4629283	0.4627695	0.4650777	0.4670009	0.4676035	0.4677835	0.4674174	0.469451	0.4687992	0.4692582	0.4699366	0.4693165	0.4687966	0.4696723	0.4685272	0.4685868	0.469918	0.4675102	0.4688351	0.4686233	0.4690196	0.4684563	0.4676882	0.468004	0.4675193	0.4686789	0.4675769	0.4686608
Barely	16/05/2025 08:34:49	90.0	 -Fe +N	0.2328417	0.233474	0.234156	0.2361444	0.237294	0.2415279	0.2459816	0.2491983	0.2528726	0.2553122	0.2570448	0.2570422	0.2584485	0.2595721	0.2630573	0.2678334	0.2745564	0.2848456	0.2964624	0.3113991	0.3270113	0.3446292	0.3621178	0.3780409	0.3930268	0.405724	0.417324	0.4258744	0.4300993	0.4367232	0.441589	0.444632	0.448617	0.45112	0.4524806	0.4543463	0.4541462	0.4557683	0.4553993	0.4559982	0.4548648	0.4546826	0.4530914	0.4512854	0.4512253	0.4502994	0.4493151	0.4493908	0.448965	0.4486435	0.4486317	0.4486363	0.4486208	0.4472128	0.4457601	0.4440034	0.441525	0.4412087	0.4391065	0.4378641	0.4376153	0.4368567	0.436551	0.4363161	0.4360057	0.4358113	0.4356261	0.434756	0.4315153	0.4276704	0.4229964	0.4149507	0.405236	0.3933233	0.38009	0.3697313	0.3618908	0.3588482	0.3622542	0.3686648	0.384226	0.4052108	0.4241957	0.4401003	0.4509448	0.4576255	0.4622049	0.4650717	0.4673158	0.468301	0.4691352	0.4701344	0.4714095	0.4712556	0.471143	0.4710448	0.4714632	0.471198	0.4716863	0.472552	0.4710206	0.4710375	0.470814	0.4701744	0.4709861	0.471093	0.4683924	0.4701065	0.4694453	0.4686885	0.4701239	0.4693011	0.4700665	0.4691318	0.4699581	0.4701245	0.4705846
Barely	16/05/2025 08:35:32	93.0	 -Fe +N	0.2195532	0.2202505	0.2235161	0.2243022	0.2255345	0.2308617	0.2323261	0.2363772	0.2391125	0.2421766	0.2429129	0.2426502	0.2445035	0.2473978	0.2507242	0.2552333	0.2625759	0.2729573	0.2854421	0.3004112	0.3164626	0.3331074	0.3505874	0.3678479	0.3825006	0.3951221	0.4055554	0.4146902	0.419142	0.4249275	0.4287724	0.4317946	0.4352572	0.4378926	0.4391693	0.4400704	0.4413494	0.440917	0.4415647	0.4406059	0.440393	0.4396279	0.438159	0.4362763	0.4357124	0.4345812	0.4337048	0.4320748	0.43227	0.431773	0.4313693	0.4311853	0.4307879	0.4297631	0.4278645	0.4263934	0.4237206	0.4239837	0.4213696	0.4201697	0.4198762	0.4190663	0.4185695	0.4184777	0.4166345	0.4142591	0.411894	0.4101052	0.4062056	0.4015937	0.3979228	0.3902699	0.3803874	0.3691438	0.3557904	0.3458926	0.3382402	0.336577	0.3396945	0.3509673	0.3692334	0.3928706	0.4149226	0.430196	0.441411	0.4473613	0.451458	0.4553739	0.4567668	0.4575575	0.4582796	0.4582005	0.4598723	0.4598769	0.4592977	0.4604159	0.4605012	0.4610621	0.4617161	0.4616843	0.4603797	0.4606676	0.4608438	0.4604522	0.4598561	0.4596849	0.4590569	0.4591186	0.4599478	0.458424	0.459553	0.4586139	0.4588756	0.4583379	0.4595739	0.460705	0.4595383
Barely	16/05/2025 08:35:43	94.0	 -Fe +N	0.23934	0.2375376	0.2383663	0.2391561	0.2425051	0.2464653	0.2507886	0.2550229	0.2580236	0.2605076	0.2618237	0.261503	0.2622422	0.2639935	0.2682553	0.2719302	0.2796629	0.2904388	0.3027381	0.3174749	0.3327553	0.3495339	0.3655324	0.3803232	0.3942279	0.4069896	0.4154165	0.4229417	0.4275047	0.4336097	0.4371087	0.4400542	0.442766	0.444931	0.4461536	0.4465439	0.4486377	0.4489151	0.4488597	0.4487386	0.4488932	0.4474297	0.447534	0.4468755	0.4461231	0.4451019	0.444849	0.4450717	0.4449599	0.4443064	0.4442167	0.4444232	0.4436843	0.4434037	0.4430685	0.4417018	0.4391379	0.4386399	0.4377952	0.4367447	0.4369308	0.4362106	0.4361814	0.4357589	0.4357166	0.4360719	0.4345529	0.4342552	0.4317017	0.429574	0.4267885	0.4207395	0.4133916	0.404392	0.3940472	0.3857507	0.380726	0.3797194	0.3815426	0.3889629	0.4020263	0.4167867	0.4303425	0.4411304	0.448004	0.4520505	0.4546646	0.4566626	0.4578796	0.4581427	0.4579808	0.4592585	0.4600092	0.4586904	0.4589356	0.4596567	0.4587901	0.4592393	0.4589349	0.4595369	0.4580543	0.4586354	0.4587023	0.4587518	0.4586675	0.4587034	0.4569503	0.4585845	0.4584431	0.4573063	0.4576666	0.4576355	0.4565996	0.4561168	0.4583023	0.4582673	0.4573663
Barely	16/05/2025 08:35:53	95.0	 -Fe +N	0.2252482	0.2239189	0.22511	0.2264673	0.2297082	0.2328766	0.2385062	0.2431236	0.2457491	0.2481228	0.247057	0.2466311	0.2477459	0.249501	0.2537255	0.2574424	0.2657818	0.2758677	0.2877568	0.3020442	0.3183411	0.3334853	0.3484315	0.3630001	0.3748471	0.3855334	0.3945907	0.4011526	0.4051219	0.4093738	0.4134053	0.4163736	0.4186786	0.4205038	0.4220407	0.4225751	0.4235142	0.4245241	0.4239944	0.424906	0.4240058	0.4237393	0.4243161	0.4231201	0.4228628	0.4228995	0.4226279	0.4214769	0.4214961	0.4218093	0.4218164	0.4215922	0.4218487	0.4210723	0.4208278	0.4189817	0.4180998	0.4174992	0.4164887	0.4163334	0.416126	0.4150655	0.4154523	0.4156651	0.4152503	0.4157915	0.4152623	0.415781	0.4143679	0.4117082	0.4094408	0.4048123	0.3983313	0.3898606	0.382257	0.3743048	0.3700588	0.368818	0.3711405	0.3757057	0.3861553	0.3982254	0.4095364	0.4175498	0.4228889	0.4266431	0.4289778	0.4307845	0.4316423	0.4313536	0.4318887	0.4321196	0.4327931	0.4325384	0.4317901	0.4322831	0.4326254	0.4323984	0.4318824	0.4329035	0.4331398	0.4326612	0.4327363	0.4309628	0.432446	0.4319902	0.4300385	0.4318585	0.4312095	0.4310246	0.4310238	0.4307126	0.4302328	0.4304512	0.4301428	0.4299813	0.4317984
Barely	16/05/2025 08:36:12	96.0	 -Fe +N	0.1916618	0.193357	0.1934741	0.1972088	0.1962524	0.1971769	0.1992233	0.2012813	0.2032964	0.2065659	0.2081945	0.2095689	0.2098792	0.2132628	0.2149097	0.2189272	0.2271223	0.2369071	0.249101	0.264611	0.2817817	0.3015068	0.3220885	0.3422664	0.3623188	0.3794188	0.3944787	0.4069604	0.4133322	0.4225158	0.4281156	0.4333514	0.4374519	0.4410161	0.4430824	0.4447405	0.4464824	0.4468748	0.4462678	0.4450973	0.4423307	0.4401167	0.4361877	0.4339963	0.431379	0.4287605	0.4267846	0.4246307	0.4233103	0.4225294	0.4207891	0.4198229	0.4188058	0.4170948	0.414478	0.4109155	0.4057742	0.40358	0.4008312	0.3987285	0.3974344	0.3962662	0.3958529	0.3948411	0.3905025	0.3852468	0.3788648	0.3734072	0.3667219	0.3586072	0.3514546	0.3411506	0.3268466	0.3111072	0.2937038	0.2803219	0.2713115	0.267084	0.2698594	0.2825246	0.3132072	0.3518282	0.3913807	0.4221867	0.4445935	0.4582181	0.4665759	0.4732481	0.4765615	0.4794907	0.4821139	0.4824384	0.4848341	0.4850522	0.4858924	0.4863132	0.4869368	0.4868456	0.4866354	0.4886552	0.4872596	0.4867699	0.4878525	0.487362	0.4879011	0.4873965	0.4864151	0.4869516	0.4862245	0.4861175	0.4861669	0.4851418	0.4854548	0.4870426	0.4857742	0.4859631	0.4867817
Barely	16/05/2025 08:36:24	97.0	 -Fe +N	0.1622371	0.1663482	0.1685313	0.1675708	0.1701704	0.1708692	0.1709638	0.1723831	0.1733568	0.1731215	0.1748754	0.1762696	0.1777356	0.1804237	0.1850195	0.1897332	0.1989524	0.2095566	0.2233243	0.2389295	0.2558072	0.2751263	0.2937673	0.312419	0.3287966	0.3435404	0.355795	0.3655419	0.3706863	0.3762834	0.3812735	0.3839873	0.3871369	0.3895289	0.3910907	0.3933227	0.3938736	0.3940707	0.3922951	0.3901414	0.3878469	0.3831068	0.3795104	0.3740061	0.3717399	0.368573	0.3653207	0.3623092	0.360626	0.3596378	0.3582295	0.3571427	0.3556688	0.3532278	0.3507996	0.3470204	0.3419175	0.3384797	0.3351599	0.3329355	0.3321031	0.3313157	0.3308037	0.3283193	0.3223199	0.3146356	0.3057262	0.2992321	0.2889341	0.2816436	0.2760924	0.2673452	0.2546511	0.2397822	0.2252531	0.2144985	0.2067295	0.2062828	0.2097604	0.2222962	0.2522985	0.2951683	0.3421099	0.382956	0.4162203	0.4378219	0.4528524	0.4634584	0.4714593	0.4765006	0.4810462	0.4840558	0.488319	0.4911555	0.4935939	0.4952128	0.4957646	0.4968804	0.4974389	0.4992384	0.4987761	0.4992485	0.4999594	0.4989528	0.4982344	0.5001903	0.4974072	0.4980682	0.4981403	0.4978462	0.4975575	0.4973481	0.4970694	0.4964335	0.4979179	0.4981669	0.4984486
Barely	16/05/2025 08:36:39	98.0	 -Fe +N	0.2072868	0.2104247	0.2118241	0.2136032	0.2163195	0.2181094	0.2195162	0.2218924	0.2235017	0.2262196	0.2273605	0.2285497	0.2302759	0.2322706	0.2355065	0.2391954	0.2468288	0.2573799	0.2679027	0.2820778	0.2979661	0.3144428	0.3318939	0.3483908	0.3638219	0.3773844	0.3896755	0.3991168	0.4039987	0.4103695	0.4151028	0.4189119	0.421894	0.4247874	0.4272332	0.4283228	0.4294608	0.4301601	0.4294214	0.428199	0.4276666	0.4253903	0.4225564	0.4197384	0.4182793	0.4159015	0.4138018	0.4126997	0.4120646	0.4118487	0.4105149	0.4096227	0.4100407	0.4083904	0.4053689	0.4027282	0.3993674	0.3970157	0.3937697	0.3928941	0.3922257	0.3918287	0.3915025	0.3906028	0.3871068	0.3819719	0.3771236	0.3709031	0.3641492	0.3571556	0.3508037	0.3425994	0.3305459	0.3165823	0.3020081	0.2901346	0.2823139	0.279804	0.2828262	0.2938788	0.3210325	0.3573783	0.3956809	0.4269094	0.448811	0.4635206	0.4717897	0.4788947	0.4836184	0.486036	0.4875037	0.4896771	0.4911979	0.4926319	0.4931477	0.4945801	0.4952345	0.4953424	0.4963031	0.4956943	0.4964671	0.4961144	0.496746	0.4960731	0.4954705	0.4974887	0.4959839	0.4969741	0.4957973	0.4953525	0.4961191	0.4960032	0.4954915	0.4945071	0.4959585	0.4971438	0.4952215
Barely	16/05/2025 08:36:47	99.0	 -Fe +N	0.239632	0.2407758	0.2423427	0.2490768	0.2512849	0.2555787	0.2612173	0.2646574	0.26638	0.2671228	0.2663738	0.2653131	0.2674212	0.2721355	0.2790857	0.2843984	0.2959512	0.309405	0.3241328	0.3414771	0.3599942	0.3769365	0.3933549	0.4091191	0.4229601	0.4335888	0.442721	0.4503065	0.4548065	0.458375	0.4623685	0.4649226	0.4672325	0.4692474	0.4701514	0.4711234	0.4717709	0.4719459	0.4719381	0.4709791	0.4712194	0.4700146	0.4690609	0.4669543	0.465814	0.4647759	0.4646172	0.4634401	0.4630201	0.4624614	0.4619046	0.4618509	0.4616885	0.4604668	0.4584663	0.456836	0.4545699	0.453467	0.4509375	0.4504804	0.4491339	0.4491679	0.4486198	0.449212	0.4482096	0.448108	0.4471212	0.4458572	0.4432121	0.4386508	0.4334107	0.4251298	0.4149172	0.4009885	0.3870014	0.3758674	0.3685045	0.3661411	0.3685132	0.378909	0.39694	0.4197341	0.441343	0.4577776	0.4684035	0.4749625	0.4793785	0.4819914	0.4843602	0.4851967	0.4862108	0.485339	0.487614	0.4874367	0.4876236	0.4882534	0.4887642	0.4887442	0.4892889	0.4888387	0.4885861	0.4881344	0.4876073	0.4879688	0.4889422	0.4875847	0.4862658	0.4876402	0.4868997	0.4866534	0.4856982	0.4859602	0.4848258	0.4865878	0.4874875	0.4856831	0.4868437
Barely	16/05/2025 08:36:59	100.0	 -Fe +N	0.2115216	0.2126039	0.2136066	0.2156901	0.2176409	0.2201693	0.2238242	0.2278953	0.2305851	0.2337428	0.2328511	0.2333183	0.2341228	0.2371469	0.2403543	0.2436359	0.2521699	0.2616037	0.273103	0.2866824	0.3025541	0.3187142	0.3339999	0.3498518	0.3635721	0.375676	0.3859077	0.3950118	0.3989744	0.4040496	0.4091648	0.4122431	0.4151874	0.4172496	0.4188401	0.42025	0.4209041	0.4208501	0.4214151	0.421305	0.4201242	0.4189378	0.4180954	0.4166942	0.4163595	0.414814	0.4146179	0.413283	0.4129024	0.4118278	0.4124695	0.4123359	0.4120143	0.4103061	0.4088173	0.4072084	0.4042935	0.4031558	0.4013869	0.4008923	0.4011846	0.3993772	0.399532	0.3992455	0.3987668	0.3980209	0.3969837	0.3939402	0.3926362	0.3876535	0.3832352	0.3753563	0.365735	0.3547308	0.3418108	0.3323307	0.3255006	0.3240291	0.3257241	0.3346337	0.3525748	0.3736279	0.3930828	0.4086266	0.4194393	0.4261753	0.4312133	0.4334431	0.4348395	0.4358259	0.4366553	0.4368587	0.43748	0.4388034	0.4386459	0.4394112	0.43937	0.4395576	0.4390318	0.4394853	0.4398592	0.4393593	0.4392616	0.4404372	0.4399537	0.4401214	0.4390639	0.4398205	0.4396928	0.4391417	0.4389827	0.438903	0.4384355	0.4400393	0.4400582	0.4392262	0.4417277
Barely	16/05/2025 08:37:11	101.0	 -Fe +N	0.2109375	0.212847	0.2141112	0.2156311	0.2165663	0.2186806	0.2205517	0.2233098	0.224557	0.2269955	0.2289994	0.2291253	0.22998	0.2319845	0.2340103	0.2385318	0.2453329	0.2549299	0.2653851	0.2784384	0.2935226	0.3081733	0.3232083	0.3368401	0.3517935	0.3638829	0.3735646	0.3827996	0.3874834	0.3925651	0.3976538	0.4016739	0.4050717	0.4071247	0.4083007	0.4104234	0.4110561	0.412055	0.4113432	0.4110063	0.4099973	0.4083659	0.4058254	0.4036577	0.4027987	0.4011388	0.3999734	0.3989121	0.3976272	0.3971287	0.396125	0.3953682	0.3946469	0.3929397	0.3913104	0.3890304	0.3858462	0.3843935	0.3813974	0.380521	0.3798143	0.3792885	0.3784477	0.3774208	0.3759356	0.3722234	0.3679381	0.3648934	0.358038	0.3532842	0.3481435	0.3403319	0.3300893	0.3167895	0.3026144	0.291636	0.2845387	0.2814446	0.2842822	0.2932128	0.3165294	0.3462117	0.3744126	0.3970882	0.4131684	0.4241225	0.4295305	0.434205	0.4368147	0.4390767	0.4402257	0.4405045	0.4427764	0.4429292	0.4431149	0.4442617	0.4443605	0.4441295	0.4450857	0.4437609	0.4439476	0.4438148	0.4456282	0.4451568	0.4440421	0.4432799	0.4429786	0.4433318	0.4438066	0.442755	0.4437494	0.4441551	0.4421309	0.4438755	0.4440036	0.44368	0.4435894
Barely	16/05/2025 08:37:21	102.0	 -Fe +N	0.2466414	0.2483327	0.2506205	0.2542216	0.2537816	0.2569383	0.2587427	0.2605495	0.2617467	0.2628425	0.2642932	0.2644872	0.2662659	0.2689147	0.2712477	0.2758918	0.2803111	0.2862911	0.293945	0.3018952	0.3116578	0.3197418	0.3278292	0.3356717	0.343132	0.3487768	0.3536717	0.3575733	0.3600416	0.3621547	0.3645671	0.3662926	0.3665254	0.3681907	0.3683652	0.3697473	0.3701599	0.3703235	0.3705476	0.3702815	0.3699774	0.3679443	0.3664357	0.3658255	0.3655902	0.3639468	0.3627941	0.362748	0.3621086	0.361764	0.3611572	0.3612495	0.3598485	0.3597043	0.3591991	0.3572121	0.3553897	0.3543662	0.3527255	0.3526398	0.3518959	0.3511075	0.3509972	0.3504797	0.3486102	0.3470048	0.3442793	0.3408547	0.3382974	0.3347748	0.332324	0.3267287	0.3215045	0.3124982	0.3043451	0.2978016	0.2927981	0.2916942	0.2936686	0.3004123	0.3143474	0.3338097	0.352318	0.3673829	0.3775055	0.3843734	0.388854	0.3913327	0.3938904	0.3949702	0.3959291	0.3965824	0.3976249	0.3975762	0.3978907	0.3999325	0.3995639	0.4005854	0.4005869	0.3998567	0.3993561	0.3993894	0.4003422	0.398193	0.3997751	0.4002327	0.3981753	0.3993498	0.3988129	0.3990287	0.3982722	0.3986824	0.3980345	0.3993519	0.3983373	0.3995486	0.3997766
Barely	16/05/2025 08:37:32	103.0	 -Fe +N	0.1818049	0.1847554	0.184865	0.1867342	0.186613	0.1882987	0.190812	0.1930828	0.1957085	0.1963592	0.1986392	0.2000342	0.1999175	0.2029641	0.2067179	0.2114424	0.2195955	0.2315737	0.2446908	0.2618206	0.2813482	0.3010269	0.3203272	0.3407197	0.3601524	0.3756585	0.3889963	0.399857	0.4060508	0.4129451	0.4186753	0.4225848	0.4261516	0.4281865	0.4311747	0.4321142	0.4340492	0.4335929	0.4329347	0.431656	0.4298052	0.426665	0.4228432	0.4193708	0.4175859	0.4149226	0.4115945	0.4100522	0.4083974	0.4067203	0.4057045	0.4053877	0.4038155	0.4021099	0.3992984	0.3955299	0.3905334	0.3879247	0.3850133	0.3832245	0.3815703	0.3809824	0.3795236	0.3777444	0.3727704	0.3664877	0.3600022	0.3542374	0.3463092	0.3387453	0.3318995	0.3229329	0.3097177	0.2936459	0.2764541	0.2634356	0.254183	0.2511927	0.2542157	0.2683159	0.2997504	0.3406597	0.3820473	0.4145873	0.4355737	0.4496252	0.4579719	0.4651209	0.4688306	0.4704109	0.4717125	0.4737185	0.475565	0.4750911	0.4763319	0.4769497	0.4769176	0.4783806	0.4786867	0.4786306	0.4775582	0.4779155	0.4785945	0.4781715	0.4771526	0.4774899	0.4763683	0.4757334	0.4764137	0.4758632	0.4754309	0.4754561	0.4732923	0.4745727	0.4758742	0.4752036	0.4746183
Barely	16/05/2025 08:37:46	104.0	 -Fe +N	0.2202833	0.2225339	0.2241849	0.2264949	0.2284133	0.2301337	0.2349873	0.2366253	0.2394347	0.2416558	0.2442501	0.243984	0.2470666	0.2490261	0.2524271	0.2589941	0.266032	0.2775134	0.2906527	0.3068316	0.3261082	0.3443944	0.3633153	0.3815541	0.3987037	0.4131895	0.42461	0.4338397	0.4392799	0.4455286	0.4499414	0.4533414	0.4563575	0.4583971	0.4596015	0.461415	0.4619526	0.4621469	0.4613578	0.4607407	0.4598561	0.4571294	0.4545957	0.4521588	0.450792	0.4487739	0.4471178	0.4455596	0.4453255	0.4433869	0.4434228	0.4427462	0.442491	0.4405985	0.4380278	0.4355994	0.4316171	0.4306003	0.426908	0.4251588	0.423924	0.4235794	0.4233041	0.4226526	0.4195843	0.4169049	0.4130019	0.4096322	0.4040132	0.3987434	0.3920647	0.3816359	0.3689305	0.3533398	0.337645	0.3234651	0.3153516	0.3124307	0.3149754	0.3261021	0.352198	0.3834521	0.4149687	0.4392503	0.456192	0.4676812	0.4748384	0.4803639	0.4833806	0.4861136	0.487325	0.4888487	0.4898407	0.4902042	0.4897858	0.4920494	0.4922074	0.4931364	0.4927009	0.4933656	0.4926668	0.4918889	0.4929176	0.4920703	0.4921795	0.4919208	0.4917802	0.491558	0.4922328	0.4910616	0.4910125	0.4900554	0.4905402	0.4905572	0.4900385	0.4899457	0.4896363
Barely	16/05/2025 08:37:57	105.0	 -Fe +N	0.1686624	0.1718674	0.1727133	0.1736916	0.1740256	0.1754132	0.1767799	0.1771823	0.1798162	0.1805201	0.1817349	0.18347	0.1841879	0.1866037	0.1902577	0.1951488	0.2033161	0.2136678	0.2273901	0.2423417	0.2595282	0.2770126	0.2957468	0.3142668	0.3302553	0.3453388	0.3573092	0.3662362	0.3710778	0.3774842	0.38208	0.3845514	0.3870762	0.3896604	0.3908441	0.3916683	0.3930188	0.3930405	0.3917088	0.3899781	0.3874372	0.3834679	0.379166	0.3757317	0.3736097	0.3706443	0.3670827	0.3648332	0.3626374	0.3615872	0.3598443	0.3587216	0.3572393	0.3554727	0.3523645	0.3490056	0.345291	0.3424365	0.3388867	0.3380271	0.3368653	0.3347788	0.3339522	0.331303	0.3257669	0.3183827	0.3089219	0.3027099	0.2943995	0.2879067	0.2823749	0.2749456	0.2647689	0.2511468	0.2376235	0.2253902	0.217549	0.2140481	0.2175935	0.229242	0.2577156	0.2970218	0.3377068	0.3716016	0.3954328	0.4124488	0.4228523	0.4302597	0.4349429	0.4378298	0.4404938	0.442131	0.4454931	0.4459184	0.447199	0.4472985	0.4483384	0.4491895	0.4491511	0.4505186	0.449314	0.4500868	0.4491704	0.4495328	0.4488397	0.4487642	0.4476878	0.4479317	0.4483214	0.4467793	0.4476571	0.4474652	0.4473321	0.447433	0.4476571	0.448275	0.4478094
Barely	16/05/2025 08:38:14	106.0	 -Fe +N	0.2248102	0.2279872	0.2303855	0.2344755	0.2349909	0.2377517	0.241445	0.2451077	0.2476031	0.2485451	0.2501534	0.2510204	0.2519425	0.2545838	0.260042	0.2643151	0.2726824	0.2847361	0.2981864	0.313023	0.3306239	0.3476969	0.3634231	0.3798849	0.3945866	0.4068892	0.4167132	0.4235537	0.4285747	0.4336754	0.4371426	0.4397756	0.4420952	0.4437714	0.4458292	0.446267	0.447192	0.4475428	0.4470833	0.4464504	0.4455477	0.4445538	0.4429582	0.4407315	0.4401325	0.4382169	0.4376453	0.4360891	0.4357897	0.4357484	0.4350171	0.4341409	0.4335074	0.4325079	0.4307964	0.4295981	0.4260853	0.4260002	0.4238299	0.4222863	0.4217215	0.4205738	0.4201469	0.4186337	0.4174926	0.4156715	0.4129673	0.4096878	0.406116	0.4016335	0.3970455	0.3895033	0.3791351	0.3666578	0.3536283	0.3433937	0.3364116	0.3345757	0.3369533	0.3472249	0.3667785	0.3911238	0.4138124	0.43037	0.4432371	0.4507995	0.4560771	0.4588193	0.4604589	0.4617797	0.4630095	0.4625383	0.4642279	0.464802	0.4651295	0.4672065	0.4667286	0.4662664	0.4665742	0.4665072	0.4667446	0.4672583	0.4683456	0.4666094	0.4666617	0.4669939	0.4664891	0.4669205	0.467568	0.4666026	0.4665773	0.466193	0.4657662	0.4654215	0.4669385	0.4666574	0.4664267
Barely	16/05/2025 08:38:25	107.0	 -Fe +N	0.1651577	0.1674504	0.1693108	0.1732165	0.1731606	0.1766442	0.1766944	0.1801741	0.1802035	0.181615	0.1829439	0.1819204	0.1844881	0.1874827	0.1918005	0.1975795	0.2083242	0.2200622	0.2365031	0.2549355	0.2744843	0.2965769	0.3174253	0.3387119	0.3565136	0.3719851	0.3851787	0.3950473	0.3997504	0.4062522	0.409889	0.4124291	0.4154486	0.4177592	0.4193893	0.4203983	0.4211707	0.419496	0.4191031	0.4170254	0.4141871	0.4095135	0.404322	0.3999143	0.3974926	0.3937766	0.3894566	0.3870302	0.3851193	0.3828309	0.3830174	0.3813215	0.3801068	0.3774938	0.3740617	0.3687774	0.3617337	0.3580943	0.3531025	0.3510073	0.3486517	0.347297	0.3460534	0.3444422	0.3397947	0.3353439	0.3298597	0.3235491	0.3169619	0.308297	0.2995529	0.2885438	0.2728099	0.2552902	0.23684	0.2235266	0.2141965	0.2109506	0.2132625	0.2252458	0.2542803	0.2968298	0.3434138	0.3830485	0.4121688	0.4318465	0.4455941	0.4550865	0.4619368	0.4655903	0.4691842	0.4715536	0.4744114	0.4760872	0.4776071	0.4786368	0.4797191	0.4813649	0.482698	0.4816856	0.4818159	0.481837	0.4824575	0.4815781	0.4812615	0.4805259	0.4800221	0.4793809	0.479466	0.4768329	0.4780076	0.4771205	0.4767302	0.4774691	0.4776683	0.4776549	0.4772868
Barely	16/05/2025 08:38:36	108.0	 -Fe +N	0.2013727	0.2042359	0.2060968	0.2081494	0.2084948	0.2110837	0.2141311	0.2159965	0.2200701	0.2215481	0.224182	0.2254811	0.2254127	0.2285247	0.2317394	0.2358826	0.2441925	0.2536526	0.2681533	0.2827454	0.2994834	0.3180413	0.3377061	0.3561475	0.3721555	0.3873903	0.3990675	0.4089206	0.4143805	0.4217474	0.4266349	0.4302047	0.4333537	0.4361418	0.437973	0.4395325	0.4394913	0.4406614	0.4393978	0.4391949	0.4376094	0.4362757	0.4334856	0.430786	0.4300831	0.4286195	0.427323	0.4245912	0.4237869	0.4242661	0.4227589	0.4227909	0.4218017	0.4203817	0.4182237	0.4153235	0.411538	0.4100043	0.4074836	0.4059446	0.4055896	0.4045993	0.403893	0.4021679	0.3996975	0.3961576	0.3927684	0.3876802	0.3826421	0.3771286	0.3705003	0.3622411	0.3508204	0.3368552	0.3229451	0.310115	0.3013623	0.2989591	0.3016237	0.3135109	0.3390638	0.3707066	0.400763	0.4225708	0.4386994	0.4483523	0.4549126	0.4585102	0.4608516	0.462432	0.4636437	0.4639135	0.4666364	0.4663224	0.4671003	0.4658568	0.4673807	0.4674746	0.4673861	0.4688087	0.4672202	0.4665619	0.4663767	0.468136	0.4677886	0.4684675	0.4665205	0.4659487	0.4666503	0.4665526	0.466291	0.4642276	0.4638516	0.4647214	0.465832	0.4658563	0.4662405
Barely	16/05/2025 08:38:45	109.0	 -Fe +N	0.2086741	0.211516	0.2124632	0.2143572	0.217028	0.2178709	0.2209147	0.2235053	0.2274175	0.2290806	0.2311606	0.2308377	0.2327282	0.2347354	0.2390787	0.2435554	0.2517205	0.2625054	0.2762011	0.2925555	0.3090929	0.3299741	0.3500602	0.3685375	0.3853588	0.4015915	0.4137065	0.4240039	0.429604	0.436792	0.4415668	0.4447985	0.4486849	0.451351	0.4533188	0.4542047	0.4554149	0.4550944	0.4544752	0.4542859	0.452343	0.4501915	0.4479541	0.4445972	0.4436678	0.4413806	0.439674	0.4379661	0.4371212	0.4367526	0.4356657	0.4352782	0.4343458	0.4320461	0.4293744	0.4271114	0.4223729	0.4195676	0.4168616	0.415382	0.4143401	0.4133113	0.4122106	0.4117307	0.4101513	0.4079874	0.4047359	0.4016193	0.3954703	0.3884986	0.3807165	0.3704829	0.354763	0.3396076	0.3229482	0.3097322	0.3002042	0.2966106	0.2986233	0.3106565	0.3371869	0.370894	0.4034401	0.4300243	0.4480367	0.459979	0.4671612	0.4724421	0.476233	0.4781685	0.4794153	0.4806132	0.4823072	0.4834968	0.4839996	0.4859758	0.4854617	0.486378	0.4853317	0.4875734	0.4858072	0.4849031	0.4856363	0.4859189	0.48612	0.4857762	0.4841631	0.4851181	0.4850591	0.4837466	0.4835439	0.4837971	0.4823049	0.4842488	0.4850481	0.4852514	0.4844855
Barely	16/05/2025 08:38:57	110.0	 -Fe +N	0.2142231	0.2195522	0.2221943	0.2229219	0.2261289	0.2275273	0.2287996	0.2326944	0.2344372	0.235443	0.2371935	0.2397646	0.2410959	0.2446848	0.25018	0.2544189	0.2636304	0.2753299	0.2894657	0.3065641	0.323182	0.3424524	0.3599726	0.3780576	0.3934159	0.4064421	0.4173503	0.4256236	0.4303119	0.43585	0.4404323	0.4437035	0.4467793	0.448119	0.4502315	0.4517234	0.4524455	0.453058	0.4518945	0.4512774	0.4498334	0.4471813	0.4441874	0.4417027	0.4403079	0.4380895	0.43603	0.4344524	0.4338901	0.4327011	0.4314984	0.4309296	0.4305807	0.4290444	0.4265499	0.4235747	0.4187175	0.4174431	0.4137685	0.4126987	0.4116316	0.4108112	0.4098841	0.4078022	0.4043531	0.4001823	0.3942453	0.389266	0.3824821	0.3764791	0.3701041	0.3624123	0.3498301	0.3349019	0.3198867	0.3071329	0.298406	0.2958066	0.2988839	0.3117349	0.3390593	0.3745716	0.4099137	0.4380443	0.4573896	0.4701844	0.4799508	0.4860797	0.4904294	0.4918589	0.4944192	0.4958008	0.4980539	0.498611	0.4994672	0.5008647	0.5013642	0.5018102	0.5020825	0.5029463	0.5026507	0.5019568	0.5036849	0.5028986	0.5031643	0.5034361	0.5018005	0.50304	0.5023687	0.5015193	0.5006785	0.5003152	0.5008345	0.5001709	0.5004266	0.5015704	0.5011791
Barely	16/05/2025 08:39:07	111.0	 -Fe +N	0.1623102	0.1645465	0.1681512	0.1686381	0.1697193	0.1703952	0.170592	0.1714623	0.1726714	0.1736727	0.1735924	0.1748372	0.1749829	0.178454	0.1823545	0.1853331	0.1918777	0.1992798	0.2086622	0.2199721	0.2318919	0.2444335	0.257416	0.26942	0.2808699	0.2904532	0.2990054	0.3048798	0.3080243	0.3117615	0.3142531	0.3167151	0.3187372	0.3205703	0.3213746	0.3225854	0.3227432	0.3220668	0.3216459	0.3199401	0.3172437	0.3147538	0.3109118	0.3081317	0.3064601	0.3043691	0.3015594	0.2992703	0.2987208	0.296947	0.2960648	0.2954727	0.2953417	0.2930011	0.2912389	0.2884739	0.2842625	0.2831869	0.2796481	0.2783803	0.2775463	0.2765424	0.2757254	0.273852	0.2710669	0.2666291	0.2610068	0.255801	0.2505551	0.2458034	0.2421044	0.2361536	0.228064	0.2182959	0.2087132	0.2006242	0.1960318	0.1950436	0.1973691	0.2071043	0.2261995	0.2526921	0.2829001	0.3088337	0.3301556	0.3450278	0.3559909	0.3631985	0.3685502	0.3723104	0.3755636	0.378322	0.3810409	0.382101	0.3844505	0.3859294	0.3873673	0.3880675	0.388387	0.3884326	0.389118	0.3893751	0.3900291	0.3897165	0.3905385	0.3901116	0.3891631	0.3890322	0.3877419	0.3876043	0.3880554	0.387365	0.3868989	0.3889765	0.388906	0.3884783	0.3892268
Barely	16/05/2025 08:39:25	112.0	 -Fe +N	0.1904206	0.1934635	0.1958897	0.1953915	0.1968919	0.1995931	0.2019519	0.2051944	0.2066425	0.2096967	0.2101838	0.2116243	0.2139927	0.2161257	0.2202613	0.2245646	0.2318168	0.2432066	0.2559653	0.2716171	0.2894765	0.3074801	0.3256711	0.3437274	0.3597915	0.3742218	0.3866414	0.3962104	0.4007934	0.4070599	0.4129287	0.4168154	0.4195408	0.4230489	0.4244597	0.4259866	0.4262452	0.427158	0.4269361	0.4256373	0.4249157	0.4221495	0.4204154	0.4172999	0.416225	0.4145522	0.4125327	0.4101099	0.4092199	0.4082785	0.4074823	0.4071415	0.4061496	0.4049844	0.4022189	0.39944	0.3950994	0.3933664	0.3903132	0.3893735	0.3884755	0.3869326	0.3865187	0.3850458	0.3826747	0.379335	0.3744609	0.3716265	0.3648668	0.3585097	0.353096	0.3433926	0.3313031	0.3153393	0.2995455	0.2872741	0.2781689	0.2748537	0.2789221	0.2908658	0.3178641	0.3516746	0.384844	0.4102901	0.4284969	0.4392915	0.4467078	0.4522921	0.4542461	0.4571704	0.4577188	0.4596286	0.4608051	0.4610373	0.4615129	0.46282	0.4619788	0.4632157	0.4623088	0.4636182	0.4634594	0.4631775	0.464328	0.4643743	0.4639789	0.4640852	0.4616852	0.4644158	0.4630843	0.4633207	0.462344	0.4626336	0.4624255	0.4631641	0.4617405	0.4622776	0.4631997
Barely	16/05/2025 08:39:36	113.0	 -Fe +N	0.2245911	0.2234516	0.2243736	0.2265683	0.2276014	0.2316865	0.2336371	0.2399725	0.2425465	0.2447826	0.2457726	0.2468395	0.2482661	0.2504112	0.253455	0.258109	0.2664554	0.2756075	0.2880527	0.3037656	0.3198584	0.336999	0.3536258	0.3696326	0.3826375	0.3951367	0.4054241	0.4127535	0.4174002	0.4226539	0.4280474	0.4307609	0.4341247	0.4365018	0.4367892	0.4384398	0.4393431	0.4405064	0.4396036	0.4397676	0.4393416	0.4381693	0.4372574	0.4356279	0.4347875	0.4341741	0.4331425	0.4326313	0.4310027	0.4323446	0.4312828	0.4305135	0.4304785	0.4299743	0.4290599	0.4274238	0.4244141	0.4242645	0.4219999	0.4218712	0.4218108	0.4200345	0.4206505	0.4199057	0.4186463	0.417975	0.4161963	0.4143899	0.411273	0.4078332	0.4034412	0.3970204	0.3881751	0.3768386	0.3648127	0.3547287	0.3485112	0.3467218	0.3499641	0.3588646	0.3761044	0.3964223	0.4148326	0.428807	0.4382716	0.4448822	0.4478883	0.4510705	0.4523477	0.4527502	0.453044	0.4533952	0.4541653	0.4545718	0.4543441	0.4533721	0.4541972	0.4540473	0.4532143	0.4546836	0.4541212	0.4539983	0.4555826	0.454974	0.4543967	0.4557568	0.4540412	0.4548062	0.4539787	0.4536292	0.4537876	0.4519461	0.4532015	0.4528242	0.4535425	0.4523248	0.451719
Barely	16/05/2025 08:39:48	114.0	 -Fe +N	0.1971379	0.1983813	0.1998206	0.2003945	0.2015618	0.2042732	0.207554	0.2103829	0.213741	0.2156228	0.2176426	0.2182617	0.2196299	0.2210097	0.2244486	0.2276942	0.2361282	0.2460587	0.2593759	0.2747404	0.2935226	0.3124297	0.3329834	0.3526151	0.3711035	0.3872938	0.4019938	0.4133357	0.4199316	0.4280466	0.4343383	0.438901	0.443453	0.446449	0.4489697	0.45008	0.4514322	0.4529534	0.4521781	0.450553	0.4496632	0.4474571	0.4449253	0.4418513	0.4403294	0.439008	0.4372774	0.435627	0.43451	0.4333105	0.4324855	0.4317407	0.4306773	0.4292075	0.4263939	0.4236429	0.4190753	0.4177288	0.4135757	0.4124195	0.4116614	0.4103923	0.410029	0.4086338	0.4068055	0.4035088	0.3987706	0.3940794	0.3881279	0.3818179	0.3748302	0.365224	0.3515781	0.335257	0.3191998	0.3059842	0.2970041	0.2928219	0.2954807	0.3070726	0.3346593	0.370207	0.4030864	0.4290533	0.4477499	0.4599282	0.4676451	0.4728674	0.4761745	0.4787692	0.4786292	0.4787615	0.4811559	0.4807709	0.4818451	0.4835295	0.4832367	0.4831053	0.4838124	0.4844023	0.4827723	0.4827058	0.4833229	0.4832149	0.483791	0.4831324	0.4825714	0.4826414	0.4822569	0.4821296	0.4825275	0.4809573	0.4801691	0.4802192	0.4819095	0.4808655	0.4819412
Barely	16/05/2025 08:40:06	115.0	 -Fe +N	0.2198452	0.2211922	0.2230385	0.2252452	0.2263729	0.229031	0.23233	0.2351561	0.2381272	0.2402146	0.2415122	0.2429335	0.244263	0.2463136	0.2494038	0.2539786	0.2626041	0.2713627	0.2848655	0.3001866	0.3163542	0.3339575	0.3509588	0.3680403	0.3838771	0.3972863	0.4091026	0.4183366	0.423533	0.4299202	0.4351081	0.438914	0.441767	0.4446691	0.4467384	0.4482413	0.4488678	0.4494966	0.449734	0.4492914	0.4493221	0.4472656	0.4461518	0.4441067	0.4432277	0.4420215	0.4406933	0.4402619	0.4391056	0.4393357	0.4391307	0.4390157	0.4373527	0.4365388	0.4348735	0.4334415	0.4293173	0.4289258	0.4262065	0.4258733	0.4256206	0.4239934	0.4235374	0.4231413	0.4211911	0.4201103	0.4182929	0.4169217	0.4126424	0.4082981	0.4033564	0.3958151	0.3842035	0.3714818	0.3578252	0.3468092	0.3387888	0.3367741	0.3378557	0.3477958	0.3677265	0.3912084	0.4148892	0.4326976	0.4459881	0.4541346	0.459764	0.463788	0.4656082	0.4675425	0.4678556	0.4687324	0.4699212	0.4698676	0.4705245	0.4717618	0.4709634	0.4721686	0.4715892	0.471996	0.4709069	0.4711386	0.472409	0.4718189	0.471706	0.4721596	0.471798	0.4715573	0.4702896	0.4714545	0.4696766	0.4698183	0.4691808	0.4703813	0.4710568	0.4692697	0.4686608
Barely	16/05/2025 08:40:23	116.0	 -Fe +N	0.1811478	0.1813183	0.1818309	0.1829934	0.1845673	0.1870092	0.1905172	0.1937027	0.1950519	0.1968204	0.1969474	0.1964526	0.1979926	0.1990458	0.202066	0.2043513	0.2100044	0.2180326	0.2259242	0.2367651	0.2473899	0.2598052	0.2717401	0.2823136	0.2931468	0.3014253	0.3085546	0.3145334	0.3175232	0.3216364	0.3246122	0.327669	0.3293	0.3314769	0.3320682	0.3331177	0.3338495	0.3346686	0.3345699	0.3343959	0.3350081	0.3335792	0.3330293	0.3318942	0.3318441	0.3311154	0.3301068	0.3294327	0.3298427	0.3285391	0.3285915	0.3284417	0.3283444	0.3278043	0.3268902	0.3254663	0.3240372	0.3233883	0.3223932	0.3217698	0.3218049	0.3209329	0.3200936	0.321027	0.3204312	0.3204387	0.3202582	0.3194591	0.3178451	0.3154088	0.3115237	0.3071992	0.3004431	0.2919293	0.2832073	0.2763003	0.2716162	0.2711763	0.2716679	0.2778306	0.2880728	0.3017391	0.3147686	0.3256562	0.3318758	0.3371153	0.3402233	0.3421438	0.3438954	0.344756	0.3441967	0.3440505	0.3455046	0.3447407	0.3458253	0.3459868	0.3449363	0.3466983	0.3458267	0.3461175	0.3464378	0.3457416	0.3459673	0.34684	0.3471897	0.3471201	0.3468696	0.3477507	0.3461415	0.3460424	0.345534	0.3455978	0.3454492	0.3470237	0.3459176	0.3466854	0.3473377
Barely	16/05/2025 08:40:33	117.0	 -Fe +N	0.1904936	0.1903631	0.1911061	0.1933373	0.1944005	0.1977391	0.2007299	0.2046282	0.2072056	0.2080266	0.2093558	0.209558	0.2095617	0.2109674	0.2137367	0.2175617	0.2244551	0.2320804	0.2423986	0.2535661	0.2675843	0.2803798	0.2941353	0.3069114	0.3184776	0.3291668	0.3370643	0.3437361	0.3481335	0.3528813	0.3566745	0.3589473	0.3614253	0.3640872	0.3648987	0.3661494	0.3672695	0.3673516	0.3676584	0.3676889	0.3669256	0.3657075	0.3646421	0.3641415	0.3642836	0.3624119	0.3623241	0.3608221	0.3615014	0.3610731	0.3610127	0.3612378	0.360028	0.3591481	0.3580504	0.356975	0.3541287	0.3545207	0.3526356	0.352004	0.3511816	0.3503903	0.350088	0.3497975	0.3503324	0.3500961	0.3492683	0.3489233	0.3463661	0.3436332	0.340163	0.3344256	0.3264178	0.3166119	0.3063918	0.2986988	0.2927677	0.291253	0.2930341	0.2991754	0.3121581	0.3274677	0.3436528	0.3546977	0.3631708	0.3698158	0.3721576	0.3751129	0.3759469	0.3779846	0.3775789	0.3778901	0.3781713	0.3793768	0.3792212	0.3800245	0.3796823	0.3807303	0.3795896	0.3810301	0.3800085	0.3808596	0.3814652	0.3797246	0.3811521	0.3817496	0.3802435	0.3814172	0.3797243	0.3792236	0.3801538	0.3797339	0.3780904	0.3793337	0.3803084	0.3823421	0.3810972
Barely	16/05/2025 08:40:51	118.0	 -Fe +N	0.2411653	0.2434198	0.2466019	0.2490269	0.2511788	0.2533564	0.2549582	0.2558209	0.2585432	0.2579254	0.2602311	0.2608685	0.2632928	0.2663546	0.2698407	0.2735993	0.278721	0.2860612	0.2940052	0.30419	0.3153427	0.3250644	0.3357602	0.3460434	0.3549012	0.3631316	0.3691118	0.3751211	0.3785717	0.3815601	0.3845294	0.3874698	0.3895222	0.3909632	0.392363	0.3935162	0.3948053	0.394956	0.3952754	0.3949243	0.3939104	0.3922126	0.3900892	0.3878931	0.386924	0.3859526	0.3843797	0.3832508	0.3829781	0.3820433	0.3824309	0.3823342	0.3822326	0.3811321	0.37949	0.3776568	0.3746569	0.3725792	0.3715882	0.3714641	0.3721055	0.3713272	0.3700716	0.3700684	0.3677611	0.3641273	0.3597268	0.3552668	0.3504887	0.3474102	0.3442382	0.339308	0.3315256	0.3240996	0.3150928	0.3087132	0.3059645	0.3048996	0.3066111	0.3141135	0.330461	0.3528471	0.3789515	0.4019027	0.4214561	0.4346471	0.4457189	0.4532045	0.4569207	0.4617839	0.4641616	0.4667838	0.4693944	0.4706128	0.4733154	0.4748408	0.4751785	0.4770149	0.477534	0.4783568	0.477356	0.4777792	0.4775871	0.4777272	0.479647	0.4794066	0.4789529	0.4802566	0.478798	0.47815	0.4791097	0.4777974	0.477128	0.4791535	0.4783135	0.4795784	0.4792106
Barely	16/05/2025 08:41:05	119.0	 -Fe +N	0.145882	0.1489318	0.1502865	0.1526926	0.1512973	0.154295	0.1558749	0.156393	0.1563341	0.1562327	0.158159	0.1574422	0.1595796	0.1617339	0.1661979	0.1709849	0.1783793	0.1878371	0.2006253	0.214187	0.2292186	0.2446164	0.260176	0.2746211	0.2878996	0.2988016	0.3072727	0.3145825	0.3180527	0.3231389	0.3253504	0.3271174	0.32984	0.3307363	0.3317722	0.3325796	0.3329777	0.3324594	0.3313566	0.3300963	0.3266342	0.323434	0.3200307	0.3159801	0.3135995	0.3105977	0.3080056	0.3059204	0.304068	0.3032354	0.3015395	0.301245	0.2993677	0.2977478	0.2944797	0.2909294	0.2870457	0.2851949	0.2814021	0.2792941	0.2781416	0.2775815	0.2776381	0.2746597	0.2713606	0.2650173	0.258626	0.2528518	0.2457885	0.2395969	0.2349445	0.2281768	0.2182571	0.2073752	0.196759	0.188463	0.1831093	0.1841551	0.1887269	0.2004123	0.2228923	0.2551234	0.2914651	0.3235797	0.3468986	0.3642618	0.3755163	0.3843353	0.3896862	0.3939865	0.3970029	0.39876	0.4021059	0.4036163	0.404953	0.4059218	0.4071744	0.4094951	0.4101148	0.4096364	0.4094446	0.4089323	0.4107652	0.4090489	0.4100644	0.4095778	0.4085664	0.4083032	0.4078624	0.4082803	0.4085679	0.407132	0.405979	0.4077598	0.4071693	0.408384	0.4082165
Barely	16/05/2025 08:41:20	120.0	 -Fe +N	0.172094	0.1775099	0.1797703	0.1804712	0.1828984	0.1840187	0.1865809	0.1884436	0.1891952	0.1885399	0.1900799	0.1915987	0.1927677	0.1970659	0.2034415	0.2092333	0.2218299	0.2345318	0.2511532	0.2703751	0.291608	0.3106437	0.3309515	0.3502667	0.3660525	0.3791091	0.3902808	0.3986964	0.4022962	0.4073731	0.4109836	0.4142544	0.4155652	0.4173039	0.417706	0.4193693	0.419323	0.4186046	0.417192	0.4158817	0.4122564	0.4083153	0.4036695	0.3996095	0.3972573	0.3938999	0.3906099	0.3884769	0.385979	0.3844948	0.3828557	0.3818216	0.3797766	0.3775953	0.3748788	0.3717996	0.3658139	0.3629508	0.3588983	0.3566853	0.3560331	0.3535958	0.3525209	0.3496764	0.3443411	0.3374539	0.3297004	0.323716	0.3142984	0.3073716	0.3009679	0.2925378	0.2796838	0.264524	0.2496197	0.2373296	0.2298619	0.2295717	0.2337027	0.2482081	0.2779501	0.3183388	0.3596299	0.3946477	0.4200077	0.4368096	0.4485072	0.4571	0.4618737	0.4664637	0.4692025	0.4717256	0.4738789	0.4748563	0.47633	0.4772871	0.4785043	0.4795552	0.4802837	0.4813851	0.4799001	0.479561	0.4784478	0.4794067	0.4798504	0.4782048	0.4780193	0.4788566	0.4768932	0.4775894	0.4764763	0.475512	0.475618	0.474526	0.476193	0.4756939	0.4749286
Barely	16/05/2025 08:41:30	121.0	 -Fe +N	0.1811478	0.1849843	0.1847477	0.1882372	0.1897625	0.1922789	0.1958711	0.1976163	0.2011689	0.2030331	0.2031721	0.2040596	0.2042675	0.2065336	0.2108386	0.2156515	0.2234897	0.2346945	0.2483428	0.2634649	0.2806257	0.2989387	0.3164081	0.3327729	0.3488584	0.3621621	0.3724243	0.3814576	0.3857288	0.3907665	0.3948179	0.3980135	0.400443	0.4025323	0.4037106	0.4050546	0.4056544	0.4065941	0.4054196	0.4047592	0.4035406	0.4011066	0.3986071	0.3963855	0.3947807	0.3933054	0.3917948	0.3897799	0.3890649	0.387897	0.3874832	0.3869933	0.3860102	0.3840166	0.3811067	0.3783313	0.3736337	0.3718648	0.3682813	0.367046	0.3663313	0.3645567	0.3643937	0.3629749	0.3622637	0.3602454	0.3590434	0.3554894	0.3514838	0.3449077	0.3388046	0.3277126	0.3141648	0.2979372	0.2816952	0.2691985	0.26037	0.2579573	0.2595332	0.2690771	0.292889	0.3238553	0.3555492	0.3797411	0.3975029	0.4084675	0.4164785	0.4212078	0.4238219	0.4266573	0.4272115	0.42895	0.4296118	0.4317043	0.4321268	0.4319457	0.4326789	0.4332684	0.4338801	0.433065	0.4330582	0.4334077	0.4337334	0.4330924	0.4339568	0.4336315	0.4329046	0.4330412	0.4326088	0.4314889	0.4317828	0.4304534	0.4309385	0.4311824	0.4314716	0.4310519	0.4317984
Barely	16/05/2025 08:41:39	122.0	 -Fe +N	0.2288989	0.2297579	0.2313011	0.2347872	0.2375381	0.2425957	0.246977	0.2498001	0.2513592	0.2529886	0.2516679	0.2512314	0.2529138	0.2567569	0.2633479	0.2695812	0.2808465	0.294975	0.3094011	0.3271462	0.3453994	0.3646734	0.3819543	0.3979463	0.4129872	0.4242171	0.4339167	0.44175	0.4453136	0.4494387	0.4539674	0.4568025	0.4588666	0.4604984	0.461448	0.4628268	0.4631756	0.4642897	0.4630865	0.4615566	0.4611491	0.4597365	0.4569885	0.4546698	0.4539447	0.4523111	0.45062	0.449686	0.448876	0.447776	0.4474144	0.4472068	0.4469937	0.4448706	0.442132	0.4407644	0.436519	0.4359211	0.4326887	0.4313503	0.4302339	0.4288011	0.4277413	0.4268403	0.4260886	0.4233236	0.422116	0.4190919	0.4150758	0.40956	0.4039506	0.3944434	0.38166	0.3673385	0.3524714	0.3403815	0.3316266	0.3296514	0.3318265	0.3427212	0.3659792	0.3935555	0.4210236	0.4408209	0.4555503	0.4648339	0.4704329	0.4761396	0.4766351	0.4794439	0.4799393	0.4807236	0.4817505	0.4827035	0.4832158	0.4846683	0.4845281	0.4857328	0.4853651	0.485347	0.4844954	0.4856266	0.4850169	0.4852306	0.4855083	0.4857468	0.4838086	0.4846035	0.4834906	0.4825739	0.4835471	0.4833317	0.4813307	0.4810439	0.4829274	0.4835882	0.481755
Barely	16/05/2025 08:41:51	123.0	 -Fe +N	0.2072868	0.2074896	0.2105535	0.2138913	0.2149557	0.2198745	0.2240946	0.2268332	0.2295436	0.2298001	0.2296581	0.2287242	0.2293594	0.2326694	0.2393404	0.2448583	0.2543731	0.2683384	0.2839286	0.3010902	0.3205809	0.3411393	0.3598601	0.3783119	0.3945285	0.4085142	0.4194898	0.4286813	0.4334009	0.4396919	0.4436239	0.4470092	0.4499189	0.4515141	0.4528049	0.4538126	0.4555106	0.4554646	0.454746	0.4541144	0.4528714	0.4510761	0.4485753	0.4463173	0.4455502	0.4433356	0.4422373	0.440416	0.4400236	0.4393496	0.4387993	0.4389013	0.4382091	0.4358553	0.433362	0.4320373	0.426859	0.4261252	0.4227408	0.421277	0.4216322	0.4189414	0.4189217	0.4173183	0.4162111	0.41439	0.4117168	0.4092427	0.4050844	0.3985253	0.3927722	0.3832251	0.3697555	0.3544053	0.3386707	0.3265274	0.317485	0.314855	0.3182933	0.329242	0.3534404	0.38482	0.4134682	0.4355923	0.4505764	0.461814	0.4677582	0.4722986	0.4744164	0.4766969	0.4772003	0.4776994	0.4801598	0.479436	0.4801217	0.481294	0.4810966	0.4810277	0.4811217	0.481822	0.480745	0.4814073	0.4817465	0.4824193	0.4821914	0.483328	0.4806585	0.48173	0.4819894	0.4806516	0.4811927	0.4805861	0.4787821	0.4788763	0.4805575	0.4812534	0.4795209
Barely	16/05/2025 08:42:07	124.0	 -Fe +N	0.2077979	0.2107519	0.2121124	0.2166924	0.219599	0.2220218	0.2270841	0.2303574	0.2322733	0.2320484	0.2307387	0.2309967	0.2317642	0.2358348	0.241441	0.2486239	0.2578583	0.2722778	0.2875275	0.3056911	0.3250605	0.3454252	0.3657619	0.3832254	0.3992138	0.4128957	0.4243144	0.4322853	0.4368995	0.4430003	0.4473531	0.4504657	0.453432	0.4555049	0.4570085	0.4577799	0.4585147	0.4596557	0.4583029	0.4580452	0.4563816	0.455045	0.4531167	0.4508882	0.4496157	0.4479969	0.4458901	0.4454665	0.4436949	0.4434598	0.4427053	0.4424095	0.4427727	0.4402259	0.4380259	0.4350573	0.4307252	0.4297105	0.4269708	0.4258647	0.4249658	0.4231737	0.4231509	0.4223546	0.4210798	0.4184709	0.416485	0.4138334	0.4097365	0.4041089	0.3969323	0.3875254	0.3738433	0.3582527	0.3420127	0.3295101	0.3211728	0.318299	0.3216997	0.3320647	0.3575839	0.3875572	0.4171423	0.4389688	0.4547609	0.465315	0.471692	0.4758229	0.4785229	0.4790791	0.4796357	0.4800664	0.4825809	0.4830704	0.4832802	0.4845417	0.4843771	0.4848456	0.4851849	0.4856119	0.4841761	0.485327	0.4859801	0.4857851	0.4863294	0.4857226	0.4855708	0.4857981	0.4851956	0.4825019	0.4831468	0.4838157	0.4826636	0.4832554	0.4836499	0.4852767	0.4836167
Barely	16/05/2025 08:42:16	125.0	 -Fe +N	0.2164136	0.2194468	0.220869	0.2219861	0.2230961	0.2270375	0.2304996	0.2347127	0.2370776	0.2370324	0.2394434	0.2392079	0.2405634	0.2444117	0.2476828	0.2548781	0.2640761	0.2759861	0.2897911	0.3072554	0.3253134	0.3448669	0.3633774	0.3816448	0.3972294	0.4105593	0.4225116	0.4323122	0.4372548	0.4438089	0.4476264	0.4509083	0.4539016	0.4560902	0.4574251	0.4584467	0.4600399	0.460177	0.459294	0.4585371	0.4573334	0.4559376	0.4531897	0.4516388	0.4498444	0.4478965	0.4461817	0.444968	0.4444155	0.4427775	0.4425665	0.4426053	0.4415364	0.4400364	0.4378389	0.4359569	0.4314253	0.4306691	0.4273081	0.4258999	0.4253229	0.4240065	0.423213	0.4214819	0.4198321	0.4174873	0.4133508	0.4102443	0.4054102	0.4004009	0.3947815	0.3869478	0.3744743	0.3603836	0.3449137	0.3325128	0.3237329	0.3204718	0.3237584	0.3358072	0.3604192	0.3889914	0.4172508	0.439315	0.4557623	0.4651814	0.4716833	0.4764761	0.4794439	0.4817386	0.4822118	0.48209	0.4847812	0.4838506	0.4857267	0.4869881	0.4867799	0.4867987	0.4872866	0.4870929	0.4856987	0.4871792	0.4878088	0.4876707	0.4882953	0.4888585	0.4881631	0.4889029	0.4873832	0.4870985	0.4857521	0.4861483	0.4847167	0.4847404	0.4864964	0.4850966	0.4847338
Barely	16/05/2025 08:42:27	126.0	 -Fe +N	0.1964807	0.1983849	0.1997733	0.199381	0.2008401	0.204628	0.2069391	0.2097989	0.212999	0.2152486	0.2161175	0.218602	0.2194775	0.2219778	0.2238908	0.2291142	0.2371726	0.2469912	0.2604699	0.2757914	0.2947509	0.3139872	0.3340949	0.3548701	0.3720139	0.3901276	0.4037451	0.4142964	0.420463	0.4286869	0.4343286	0.4389108	0.4427644	0.4456974	0.4474033	0.4488547	0.4506062	0.4500219	0.4499749	0.4490434	0.447428	0.4451136	0.4414744	0.4395877	0.4371133	0.4351301	0.4338129	0.4309082	0.4305757	0.4289302	0.4288744	0.4277821	0.4269563	0.424473	0.4228596	0.4196423	0.4140415	0.4129879	0.4096441	0.4073194	0.4068695	0.4054967	0.40488	0.4028981	0.4004774	0.3970564	0.3925098	0.3898503	0.3833728	0.3763636	0.3690854	0.3590923	0.344519	0.3280653	0.3109341	0.296332	0.2866112	0.2829571	0.2858757	0.2979068	0.325119	0.3598346	0.3960418	0.4229724	0.4438087	0.4556775	0.4648892	0.4710643	0.474615	0.4771795	0.4788141	0.4815086	0.4823325	0.4837037	0.4835599	0.484837	0.4852326	0.4862077	0.4854301	0.4868217	0.4864485	0.4863379	0.4863392	0.4871627	0.4864061	0.4880867	0.4874676	0.4876943	0.4865705	0.4860304	0.4856266	0.4856168	0.4838216	0.4855936	0.4861661	0.4858151	0.4852302
Barely	16/05/2025 08:42:37	127.0	 -Fe +N	0.1750146	0.1759142	0.1783501	0.1800669	0.1812427	0.1825886	0.1854093	0.1878762	0.190472	0.1924104	0.1947756	0.1973551	0.1970501	0.198926	0.2010833	0.205593	0.2119824	0.2215813	0.2338243	0.2482557	0.2668617	0.2862505	0.3075323	0.327969	0.3473651	0.3665897	0.3819009	0.3938638	0.4023616	0.4101612	0.4181601	0.4233977	0.427934	0.4318311	0.4348344	0.4364225	0.437828	0.438275	0.4380265	0.4372153	0.4347966	0.4325148	0.4284462	0.4259197	0.4239716	0.4210791	0.4189343	0.4168242	0.4148885	0.414044	0.4132199	0.4122412	0.4110337	0.4088944	0.4053192	0.4028234	0.3966899	0.3947707	0.3908998	0.3892462	0.3880886	0.3860455	0.3854399	0.3832555	0.3806308	0.3761413	0.3709042	0.3663124	0.3590479	0.3516416	0.3439269	0.3336319	0.3185248	0.3000681	0.2830884	0.2676773	0.2571699	0.2535345	0.2555526	0.2678084	0.2972256	0.3352633	0.375325	0.4078877	0.4314959	0.4467637	0.458646	0.464693	0.4697929	0.4728185	0.4740818	0.4754599	0.4783161	0.478255	0.4797338	0.481294	0.4816465	0.4826903	0.4815613	0.4838812	0.4820312	0.4826416	0.4828691	0.4835292	0.4842273	0.4847931	0.4828684	0.4835268	0.484712	0.4837128	0.4830785	0.4814651	0.479928	0.4814393	0.4833119	0.481328	0.4830582
Barely	16/05/2025 08:42:48	128.0	 -Fe +N	0.1693195	0.1733241	0.1754413	0.1767394	0.1772574	0.1798728	0.1797373	0.1826357	0.1839927	0.1852513	0.1872163	0.1873137	0.1888769	0.1924221	0.1966628	0.2001341	0.2103663	0.2203249	0.2335273	0.2504123	0.2686319	0.2875858	0.3059798	0.3242877	0.339794	0.3544303	0.3659363	0.3750627	0.3808399	0.386796	0.3914685	0.3948505	0.3971025	0.3993992	0.4009512	0.4023662	0.4035479	0.4039099	0.4024858	0.4014661	0.3983416	0.3961773	0.3919773	0.3879806	0.3865002	0.3832259	0.3806167	0.3779758	0.3769266	0.3750641	0.3744301	0.3730307	0.3719741	0.3698602	0.367585	0.3642282	0.3593302	0.3567959	0.35325	0.3513722	0.3511519	0.349345	0.3475861	0.3452815	0.3410881	0.3341349	0.3267466	0.3214624	0.3126327	0.3067289	0.300034	0.2920329	0.2807618	0.2657078	0.2504675	0.2380455	0.2296486	0.2256177	0.2290985	0.2419918	0.2701201	0.3086018	0.3485675	0.380644	0.4035963	0.4192903	0.4295052	0.4371083	0.4412119	0.4439213	0.4462755	0.4469184	0.4501248	0.4504836	0.4515514	0.4523599	0.4543832	0.4555918	0.4543862	0.4563054	0.4549257	0.4557803	0.4555207	0.4560839	0.4564203	0.4573455	0.4558141	0.4558332	0.4555859	0.4538327	0.4546965	0.4533051	0.4536826	0.4543374	0.4546642	0.453922	0.454946
Barely	16/05/2025 08:43:01	129.0	 -Fe +N	0.1741384	0.1758375	0.1759282	0.1776616	0.1775068	0.1799886	0.1812007	0.1837508	0.1835053	0.1878314	0.1886382	0.1893453	0.1913698	0.1927277	0.1960532	0.200428	0.2074921	0.2165755	0.2282944	0.2427528	0.2609371	0.2807322	0.3000255	0.3210037	0.3403729	0.3575637	0.3731723	0.3849812	0.3914991	0.3990429	0.4057872	0.4102835	0.4147429	0.4174952	0.4197333	0.4221622	0.4229893	0.4225483	0.4221677	0.4202887	0.4178021	0.4138136	0.4100276	0.4055603	0.4033522	0.3998328	0.3969669	0.3940982	0.3923248	0.390494	0.3892566	0.3882096	0.3876635	0.384236	0.3809477	0.3776866	0.371212	0.3698905	0.3651323	0.3622137	0.3609739	0.3595006	0.3583676	0.3557757	0.3517976	0.3447898	0.3376989	0.3326192	0.3242575	0.3166844	0.3097408	0.2997368	0.2860251	0.2696144	0.2528534	0.2388821	0.2287647	0.2251216	0.2268575	0.2392008	0.2681054	0.3085735	0.3511896	0.3880943	0.4162517	0.4349004	0.4476602	0.4567438	0.4623331	0.4670764	0.4689466	0.4722683	0.474807	0.4759283	0.4767409	0.4777932	0.479425	0.4799636	0.4809258	0.4811177	0.4802707	0.4804997	0.4824963	0.4821297	0.4822196	0.4829389	0.4816745	0.4820414	0.4812388	0.480429	0.4802052	0.4791562	0.4779705	0.4804857	0.4800924	0.4805183	0.4803897
Barely	16/05/2025 08:43:10	130.0	 -Fe +N	0.1864048	0.1883912	0.1894367	0.1930151	0.1924078	0.1958518	0.1982767	0.2038485	0.2072221	0.2082566	0.2102724	0.2086138	0.2100305	0.2118352	0.215455	0.2198815	0.2276326	0.2380404	0.2518262	0.2687226	0.287598	0.3061193	0.3250118	0.3439508	0.3605972	0.3747137	0.3875023	0.3980409	0.4026998	0.4106091	0.4164598	0.4210658	0.4251707	0.4288379	0.4294064	0.4318882	0.4327609	0.434633	0.4331697	0.4335198	0.4321713	0.4300096	0.4284447	0.425712	0.4245207	0.4229969	0.4211722	0.4203575	0.4194162	0.4187966	0.4184074	0.4182529	0.418118	0.4157417	0.4136344	0.4110107	0.4063745	0.4050892	0.4015602	0.3994584	0.3990118	0.3971315	0.3976468	0.3962631	0.3968657	0.395903	0.39474	0.3933003	0.3893401	0.383474	0.3766131	0.3656174	0.3501411	0.334014	0.3160788	0.3019942	0.2929505	0.2897896	0.2921323	0.3020615	0.3257609	0.3558849	0.3857521	0.4091313	0.4256332	0.4373276	0.4433648	0.448211	0.4506746	0.4524831	0.4531297	0.4537478	0.4538018	0.454223	0.455102	0.4552702	0.4549133	0.4560058	0.4555575	0.4558645	0.4560032	0.4552739	0.4552759	0.4555522	0.4556402	0.4577429	0.4562709	0.4565953	0.4562636	0.4543544	0.4543352	0.4536815	0.4536247	0.4524348	0.453773	0.4538092	0.4541393
Barely	16/05/2025 08:43:20	131.0	 -Fe +N	0.2272196	0.2290247	0.2288791	0.2340496	0.2371428	0.2422777	0.2467086	0.2520843	0.2532118	0.2531276	0.2506336	0.2487608	0.2496219	0.252441	0.2598779	0.266079	0.2767112	0.2886725	0.3027767	0.318609	0.3339113	0.3494074	0.3627892	0.3756308	0.3851422	0.3935945	0.3998272	0.405518	0.4075585	0.4107922	0.4138652	0.415813	0.4166746	0.4188629	0.4190986	0.419501	0.4196363	0.4204073	0.419829	0.4205167	0.4198892	0.4192391	0.4178763	0.4170962	0.4169984	0.4165957	0.415894	0.4153364	0.415453	0.4151694	0.4148972	0.4145687	0.413984	0.4140067	0.412635	0.411722	0.4088406	0.40984	0.4080238	0.4074504	0.4074945	0.4059022	0.4058207	0.4065628	0.405751	0.4058893	0.4058148	0.4052919	0.4045806	0.4013916	0.3979228	0.39297	0.3846592	0.3766906	0.3674505	0.3603095	0.3557344	0.3549295	0.3577639	0.3637488	0.3753103	0.3890918	0.4009643	0.4098758	0.4152633	0.4193734	0.4217692	0.4238889	0.4246257	0.4237908	0.4239031	0.4241403	0.4240014	0.4233473	0.424106	0.4248176	0.4249102	0.4253122	0.423708	0.4239607	0.4232123	0.4242118	0.4235556	0.4246158	0.4248727	0.4240114	0.4242363	0.4241862	0.423704	0.4239801	0.4230472	0.4233817	0.4230746	0.4238963	0.4237541	0.423168	0.4224898
Barely	16/05/2025 08:43:28	132.0	 -Fe +N	0.2432097	0.2440966	0.2462228	0.2501755	0.2542116	0.2595653	0.2660399	0.2692787	0.2714299	0.2711573	0.2688473	0.2660064	0.2676207	0.2731656	0.2780223	0.2858762	0.2969839	0.3105531	0.3260762	0.3419471	0.359633	0.3736584	0.3886716	0.4002333	0.4111486	0.42027	0.4263709	0.4317606	0.4348991	0.4379766	0.4412455	0.4420909	0.4444936	0.445964	0.4460898	0.4465867	0.448249	0.4475852	0.4478742	0.4472061	0.4471399	0.4468036	0.4455578	0.445334	0.4448177	0.444157	0.4438496	0.442897	0.4436091	0.4427048	0.4428451	0.4420709	0.4423681	0.4415654	0.4406024	0.4394965	0.4364966	0.4368924	0.4349207	0.43516	0.4351747	0.4340464	0.4335583	0.4332923	0.4332597	0.4343852	0.4346408	0.4331145	0.4318074	0.4296874	0.4259113	0.4203945	0.413013	0.4046583	0.3945042	0.3862849	0.3817317	0.3814154	0.3822887	0.3891215	0.4003942	0.4149561	0.4269639	0.4360443	0.4426775	0.4461532	0.4489128	0.4514389	0.4518804	0.4516282	0.4516984	0.4516012	0.4510024	0.4512339	0.4515518	0.4520224	0.4514991	0.4525952	0.451428	0.4526638	0.4513766	0.4517925	0.4515151	0.4520175	0.4514328	0.4536996	0.4514582	0.4519046	0.4509651	0.4510637	0.4493213	0.4497976	0.4494961	0.4491576	0.4493283	0.4501639	0.4504158
Barely	16/05/2025 10:08:16	142.0	 +Fe +N	0.08478039	0.08553169	0.08476147	0.08363464	0.08501616	0.08488835	0.08368251	0.08279118	0.0828445	0.08187295	0.0815603	0.08209877	0.08144659	0.08183462	0.08186215	0.08209893	0.08363565	0.08581149	0.08912764	0.09395498	0.09920592	0.1075534	0.1168874	0.1291984	0.1421718	0.1550405	0.1684655	0.179253	0.1855865	0.1933992	0.1977251	0.2002916	0.2021683	0.2038929	0.2044883	0.2052708	0.2046904	0.2019123	0.1978834	0.1925661	0.1845955	0.1764823	0.167794	0.1600922	0.1550332	0.1497105	0.1447718	0.1405732	0.1372016	0.1345254	0.1325308	0.1314601	0.1302212	0.1277217	0.1238406	0.1198557	0.1163242	0.1130377	0.1097873	0.1076713	0.1066168	0.1056124	0.1048832	0.10372	0.1002757	0.09650015	0.09286264	0.09014156	0.08675727	0.08457117	0.08222463	0.08017035	0.07733867	0.07403312	0.07372219	0.07263725	0.07314056	0.07489565	0.07794949	0.08100128	0.08577034	0.09276366	0.1055827	0.1267005	0.154911	0.1872197	0.2205207	0.2521397	0.2817793	0.3090861	0.3352566	0.3624169	0.3872568	0.4096741	0.4310747	0.4506964	0.4658143	0.4796856	0.4906449	0.4992914	0.5059554	0.5093141	0.5106268	0.5136366	0.5136941	0.5142894	0.5147373	0.5139681	0.5138967	0.511773	0.5112675	0.5119959	0.513526	0.5124676	0.5131399	0.5131974	0.5137748
Barely	16/05/2025 10:08:41	143.0	 +Fe +N	0.08740698	0.08936472	0.0887239	0.08816875	0.0877214	0.08766526	0.08720735	0.08701151	0.08684027	0.08658588	0.08621335	0.08687397	0.08660838	0.08665555	0.08686941	0.08804556	0.09054362	0.09448749	0.09837392	0.1052359	0.1120418	0.1226234	0.1337924	0.1474855	0.1626138	0.1778032	0.1917688	0.20352	0.2096144	0.2170352	0.2213355	0.2248759	0.2263826	0.2281927	0.2292575	0.2303417	0.2287842	0.2265526	0.2221753	0.2165981	0.2091928	0.2003832	0.1914543	0.1831476	0.1790481	0.1720363	0.1669563	0.162204	0.158563	0.156178	0.1540375	0.1523339	0.1501625	0.1479428	0.1447691	0.1398938	0.1353864	0.1319101	0.1276612	0.1256829	0.1236228	0.1230082	0.1218219	0.1202028	0.1167543	0.1116117	0.1070531	0.1040723	0.0986945	0.09608497	0.09424428	0.0912196	0.08753675	0.08374679	0.08219973	0.08129297	0.08195454	0.08361838	0.08734467	0.09088575	0.09675792	0.1066426	0.1229024	0.1472156	0.1790442	0.2128317	0.2473874	0.2781803	0.3075752	0.3327622	0.3553473	0.3780948	0.398122	0.4167137	0.4330428	0.4467538	0.4583545	0.4680414	0.4758599	0.4818079	0.4851492	0.487947	0.489537	0.489172	0.4893965	0.489293	0.4898895	0.4887506	0.4882344	0.4874807	0.486789	0.4872407	0.4885515	0.4869088	0.4871573	0.4881819	0.4866675
Barely	16/05/2025 10:08:56	144.0	 +Fe +N	0.09565154	0.09539768	0.09614473	0.0966056	0.09432579	0.09537539	0.09328269	0.0940862	0.09300505	0.09374694	0.09265965	0.09375605	0.09304122	0.09372904	0.09329593	0.09355782	0.09466472	0.09627497	0.09893321	0.1035409	0.1082345	0.1156351	0.1231433	0.1333241	0.1456497	0.157233	0.169611	0.1796487	0.1848223	0.1910924	0.1957565	0.1984101	0.2002028	0.2017289	0.2024026	0.2038656	0.2025328	0.2008634	0.1972119	0.1918434	0.1848553	0.1770331	0.1693673	0.1617986	0.1580574	0.1521332	0.1475079	0.1446772	0.1419934	0.1387447	0.1383006	0.1362222	0.1353377	0.1323073	0.1295142	0.1271972	0.1230549	0.1205253	0.1175777	0.1151189	0.1141317	0.113999	0.1130897	0.1115365	0.1091916	0.1058366	0.1027863	0.1008921	0.09713885	0.09501256	0.09367327	0.0921703	0.08916454	0.08805069	0.08654115	0.08660673	0.08783052	0.08861148	0.0910325	0.09383825	0.09808839	0.1039306	0.1153032	0.1333518	0.1575391	0.18618	0.216852	0.2464838	0.2738786	0.3008707	0.3265311	0.3515359	0.3765339	0.4000607	0.4200616	0.4393829	0.4561717	0.4695776	0.4800902	0.4899217	0.4953171	0.5000232	0.502599	0.504089	0.5052734	0.504292	0.5059895	0.505464	0.5054312	0.5056036	0.5046818	0.5052943	0.5047148	0.5063698	0.5061845	0.5056415	0.5079616
Barely	16/05/2025 10:09:11	145.0	 +Fe +N	0.08208084	0.08616326	0.08442295	0.08461987	0.08487846	0.08359505	0.08289931	0.08186946	0.08318068	0.0817441	0.08215165	0.08171463	0.08068182	0.08150429	0.08078657	0.08084972	0.08320423	0.08369111	0.08591012	0.0882927	0.09217158	0.09841637	0.104689	0.1137369	0.1242507	0.1348624	0.1445876	0.1544882	0.1593056	0.164878	0.1692767	0.171991	0.1735672	0.1752011	0.1758279	0.1762464	0.1756542	0.1741317	0.1699858	0.1649678	0.1587498	0.1511932	0.1443414	0.1381116	0.1336931	0.1296662	0.1260471	0.1228809	0.1199542	0.118552	0.1171885	0.1153527	0.114179	0.112353	0.1105713	0.107427	0.104416	0.1018509	0.1000026	0.09823917	0.09685629	0.09707046	0.0963111	0.09605711	0.09357765	0.09121775	0.08880993	0.08690513	0.08408884	0.08259341	0.08153943	0.07998341	0.07881935	0.07696216	0.07628564	0.07604031	0.07675893	0.07788445	0.0804307	0.08193196	0.08516157	0.09041581	0.09887677	0.1145111	0.1359372	0.1605483	0.1894852	0.2181626	0.2458921	0.2725005	0.2995124	0.3257718	0.3513532	0.3775077	0.4012466	0.4225412	0.4411672	0.4569363	0.4696273	0.481294	0.4878246	0.4942742	0.4984989	0.5013875	0.5020813	0.5028966	0.5036285	0.5045503	0.5044825	0.5048494	0.5044058	0.5042995	0.5044607	0.5047337	0.5053403	0.5053537	0.5052445
Barely	16/05/2025 10:09:32	146.0	 +Fe +N	0.08857435	0.08844333	0.08660106	0.08655595	0.08760693	0.08629927	0.08509769	0.0850967	0.08436927	0.084472	0.08346	0.08382703	0.08332323	0.08382235	0.08442403	0.08464893	0.08552614	0.08748767	0.08968251	0.09424169	0.09967729	0.1056334	0.1140969	0.1245991	0.1362552	0.1497992	0.161872	0.1716703	0.1778973	0.1840436	0.1891085	0.1916576	0.1936776	0.1944811	0.1957567	0.1964495	0.195124	0.1929996	0.1893166	0.1841199	0.1773772	0.168847	0.1607083	0.1536452	0.149979	0.1431279	0.1388237	0.1353794	0.1325488	0.1304859	0.1291398	0.1274723	0.1254305	0.1236395	0.1206387	0.1171092	0.1142127	0.1103341	0.1077282	0.1064799	0.1046707	0.1044602	0.1036072	0.1023672	0.09930437	0.09663261	0.09212805	0.09008527	0.08675149	0.08573557	0.08339519	0.08159686	0.07974111	0.07806803	0.07631717	0.07647978	0.07635689	0.07842147	0.080605	0.08360077	0.08750338	0.09387213	0.1044676	0.1228521	0.1482405	0.1777695	0.208635	0.2397754	0.2685693	0.297475	0.3257628	0.3529284	0.3793758	0.4043189	0.4287404	0.4491965	0.4671917	0.4831083	0.4969321	0.5057461	0.5135691	0.5175961	0.522631	0.5234574	0.5245274	0.5240221	0.5265452	0.5262259	0.5262269	0.5238196	0.5251452	0.5260513	0.526666	0.5252062	0.5274051	0.5268513	0.5269177
Barely	16/05/2025 10:09:43	147.0	 +Fe +N	0.09076317	0.09046726	0.09137899	0.09099438	0.09112661	0.08972946	0.09011092	0.0897775	0.08873183	0.08963637	0.08802027	0.08907442	0.08786738	0.08872167	0.08878769	0.08996932	0.09224109	0.09520781	0.09986419	0.1046514	0.1121143	0.1220712	0.1336395	0.1458344	0.1603362	0.1756016	0.1887506	0.1995416	0.2059947	0.2139671	0.2181007	0.2207621	0.2242374	0.2250694	0.2266294	0.2273863	0.2266821	0.2238901	0.2198628	0.213722	0.2066197	0.1978245	0.1886616	0.1811325	0.1760303	0.1697641	0.164229	0.1598441	0.1571537	0.1542227	0.151982	0.1507242	0.1486844	0.1464091	0.1425111	0.1387872	0.1343351	0.1302588	0.1266838	0.1236727	0.1229341	0.120899	0.1202521	0.1196359	0.1149304	0.1104832	0.1068525	0.1034531	0.09863024	0.09645298	0.09381602	0.09071769	0.08821335	0.08506187	0.08196887	0.0812215	0.08074842	0.08303425	0.085575	0.08979461	0.09494502	0.1044685	0.1184485	0.1420619	0.1728238	0.2068471	0.240747	0.2733309	0.3029241	0.3306397	0.3556566	0.3801408	0.4027164	0.4244355	0.4413468	0.4582387	0.4718814	0.4834427	0.4915745	0.4981256	0.5035029	0.5063146	0.5070087	0.5096089	0.5104811	0.5092439	0.5104198	0.5094471	0.5098628	0.5089337	0.5087721	0.5104166	0.5102362	0.5095223	0.5090309	0.5113703	0.5094781
Barely	16/05/2025 10:09:52	148.0	 +Fe +N	0.09360864	0.09408871	0.09463505	0.09425404	0.09394561	0.09269623	0.0938133	0.09204735	0.09160899	0.09158588	0.09195065	0.09287428	0.09242596	0.09229938	0.09414116	0.09411973	0.09676107	0.09953555	0.1046102	0.112356	0.1200914	0.1297198	0.1419835	0.1568702	0.1711089	0.1873571	0.2018629	0.2147639	0.2207499	0.2285606	0.2332579	0.2359369	0.2379871	0.2400901	0.2406919	0.2418805	0.2411482	0.2384656	0.2346418	0.2274922	0.2202417	0.2107769	0.2017477	0.1930515	0.1881123	0.1812818	0.1755226	0.17096	0.1675625	0.163582	0.1621608	0.1603848	0.1590892	0.1558007	0.1515246	0.1475969	0.1430913	0.1378115	0.1341092	0.1313346	0.1297305	0.1290114	0.1281913	0.1260665	0.1219359	0.1170892	0.1118595	0.1084344	0.1040668	0.100652	0.09866956	0.09485865	0.09150812	0.08694483	0.0854633	0.08498221	0.08495438	0.08663907	0.09043993	0.09531451	0.10236	0.1122172	0.1293735	0.155647	0.1886064	0.2244955	0.2603055	0.2926278	0.3224876	0.3488925	0.3744067	0.3982455	0.4184387	0.4389567	0.4553984	0.4716092	0.4837425	0.4950486	0.5025449	0.5090719	0.5133489	0.5146176	0.5174209	0.5187251	0.5178812	0.5164941	0.5172832	0.5169847	0.5173579	0.5160815	0.5166407	0.5156585	0.5154167	0.5160275	0.5148245	0.5178843	0.5173765
Barely	16/05/2025 10:10:08	149.0	 +Fe +N	0.08886619	0.08850905	0.08887594	0.08977287	0.08883103	0.08864444	0.08764336	0.08630175	0.08651623	0.08622239	0.08620683	0.08514395	0.08527788	0.0851905	0.08596067	0.08620245	0.08913945	0.09094169	0.09459192	0.09939746	0.1066028	0.1140521	0.1244188	0.1369352	0.1505608	0.1645914	0.177572	0.1889735	0.1946103	0.2018325	0.2063101	0.2096277	0.2113588	0.2131413	0.2139281	0.214816	0.2142586	0.2115517	0.207331	0.2013649	0.1941319	0.1861162	0.1776535	0.1698275	0.1647097	0.1584203	0.1535031	0.1496052	0.146715	0.1438045	0.1418934	0.1409324	0.138858	0.1365918	0.133841	0.1298939	0.1257716	0.1211736	0.118248	0.116101	0.1141317	0.1145421	0.1129356	0.1113154	0.1088946	0.1050177	0.1007042	0.09830299	0.09429878	0.09132401	0.08964769	0.08713011	0.0840851	0.0816845	0.0797173	0.07917772	0.07982063	0.08116708	0.08452664	0.08732349	0.09240433	0.1003249	0.1139593	0.1355804	0.163451	0.1972115	0.2304677	0.2623804	0.2909567	0.3191333	0.3449308	0.3693679	0.3928342	0.4146437	0.4335297	0.4509106	0.4651173	0.4773587	0.4866513	0.4957388	0.499888	0.5019992	0.5061978	0.5075502	0.5071507	0.5068101	0.5081721	0.5075446	0.5073459	0.507316	0.5068022	0.5070647	0.5067802	0.5066138	0.5052153	0.5065596	0.5073929
Barely	16/05/2025 10:10:21	150.0	 +Fe +N	0.09317087	0.0917118	0.09267651	0.09284009	0.09281482	0.09105566	0.0919943	0.09167447	0.09077032	0.0898092	0.08902925	0.08972204	0.08958419	0.08980349	0.0892504	0.09070656	0.09281728	0.09406509	0.09780162	0.1027795	0.1078719	0.1158098	0.1261496	0.1369862	0.1505596	0.1644974	0.177151	0.1880691	0.194647	0.2018477	0.206055	0.2087081	0.210968	0.2124573	0.214217	0.2142447	0.2137033	0.2113918	0.2074517	0.2014406	0.1946115	0.1862086	0.1762144	0.1698159	0.1645502	0.1585529	0.153512	0.1494523	0.1467742	0.1444709	0.1422546	0.1410776	0.1401384	0.1372988	0.1335964	0.1302025	0.1258038	0.1221742	0.120046	0.1172481	0.1156587	0.1149828	0.113822	0.1124482	0.1093136	0.1056833	0.102623	0.0990347	0.09564913	0.09320961	0.09181751	0.08937854	0.08644831	0.08455377	0.08243264	0.08211032	0.083439	0.08384276	0.08598017	0.08931322	0.09341588	0.1014529	0.1129929	0.1342357	0.1619773	0.1955856	0.2284432	0.2606885	0.2914414	0.319296	0.3456675	0.371308	0.3947116	0.417142	0.4364621	0.4538247	0.4698024	0.4822391	0.4925037	0.5004666	0.5061232	0.5088265	0.512729	0.5144069	0.5140975	0.5141495	0.5143366	0.5153464	0.5149012	0.5137765	0.5147591	0.5144719	0.515031	0.5162308	0.5160521	0.5167736	0.5159864
Barely	16/05/2025 10:10:32	151.0	 +Fe +N	0.08981468	0.08775149	0.08734789	0.08898236	0.09010993	0.08985226	0.08695964	0.08529138	0.0871391	0.08667178	0.08559563	0.08646169	0.08632963	0.08652346	0.08653723	0.08770909	0.08971785	0.09243557	0.09533277	0.1012544	0.1077269	0.1163081	0.1271959	0.1392238	0.1529371	0.1671877	0.1799422	0.191715	0.1977746	0.2050162	0.2092302	0.2126305	0.2136183	0.2150996	0.2167042	0.2169503	0.2162205	0.2139834	0.2095539	0.2037378	0.1962933	0.1878837	0.1790093	0.1705219	0.1666154	0.1608517	0.1558746	0.1513947	0.1483457	0.1459465	0.1431802	0.1418158	0.1402872	0.1379817	0.1340407	0.1305752	0.1269234	0.1226782	0.1197271	0.1172058	0.1151497	0.1155408	0.1138266	0.112794	0.1090552	0.1051338	0.1003178	0.09768384	0.09381545	0.09100246	0.08953349	0.0867505	0.08334966	0.08132584	0.0787267	0.07824761	0.07904747	0.08038981	0.08349897	0.08684211	0.09274739	0.1017432	0.1159356	0.1386849	0.1676263	0.2004798	0.2343227	0.2650911	0.2944976	0.3198964	0.3453558	0.3696504	0.3929965	0.4137683	0.4320868	0.4495393	0.4639751	0.4755524	0.4856742	0.4926601	0.4976886	0.5014084	0.5027789	0.5045378	0.5049167	0.5052904	0.5056809	0.5045236	0.5049994	0.5039029	0.5032026	0.5027156	0.5045134	0.5021098	0.5039642	0.5058311	0.5042967
Barely	16/05/2025 10:10:43	152.0	 +Fe +N	0.09856997	0.09767103	0.09742022	0.09677234	0.09570042	0.09629023	0.09557083	0.09504401	0.09543937	0.0956126	0.09461241	0.09583667	0.09529766	0.09492527	0.09568046	0.09659229	0.09682482	0.09883804	0.1005738	0.1055865	0.1105189	0.1179077	0.1262819	0.1366983	0.1482702	0.1613967	0.1728678	0.1833142	0.1890987	0.195318	0.199841	0.2024942	0.2039853	0.2055015	0.207118	0.2073236	0.2065886	0.2049067	0.2002018	0.1949016	0.188265	0.1800023	0.1723624	0.1657748	0.1611858	0.1554589	0.1507748	0.1475985	0.14516	0.1424633	0.1404822	0.139351	0.1382284	0.1352965	0.1326375	0.1289805	0.1261136	0.1227565	0.1202928	0.117467	0.116976	0.1161894	0.115555	0.1141076	0.1111324	0.1079567	0.1044516	0.1026651	0.09969295	0.09746287	0.09664249	0.09425191	0.09274366	0.09032219	0.0898406	0.0905822	0.09101593	0.09281435	0.09529349	0.09842747	0.103472	0.1089943	0.1207065	0.1381692	0.1630482	0.1934763	0.2237818	0.2546037	0.2838798	0.3098935	0.3355704	0.3625911	0.3872626	0.4106992	0.4320694	0.4506535	0.4679856	0.4815188	0.4923011	0.5015003	0.5086818	0.5120888	0.5157058	0.5179452	0.5174875	0.5166454	0.518903	0.5170756	0.5184432	0.5162392	0.5171743	0.517074	0.5182419	0.5167494	0.5182415	0.5184142	0.5181347
Barely	16/05/2025 10:10:55	153.0	 +Fe +N	0.08864731	0.08948399	0.0881512	0.08671585	0.08821984	0.08746363	0.08805784	0.08793332	0.08564786	0.08555721	0.08523254	0.08569881	0.08616501	0.08645097	0.08746051	0.08802472	0.09010555	0.09231057	0.09636728	0.102001	0.108307	0.1186807	0.1301007	0.1424731	0.157147	0.1725168	0.1861946	0.1978509	0.2045523	0.2109642	0.2161844	0.2187183	0.2215705	0.2232878	0.2242797	0.2253198	0.2242876	0.2218129	0.2170841	0.2111772	0.2033708	0.1952512	0.1855605	0.1780823	0.173403	0.166758	0.1616148	0.1569809	0.1531574	0.1501918	0.1493485	0.1471127	0.1452115	0.1428989	0.139629	0.1344519	0.1302331	0.1267645	0.123485	0.1206885	0.1186527	0.1184047	0.1168553	0.115733	0.1117548	0.1076723	0.1030376	0.09937241	0.09578127	0.09219651	0.08981899	0.08768635	0.08465382	0.08099707	0.07960585	0.07847238	0.07932581	0.08105813	0.08371628	0.08745186	0.09297192	0.1011194	0.1160318	0.1405233	0.1704283	0.2049587	0.2405203	0.2717715	0.3021173	0.3296243	0.3544711	0.3793394	0.4016026	0.4213917	0.4410568	0.457853	0.4712434	0.4812082	0.4906863	0.4969662	0.5023818	0.5054064	0.5061686	0.5089227	0.5085668	0.5079607	0.5093494	0.5084546	0.5079459	0.5089167	0.5076457	0.5078058	0.5088507	0.5074329	0.5085109	0.5090331	0.5099204
Barely	16/05/2025 10:11:08	154.0	 +Fe +N	0.08426966	0.0848456	0.08646983	0.08516239	0.08404008	0.08444751	0.08382002	0.0842451	0.08253352	0.08296663	0.08372529	0.08266735	0.08286609	0.0827477	0.08354907	0.0837748	0.08590112	0.08895949	0.09303739	0.09846006	0.1057689	0.1147284	0.125548	0.1390261	0.1532496	0.1682448	0.1817028	0.1936367	0.2002211	0.2065393	0.21215	0.2157965	0.2178235	0.2198153	0.2216781	0.2217248	0.2204837	0.2182797	0.2137165	0.2074176	0.1998491	0.1902749	0.1815613	0.1729008	0.1677797	0.1618538	0.156585	0.1519038	0.1487639	0.1462883	0.1442077	0.1425602	0.1404349	0.1375582	0.133761	0.1302918	0.1255083	0.1212423	0.117922	0.1149833	0.1137725	0.1133066	0.1117173	0.1111863	0.1073421	0.1027726	0.09785833	0.09453184	0.09035171	0.08797196	0.08519386	0.08334314	0.08037848	0.07764959	0.07529644	0.07479371	0.07555281	0.07726323	0.08057414	0.08456354	0.09049124	0.09840073	0.113453	0.1374651	0.1681007	0.2032976	0.2375628	0.270682	0.3019126	0.329803	0.3552052	0.3812776	0.4052196	0.4281671	0.446149	0.464624	0.4799389	0.4917522	0.5009414	0.5088295	0.5137892	0.5173544	0.5187927	0.5208601	0.5210957	0.5214123	0.5205075	0.5207789	0.5211787	0.5189275	0.5193581	0.5195951	0.5207057	0.519771	0.5188985	0.5204435	0.5194616
Barely	16/05/2025 10:11:16	155.0	 +Fe +N	0.08923099	0.08894572	0.09068123	0.09034338	0.08951055	0.08878344	0.08876299	0.08951161	0.08865646	0.08932622	0.08990363	0.09082719	0.09025307	0.0893221	0.08815092	0.08885214	0.09008387	0.08971859	0.09003032	0.09000899	0.09079372	0.0899192	0.09044576	0.09018611	0.09026142	0.09131704	0.09041002	0.09167649	0.09216013	0.09143574	0.09110836	0.09142306	0.09121887	0.09112293	0.09116723	0.09137211	0.09138834	0.09176601	0.09228429	0.09137697	0.09252455	0.0921079	0.09216454	0.09298927	0.09279884	0.09313927	0.09218422	0.09290902	0.09303169	0.09345119	0.09283758	0.09315142	0.09339776	0.092773	0.09350813	0.09389068	0.09365606	0.09412764	0.09475372	0.09381033	0.09449102	0.09442944	0.09433029	0.09432676	0.0943459	0.09505157	0.09507532	0.09472884	0.09552062	0.095182	0.09515788	0.0960633	0.09618552	0.09606073	0.09647322	0.09573241	0.09577857	0.09685078	0.09707925	0.09695122	0.09717764	0.09765926	0.09749539	0.09773708	0.09843401	0.09891017	0.09825952	0.09883889	0.09933286	0.09916732	0.09858416	0.09867474	0.09917349	0.09924393	0.09883527	0.0987358	0.09969261	0.1012077	0.1004957	0.1022629	0.1005253	0.1010085	0.1014344	0.1021901	0.1013904	0.1005039	0.1012914	0.1018767	0.1018419	0.1021499	0.101663	0.1018065	0.1023454	0.102936	0.1029593	0.1035844	0.1034374
Barely	16/05/2025 10:11:18	156.0	 +Fe +N	0.0916387	0.0905051	0.09178373	0.09027493	0.0916757	0.09026388	0.09090385	0.09093031	0.09084594	0.09068491	0.09111803	0.09162185	0.09025202	0.090634	0.09074075	0.08996808	0.09004535	0.08962174	0.09083517	0.09109147	0.09115631	0.09107574	0.09165685	0.0909517	0.09058642	0.09198171	0.09112122	0.09165582	0.09179822	0.09186907	0.09181612	0.09154546	0.0916245	0.09175887	0.09245556	0.09191016	0.09270681	0.09210832	0.09243281	0.09208003	0.09279608	0.0925787	0.09237338	0.09324172	0.09364707	0.09269147	0.0939351	0.09341909	0.09390037	0.09350179	0.09359122	0.0937789	0.09384771	0.09418068	0.0937131	0.09473013	0.09479562	0.09477802	0.09468305	0.09541307	0.09538922	0.09546831	0.09516304	0.09513062	0.09574267	0.09562329	0.09602848	0.09616413	0.09567225	0.09564469	0.09592874	0.09651735	0.09626398	0.09576185	0.09691826	0.09690754	0.09704654	0.09763824	0.09753843	0.09743261	0.09771257	0.09818026	0.09774223	0.09818404	0.09863441	0.09865239	0.09863157	0.09850469	0.09958867	0.09920153	0.09990579	0.0994806	0.1000398	0.09945491	0.09974022	0.1015213	0.1006719	0.1011277	0.1012724	0.1005808	0.1011581	0.1013197	0.1009058	0.102222	0.102043	0.1019296	0.1016237	0.1026383	0.1022845	0.1028703	0.1032513	0.1035666	0.1027856	0.1043401	0.1047226	0.104229	0.1067231
Barely	16/05/2025 10:35:04	157.0	 +Fe +N	0.08716335	0.08482602	0.08821883	0.08684213	0.08617877	0.08569141	0.08545344	0.0839314	0.08487177	0.08441942	0.08426847	0.08308122	0.08346045	0.08448834	0.08369082	0.08519653	0.08778658	0.08963785	0.09391907	0.09910404	0.1057518	0.1140083	0.1249433	0.1386838	0.1520075	0.1661236	0.1795883	0.19138	0.1974152	0.2047166	0.2089646	0.2127037	0.2144063	0.2157539	0.2170542	0.2180434	0.21688	0.2142191	0.2099065	0.2043616	0.1966238	0.1882255	0.180086	0.1716786	0.1665536	0.161284	0.1561684	0.1519638	0.1485037	0.1463257	0.1438982	0.1423283	0.1405233	0.1383721	0.1336309	0.1307009	0.126332	0.1226576	0.11905	0.1165616	0.1148006	0.1144478	0.113353	0.1110347	0.1079135	0.1039706	0.09884863	0.09607502	0.09259718	0.08995262	0.08774882	0.08462916	0.0815349	0.07921442	0.07694914	0.07607193	0.0771015	0.07809919	0.08162256	0.08463166	0.09026459	0.0983342	0.1127347	0.1356629	0.1652111	0.1992597	0.2326714	0.2644073	0.2933663	0.3186741	0.3455312	0.3683632	0.3912687	0.4115144	0.4304076	0.4474483	0.4606282	0.473195	0.4814791	0.4884804	0.4939955	0.4973785	0.498812	0.5004531	0.5006259	0.499885	0.4999246	0.5002376	0.4999714	0.4997694	0.4984578	0.498558	0.4996933	0.4991475	0.4982983	0.5004546	0.4994643
Barely	16/05/2025 10:35:16	158.0	 +Fe +N	0.08987119	0.08828655	0.0885885	0.08811153	0.08899089	0.08732102	0.08838892	0.0868768	0.08736138	0.08715625	0.08605949	0.0879104	0.08646612	0.08638519	0.08693574	0.08629335	0.08691211	0.08932654	0.09044912	0.09348773	0.09625009	0.1004197	0.1055552	0.1121854	0.1200856	0.1269232	0.1346557	0.1412121	0.144332	0.1487525	0.1512862	0.1528531	0.1537545	0.154869	0.155835	0.1563167	0.1552156	0.1545188	0.1521292	0.1486276	0.1445413	0.1397647	0.1352392	0.1308347	0.1280429	0.1250073	0.1225747	0.1197302	0.1182315	0.1163477	0.1162062	0.1149386	0.1136571	0.1127093	0.1108047	0.1089128	0.1070182	0.1042846	0.1027003	0.1020524	0.1009624	0.100746	0.1007976	0.09999435	0.09820735	0.09617224	0.09415964	0.09234095	0.09074455	0.08941098	0.08760623	0.08728876	0.08621926	0.08467646	0.08419689	0.08395173	0.08424569	0.08544909	0.08736876	0.08870296	0.09179082	0.09605756	0.1030964	0.1146703	0.1300389	0.1482947	0.1676605	0.1861093	0.2026685	0.2183465	0.2348952	0.2496657	0.2636256	0.276725	0.2891673	0.3001241	0.3112381	0.3188588	0.3259379	0.3299191	0.3337551	0.3365159	0.3379648	0.339671	0.3387476	0.3390721	0.33985	0.3391037	0.3393259	0.3385475	0.3397391	0.3382707	0.3402549	0.3402761	0.3389603	0.3407464	0.3418416
Barely	16/05/2025 10:35:32	159.0	 +Fe +N	0.08672424	0.08459764	0.08629934	0.08683291	0.08578427	0.08535962	0.08503674	0.08471181	0.08314175	0.08377028	0.0832774	0.08310216	0.08303732	0.08326931	0.08293395	0.08388249	0.08475679	0.0870432	0.08950171	0.0931143	0.09719301	0.1042803	0.1120796	0.1220217	0.1327201	0.1448813	0.1562019	0.1657957	0.1714927	0.1768037	0.1816703	0.1845631	0.1860138	0.1875779	0.189007	0.189125	0.1880719	0.1867833	0.1825148	0.1776573	0.1708625	0.1625752	0.1552502	0.1484794	0.1437356	0.1391446	0.135037	0.1312553	0.1284084	0.1268483	0.1251337	0.1235577	0.1222178	0.1206851	0.1173015	0.1144403	0.1105666	0.1080206	0.1054505	0.1041357	0.1024568	0.102217	0.1013981	0.10053	0.09792129	0.09506627	0.09177594	0.08975799	0.0868461	0.08531032	0.08364227	0.08177262	0.07931472	0.07805038	0.07701824	0.07694976	0.07796746	0.07877383	0.08108102	0.08350965	0.08811882	0.09323598	0.1041468	0.1209592	0.1433937	0.1714592	0.2012138	0.2306042	0.2586537	0.2864589	0.3140801	0.3404316	0.3668857	0.3924662	0.4154915	0.4368824	0.4568163	0.471815	0.484191	0.4949009	0.502762	0.5096453	0.5117612	0.5136762	0.515063	0.5161096	0.5167617	0.5163101	0.517241	0.5152822	0.5162216	0.5150958	0.5161345	0.5170661	0.5163481	0.5166391	0.5163547
Barely	16/05/2025 10:35:48	160.0	 +Fe +N	0.09009075	0.09178511	0.09142388	0.09222135	0.09231212	0.09148851	0.09106187	0.08978764	0.08971778	0.08925388	0.08915991	0.08886237	0.08911548	0.08960627	0.09029404	0.09102085	0.092213	0.09425192	0.09946519	0.1039509	0.1114093	0.119726	0.130551	0.1434177	0.1570923	0.1718005	0.1854448	0.1970627	0.2026126	0.2101136	0.2145378	0.2168282	0.2193335	0.2208883	0.2221308	0.2229522	0.2220609	0.2195075	0.2150942	0.2092044	0.201787	0.1931223	0.1837437	0.1759738	0.171437	0.1652922	0.1601123	0.1561196	0.152634	0.1501949	0.1479485	0.1472302	0.1455662	0.1427074	0.1390428	0.1347986	0.1301536	0.1259575	0.1225757	0.120837	0.1196126	0.1186858	0.1178964	0.1165603	0.1136395	0.1094291	0.1050665	0.1018867	0.0984621	0.09502147	0.09194091	0.09010031	0.08631736	0.08333333	0.08076808	0.07968518	0.08065813	0.08243005	0.08415814	0.08802975	0.09283725	0.1025752	0.1159613	0.1395503	0.1699136	0.2031655	0.2369236	0.2688656	0.2978683	0.3251291	0.3503486	0.3751176	0.3989386	0.4196654	0.4393929	0.4569021	0.4713753	0.484171	0.4949386	0.5015672	0.5073288	0.5095298	0.511565	0.5136974	0.5144022	0.5147417	0.5145239	0.5150177	0.5139101	0.5134495	0.5144891	0.5141664	0.5141176	0.5132793	0.5134731	0.5140666	0.5140858
Barely	16/05/2025 10:36:23	161.0	 +Fe +N	0.0908226	0.09018177	0.09099678	0.09001195	0.09048091	0.08987128	0.08877438	0.08916661	0.09005255	0.08914172	0.08852963	0.08784574	0.088649	0.08859321	0.08859151	0.08881832	0.08844173	0.09001194	0.09182539	0.09496051	0.09889751	0.1031228	0.1096202	0.1171841	0.1260437	0.1349196	0.1435891	0.1507395	0.1547728	0.1603853	0.1632103	0.1648388	0.1664634	0.1670215	0.1682148	0.1685633	0.1681392	0.1668664	0.1637288	0.1594155	0.1552484	0.1494729	0.1435364	0.1381416	0.1354431	0.1313477	0.1281993	0.1253759	0.1233634	0.1209771	0.1209291	0.1197222	0.1184356	0.1170708	0.1149471	0.1127847	0.1098795	0.1073355	0.1055967	0.1044306	0.1039811	0.103366	0.1024135	0.1017851	0.09995368	0.09792336	0.09554044	0.09419395	0.09176493	0.09015099	0.08948839	0.08765648	0.08630722	0.08458691	0.08443162	0.08356375	0.08409105	0.08638791	0.08738561	0.09024171	0.09270367	0.09729894	0.1054141	0.1181004	0.1366598	0.1578018	0.180447	0.2019264	0.2231985	0.2425266	0.2622805	0.2813268	0.3000968	0.3173886	0.3335112	0.347735	0.3599155	0.3709597	0.3791884	0.3862388	0.3921928	0.3963779	0.397375	0.3990102	0.3998313	0.4000142	0.4003076	0.400837	0.4020885	0.4007425	0.401041	0.4016242	0.4010095	0.401666	0.4017625	0.4024287	0.4023445
Barely	16/05/2025 10:36:33	162.0	 +Fe +N	0.09389637	0.09346982	0.09329923	0.09346495	0.09309045	0.09188401	0.09109602	0.09110096	0.09093607	0.09030369	0.09118433	0.09117138	0.0904165	0.09024023	0.08997725	0.08990996	0.0925696	0.09371527	0.09590043	0.09954983	0.1041198	0.110703	0.1194826	0.1286408	0.1402602	0.1524826	0.1628338	0.1730696	0.1788893	0.1848618	0.1886621	0.1921873	0.1929911	0.1946366	0.1956554	0.1964405	0.1951747	0.1933064	0.1890018	0.1835384	0.1762834	0.1697557	0.161136	0.1545188	0.150634	0.1456417	0.14127	0.1377572	0.1347188	0.1324318	0.1307807	0.129778	0.1280023	0.1259044	0.1231829	0.1198423	0.1165967	0.1132414	0.1108953	0.1094538	0.107478	0.1075909	0.1065917	0.1049576	0.102579	0.1001294	0.09639054	0.09464316	0.09220609	0.09027042	0.0883762	0.08650741	0.08453716	0.0831841	0.08179952	0.08108341	0.08223542	0.08467317	0.08592721	0.08976085	0.09316983	0.09902315	0.1091372	0.1261441	0.1501265	0.1778589	0.2078477	0.2372981	0.2654851	0.2933562	0.3202606	0.3478081	0.3747035	0.3993717	0.4233808	0.4441117	0.4633349	0.4793656	0.4920633	0.5019588	0.5096976	0.5152138	0.5176407	0.5211325	0.5225569	0.5225043	0.5214174	0.5218696	0.5223347	0.5224978	0.5225899	0.5211644	0.5217352	0.5230842	0.5231853	0.5224023	0.5239176
Barely	16/05/2025 10:36:43	163.0	 +Fe +N	0.09440867	0.09382106	0.09396721	0.09389124	0.09294651	0.09215332	0.09137609	0.0918467	0.09156022	0.09124332	0.09018404	0.08887598	0.08977092	0.09060908	0.09090712	0.0908339	0.09321156	0.09553925	0.09874714	0.1028196	0.11014	0.1175883	0.1282238	0.1392711	0.1528641	0.1670211	0.1794453	0.1903634	0.1958467	0.2036736	0.2064639	0.2095976	0.2123324	0.2132542	0.2145319	0.2152917	0.2146419	0.212685	0.2085813	0.2017641	0.1949119	0.1870397	0.1783631	0.1701281	0.1661067	0.1601365	0.1554789	0.1514138	0.1482903	0.1463902	0.1444548	0.1427114	0.1414667	0.138477	0.1356744	0.1312575	0.1276375	0.1229308	0.120449	0.118248	0.1170124	0.1165965	0.1164104	0.1145694	0.1113932	0.1088776	0.1048956	0.1013532	0.09768627	0.09509746	0.09330976	0.09050462	0.08750058	0.08458691	0.08279594	0.0825126	0.08269933	0.08336422	0.08635575	0.08976085	0.09398204	0.1029349	0.1160038	0.1370169	0.1643896	0.1965461	0.2290357	0.259637	0.2881517	0.3148798	0.3407178	0.3649721	0.3878244	0.4096807	0.42944	0.4475339	0.4626081	0.4750482	0.4854557	0.4933374	0.4992013	0.5032368	0.5043552	0.5061929	0.5080702	0.507414	0.5071122	0.5068143	0.5075089	0.5058674	0.5060548	0.5051175	0.5057815	0.505912	0.5050516	0.5051002	0.5044432
Barely	16/05/2025 10:36:55	164.0	 +Fe +N	0.08628513	0.08513401	0.08580933	0.08545029	0.08546975	0.08444491	0.08399353	0.08378847	0.08367105	0.08524424	0.08312627	0.08257882	0.08344264	0.08351763	0.08371128	0.08419377	0.08532074	0.08699525	0.08926024	0.09261073	0.09712048	0.102163	0.1095502	0.1188031	0.1283146	0.1389952	0.1485697	0.1570016	0.1609404	0.1664952	0.1701409	0.1730565	0.1733665	0.1755362	0.1765738	0.1770718	0.1765767	0.174371	0.1709144	0.1668541	0.1620052	0.1562635	0.1487825	0.1430251	0.1392244	0.135379	0.1315267	0.1284333	0.1261359	0.1241456	0.1233946	0.1225159	0.1201945	0.118813	0.1164235	0.112738	0.1102817	0.1070836	0.1057368	0.1034254	0.1028752	0.1020391	0.1015801	0.1004132	0.09911499	0.09557913	0.09312405	0.0914706	0.0886878	0.08705465	0.08549592	0.08370542	0.08176956	0.07978152	0.07905607	0.07837871	0.0791427	0.08043007	0.08199884	0.08472783	0.08836976	0.09352961	0.103422	0.1188456	0.1387072	0.1623821	0.1872308	0.2111722	0.2333502	0.2542925	0.2753157	0.295731	0.3139783	0.3316691	0.3481839	0.3639047	0.376974	0.387104	0.3941621	0.4014596	0.4074208	0.4108915	0.4122853	0.4151853	0.4144054	0.4160517	0.4149639	0.4155165	0.4153546	0.4142166	0.4149121	0.4145904	0.4155902	0.4152673	0.4148213	0.4152979	0.4175332
Barely	16/05/2025 10:37:07	165.0	 +Fe +N	0.0786007	0.07792921	0.07883403	0.07864175	0.07846744	0.07747204	0.07624401	0.07660076	0.07689123	0.07587409	0.07616795	0.0751203	0.07563803	0.07472869	0.07625827	0.07733916	0.07851233	0.08036875	0.08265631	0.08743698	0.09244216	0.09892984	0.1079136	0.1185797	0.1308344	0.1428495	0.1542896	0.1648991	0.1696678	0.1764033	0.1799719	0.1824593	0.1837644	0.186146	0.1868594	0.1872078	0.1869502	0.184031	0.1806185	0.1750483	0.1698224	0.1620721	0.1536074	0.1468073	0.1429919	0.1383665	0.1333073	0.129931	0.1271702	0.1248622	0.1237425	0.1224945	0.120257	0.1189242	0.1151129	0.1118285	0.1095212	0.1052962	0.1030042	0.1011093	0.09976687	0.09952446	0.09909713	0.09727053	0.09485156	0.0917989	0.08776856	0.08529395	0.08284066	0.08007377	0.07910797	0.07692741	0.07402388	0.07187202	0.07096006	0.07014178	0.07051401	0.07200082	0.07436132	0.07745079	0.08161478	0.08891615	0.0993183	0.1181964	0.1434038	0.1714038	0.2010489	0.2286887	0.2551336	0.2791874	0.3037343	0.326068	0.3486452	0.3682082	0.3877572	0.4046713	0.4183417	0.4302413	0.4410944	0.4477228	0.4544475	0.4579114	0.4584206	0.4603701	0.4631258	0.4621369	0.4628071	0.4637972	0.4622443	0.4629476	0.4621253	0.4616922	0.4625983	0.4624315	0.4614122	0.4623838	0.4635407
Barely	16/05/2025 10:37:19	166.0	 +Fe +N	0.08613876	0.08503424	0.08622073	0.08594392	0.08574696	0.08547274	0.08612681	0.08455215	0.08476666	0.08479164	0.08408675	0.08397406	0.08509346	0.08465416	0.08494099	0.08597868	0.08831673	0.09190065	0.09490116	0.09966838	0.1075288	0.1166062	0.12832	0.1405634	0.154717	0.1690143	0.1827044	0.1940335	0.2005857	0.2070122	0.2117751	0.2152092	0.2173518	0.2186005	0.2199155	0.2212332	0.2199096	0.2174957	0.213456	0.2075839	0.2005648	0.1917797	0.1825454	0.1745185	0.1704423	0.1643721	0.1593599	0.1551427	0.1516794	0.1489395	0.1469166	0.1451246	0.1436779	0.1410764	0.1376036	0.1331572	0.1287523	0.1252603	0.1217161	0.1192426	0.1178194	0.116509	0.1158528	0.1136664	0.1108605	0.1069719	0.1017676	0.09941603	0.0948847	0.09237972	0.08974505	0.08694062	0.08342247	0.08076648	0.07805828	0.07665381	0.07722521	0.07798926	0.08043289	0.08296467	0.08833031	0.0967624	0.111601	0.1352806	0.1662211	0.2001057	0.23297	0.2651085	0.2943401	0.3199887	0.3464445	0.3699917	0.3914414	0.410388	0.4283491	0.4442828	0.4574473	0.4683237	0.4768852	0.4831578	0.4883177	0.4913186	0.493045	0.4950079	0.4951317	0.4948486	0.4950422	0.4960228	0.4946785	0.4943943	0.4946266	0.493819	0.4938441	0.4941937	0.4952552	0.4942709	0.4954938
Barely	16/05/2025 10:37:29	167.0	 +Fe +N	0.08247951	0.0858907	0.0838703	0.08462024	0.08424094	0.08408601	0.08409015	0.08235108	0.08106165	0.08208259	0.08146794	0.0817133	0.08179244	0.08155139	0.08199532	0.08259743	0.08464408	0.08695303	0.09010458	0.09501832	0.1007108	0.1090845	0.1190685	0.1315457	0.1449382	0.1585523	0.1715806	0.1818749	0.1879882	0.1952853	0.1995534	0.2030872	0.2035726	0.2063686	0.2074893	0.2079354	0.2074309	0.2048871	0.2009605	0.1944579	0.1874789	0.1800793	0.1706564	0.1632836	0.1586555	0.1524596	0.1474701	0.1442783	0.1402974	0.1375599	0.136818	0.134987	0.1331872	0.1306255	0.1270453	0.1235477	0.1195783	0.1159577	0.1128173	0.1105705	0.1087333	0.1081554	0.1073958	0.1055852	0.1030519	0.09881084	0.09474218	0.09242518	0.08849699	0.08611417	0.08426966	0.08098826	0.07850316	0.0762297	0.07355126	0.07292826	0.07240057	0.07383636	0.07511858	0.0783484	0.08314003	0.09043992	0.1038488	0.1259902	0.1542877	0.1869037	0.2201775	0.250568	0.2796967	0.306319	0.3312504	0.3559725	0.3770668	0.3989142	0.4175875	0.4345297	0.4490303	0.4608136	0.4698698	0.4775077	0.4838673	0.4858613	0.4889855	0.4910098	0.4904817	0.4908784	0.4909597	0.4912979	0.4906591	0.4895839	0.4915204	0.4901055	0.4907617	0.4894357	0.4899778	0.4908499	0.4895695
Barely	16/05/2025 10:37:41	168.0	 +Fe +N	0.08365047	0.08383689	0.08527157	0.08413664	0.08330001	0.08213451	0.08274048	0.08228032	0.08187395	0.08179409	0.08055924	0.08119908	0.08164958	0.08076403	0.08102862	0.08167511	0.08172394	0.08383542	0.08673358	0.08953778	0.09327627	0.100655	0.1080148	0.1172038	0.1279892	0.1403968	0.1501329	0.1605381	0.1659446	0.1727789	0.1767481	0.1796494	0.1811915	0.1825447	0.1837467	0.184584	0.1839741	0.182254	0.1778642	0.1724367	0.1657085	0.1589446	0.1508526	0.1441099	0.1399758	0.1352457	0.1319374	0.1277787	0.1250306	0.122583	0.1219167	0.1206961	0.1188656	0.1167974	0.1146112	0.1112123	0.1084296	0.1049979	0.1028691	0.1013477	0.1009325	0.09972794	0.09990528	0.09811541	0.09577037	0.09295839	0.08960019	0.08655736	0.08498458	0.08350029	0.08099013	0.0803749	0.07802389	0.07631925	0.07508334	0.07552073	0.07614276	0.07802716	0.07980168	0.08280439	0.08584953	0.09141611	0.1021435	0.1170149	0.1409645	0.1687428	0.1980031	0.2286679	0.2559379	0.284094	0.3117829	0.337926	0.3651712	0.3901504	0.4138356	0.4348291	0.45463	0.4688272	0.4811683	0.4924286	0.5004397	0.5046331	0.5084496	0.5118989	0.5125667	0.5129815	0.5131267	0.5142213	0.5137662	0.5143897	0.5132024	0.5126551	0.5122627	0.5135875	0.5135443	0.5135203	0.5135186
Barely	16/05/2025 10:37:54	169.0	 +Fe +N	0.09235948	0.09078677	0.09085889	0.09091204	0.09171505	0.09049067	0.0899923	0.08827938	0.08885979	0.08962411	0.08829486	0.08709764	0.08759767	0.08723173	0.08797023	0.08895526	0.08948239	0.09124768	0.09409372	0.09761397	0.1020527	0.1086536	0.11665	0.1268179	0.1384755	0.150275	0.1607632	0.1713853	0.1769112	0.1825913	0.1865087	0.1899512	0.1917405	0.1929725	0.1951041	0.1949816	0.1945257	0.1921326	0.1887036	0.1828485	0.1767363	0.1692738	0.1614653	0.1546575	0.1503563	0.1459087	0.1409713	0.1379629	0.1350768	0.1336123	0.1318623	0.1305956	0.1293368	0.126673	0.1242731	0.1211379	0.1180129	0.1149019	0.1128598	0.1112665	0.110168	0.1094866	0.1085816	0.1075228	0.1051349	0.1019638	0.09807602	0.09610309	0.09366314	0.09183186	0.08971653	0.08843551	0.08598452	0.08500478	0.08345105	0.08240021	0.08365807	0.085485	0.08726939	0.08982497	0.09399471	0.1005205	0.1106371	0.1279066	0.1523212	0.1807912	0.2098192	0.2394861	0.2672097	0.2940271	0.3204614	0.3458801	0.3722371	0.3949565	0.4176016	0.4379518	0.4563845	0.4696664	0.4826207	0.4904913	0.4988093	0.5029848	0.5060565	0.5075709	0.5093891	0.5094005	0.5099633	0.5108084	0.5100397	0.5097258	0.5097591	0.5085072	0.509303	0.5099482	0.5102797	0.5102702	0.5104935
Barely	16/05/2025 10:59:15	170.0	 +Fe +N	0.08401222	0.08330207	0.0825421	0.0831967	0.0825846	0.08203113	0.0807327	0.08170994	0.08112358	0.08005653	0.08108725	0.08123176	0.08094031	0.08163569	0.08230833	0.08409234	0.08553634	0.08965813	0.09399665	0.1004586	0.1102846	0.1197244	0.1313381	0.1460479	0.1601114	0.1757224	0.1895129	0.2014744	0.2078933	0.2150274	0.2193791	0.2225193	0.2245053	0.226149	0.226628	0.2276878	0.2265375	0.2241384	0.2198323	0.2137798	0.206435	0.1973795	0.188869	0.1806179	0.1752642	0.1686575	0.1630806	0.1597651	0.1554438	0.1525288	0.1510829	0.1488392	0.1474558	0.1444907	0.140461	0.1366532	0.1317885	0.1273862	0.1241422	0.1207501	0.1200786	0.1183601	0.1179168	0.1159778	0.1124398	0.1076127	0.1022182	0.09934479	0.09430398	0.09110707	0.08933242	0.08611708	0.08245864	0.07843896	0.07599672	0.07552626	0.07546239	0.07765963	0.08055968	0.08485314	0.0915697	0.1024736	0.1196871	0.1460289	0.1788514	0.2142684	0.2471206	0.2778911	0.3046751	0.3303903	0.351507	0.3732914	0.3911816	0.4097053	0.4242467	0.4372919	0.4485825	0.4573902	0.4636868	0.4690931	0.4735939	0.4762385	0.4784873	0.4774385	0.4787101	0.4782549	0.4778571	0.4772138	0.4769464	0.4751316	0.4756291	0.4753867	0.47454	0.4747993	0.4763358	0.4760035	0.4774412
Barely	16/05/2025 10:59:39	171.0	 +Fe +N	0.09455921	0.09569826	0.09616614	0.09515938	0.09296974	0.09313502	0.09283475	0.09240514	0.09195555	0.09134968	0.09248927	0.09097615	0.09097345	0.09193875	0.09217832	0.0934102	0.09424628	0.09811166	0.1012205	0.1050448	0.1114762	0.1194418	0.1304014	0.1412528	0.1548807	0.1692517	0.1822212	0.1934559	0.1997059	0.2073685	0.2115154	0.214818	0.2167674	0.218459	0.2199121	0.2202421	0.2200734	0.2171808	0.2127264	0.2065504	0.1999984	0.19103	0.1820283	0.174287	0.1700932	0.1635056	0.1588938	0.1550055	0.1514709	0.1482213	0.14694	0.1456222	0.1435431	0.1416012	0.1381278	0.1342595	0.1300857	0.1273035	0.1237563	0.1214273	0.1191852	0.1191698	0.1185573	0.116043	0.1131671	0.1087589	0.1042867	0.1008288	0.09702824	0.09463674	0.09308541	0.09059796	0.08742812	0.08391629	0.08198864	0.08046566	0.07965475	0.08010211	0.08078367	0.08318935	0.08751014	0.09456508	0.1097612	0.1331059	0.1634939	0.1973634	0.2315892	0.2644068	0.2941038	0.3208843	0.3478811	0.3735408	0.3981291	0.4199299	0.438526	0.4580381	0.4720091	0.4853272	0.4950022	0.5027519	0.5098692	0.5144729	0.5168851	0.518857	0.5197675	0.5220889	0.5213921	0.5219601	0.522319	0.5222918	0.5229889	0.5231032	0.5223396	0.5240259	0.5247335	0.5253828	0.5246324
Barely	16/05/2025 10:59:51	172.0	 +Fe +N	0.09063136	0.09051512	0.0898065	0.08975602	0.08931707	0.08801693	0.08901019	0.08835721	0.08814071	0.08728322	0.08603541	0.08626657	0.08558608	0.08620826	0.08616029	0.08733002	0.08821186	0.08893407	0.09181707	0.09510944	0.1002456	0.1056405	0.114005	0.1238617	0.1352984	0.1469378	0.1589576	0.1695324	0.174743	0.1817518	0.1856949	0.1886502	0.1906184	0.1922376	0.1931094	0.1945187	0.1936692	0.1916425	0.1875908	0.1823711	0.1759557	0.1681917	0.1607835	0.1537804	0.1499696	0.1446167	0.141038	0.1378268	0.1345733	0.1325251	0.1309791	0.1299134	0.1280127	0.1256896	0.1226546	0.1201303	0.1166062	0.1137272	0.1109336	0.1091903	0.1083447	0.1070511	0.1068634	0.1052516	0.1026418	0.09946936	0.09586347	0.09363275	0.09106012	0.08927084	0.08646082	0.08531955	0.08284798	0.08132647	0.07910228	0.07838806	0.07805179	0.07826267	0.07940712	0.08066168	0.08400681	0.08957949	0.1009194	0.1181568	0.1430036	0.1722096	0.2017796	0.2332313	0.2604525	0.2875478	0.3135814	0.3405144	0.3671155	0.3909921	0.4138789	0.4331512	0.4508068	0.4674456	0.4789933	0.4897645	0.4977018	0.5033885	0.5062465	0.5097763	0.5109314	0.5119835	0.5132774	0.5135576	0.5140635	0.5143301	0.513535	0.5133445	0.5142007	0.5152555	0.5151924	0.5150253	0.5167777
Barely	16/05/2025 11:00:03	173.0	 +Fe +N	0.08990399	0.08956233	0.08840606	0.08953133	0.08819895	0.08846606	0.08848268	0.08685417	0.08645481	0.08727898	0.08558454	0.08581728	0.08551967	0.08606375	0.08622612	0.08600767	0.08782994	0.08948703	0.09185132	0.09540627	0.1000289	0.1063378	0.1153062	0.1259765	0.1377128	0.149939	0.1618325	0.1724674	0.1774104	0.1847145	0.1879458	0.1906869	0.1923638	0.194247	0.1956286	0.1965879	0.19565	0.194074	0.1895672	0.1850499	0.1781452	0.1698653	0.1620997	0.1553068	0.1513867	0.146262	0.1424516	0.1385701	0.135479	0.133133	0.1326901	0.1307406	0.129124	0.127421	0.1241559	0.1213489	0.117995	0.1146205	0.1120715	0.109873	0.109268	0.1082298	0.1080243	0.1063142	0.1036749	0.1001402	0.0968305	0.09399675	0.09076204	0.089172	0.08791084	0.08550549	0.08281884	0.08019528	0.07931335	0.07782796	0.07706535	0.07755834	0.07872904	0.08030972	0.08314229	0.08932669	0.1007878	0.1201688	0.1461653	0.1758761	0.2066839	0.2360001	0.2632191	0.2891703	0.314123	0.3386815	0.3626398	0.3857775	0.4055555	0.4248698	0.4403964	0.4536701	0.4639897	0.472352	0.4800373	0.4845689	0.4890663	0.4907491	0.4923582	0.493479	0.4933937	0.4933477	0.4947248	0.4941883	0.4943784	0.4931379	0.4935456	0.494886	0.4959584	0.4968942	0.4970466
Barely	16/05/2025 11:00:16	174.0	 +Fe +N	0.1031423	0.1031887	0.1023575	0.1030237	0.1009533	0.1004848	0.09919918	0.09935308	0.09995646	0.09877069	0.09979735	0.09920995	0.09859528	0.09970515	0.09909343	0.1000972	0.1017127	0.103563	0.1069078	0.1104897	0.1155568	0.1225261	0.131576	0.141604	0.1541918	0.1678624	0.180664	0.1906572	0.1962353	0.2047118	0.2087987	0.2114428	0.2127002	0.2145932	0.2167432	0.2171521	0.2167323	0.2141122	0.2103278	0.2043293	0.19714	0.1882253	0.1806061	0.1728432	0.1686139	0.1634133	0.157512	0.1550346	0.1516048	0.1505048	0.1477734	0.1462959	0.1439295	0.1425914	0.1391423	0.1353881	0.1322792	0.128955	0.1255583	0.1240887	0.1218953	0.1211208	0.1207766	0.1188634	0.116717	0.1131186	0.1092003	0.1074369	0.1034065	0.1011754	0.09934038	0.09773152	0.09540907	0.09311464	0.09101253	0.08964167	0.08970407	0.08960423	0.09024343	0.09186024	0.09611925	0.1021709	0.1141463	0.1346772	0.1626203	0.1947041	0.2271657	0.2594307	0.2887914	0.3154944	0.3431267	0.3690545	0.3936568	0.4183085	0.4385632	0.4579527	0.4739039	0.4871873	0.4980098	0.5071416	0.5145792	0.5181517	0.5226963	0.5234572	0.5257094	0.5263728	0.5272569	0.5277169	0.5281503	0.528406	0.5289864	0.528916	0.5283584	0.5303232	0.5306512	0.5294899	0.5321729
Barely	16/05/2025 11:00:30	175.0	 +Fe +N	0.09426826	0.09357697	0.09358621	0.09366369	0.09307494	0.093239	0.09339016	0.0912385	0.0911422	0.09042769	0.09028348	0.0890861	0.09083056	0.09071102	0.09142794	0.09073647	0.0925506	0.094472	0.09723422	0.1017391	0.1060956	0.1139517	0.1234101	0.1340364	0.1462248	0.1595088	0.1715741	0.1833719	0.1888189	0.1953965	0.2000768	0.2028351	0.2052347	0.2062657	0.2083127	0.2088994	0.2081861	0.2061848	0.2009258	0.196335	0.1887188	0.1802782	0.1720746	0.1644856	0.1604409	0.1545059	0.1490379	0.1457305	0.1425667	0.1400204	0.1385749	0.1374514	0.1358686	0.1334451	0.1304344	0.1264762	0.1222811	0.1185521	0.1162601	0.1138445	0.1127822	0.1114894	0.1115447	0.1096674	0.107063	0.1034885	0.1001328	0.09769278	0.09390111	0.09153684	0.08944615	0.08706559	0.08402719	0.08168368	0.07944497	0.07854076	0.07876079	0.07906983	0.07983891	0.08139758	0.08502458	0.09237784	0.1041071	0.1250952	0.1512545	0.1811946	0.2143101	0.245589	0.2754501	0.3041128	0.3322603	0.3588423	0.3872745	0.4121812	0.4368557	0.4577393	0.4759964	0.4921036	0.5046831	0.5138115	0.5229066	0.5295835	0.5341839	0.5360928	0.5380741	0.5398508	0.5410938	0.5392094	0.5415709	0.5418274	0.540493	0.5402086	0.5411283	0.5417854	0.5429684	0.5428864	0.5421641
Barely	16/05/2025 11:00:45	176.0	 +Fe +N	0.08444865	0.08419408	0.08434387	0.08612027	0.08408464	0.08348135	0.08291387	0.08186909	0.08295572	0.08246605	0.08170219	0.08139571	0.082059	0.08226427	0.08362726	0.08482601	0.08681325	0.0884865	0.09272433	0.09849287	0.1058067	0.1148596	0.1256027	0.1373586	0.1517395	0.1655424	0.1787438	0.1904804	0.1965745	0.2032969	0.2084907	0.2106913	0.2131016	0.2145035	0.216136	0.2164646	0.2159345	0.2133078	0.2099093	0.2036792	0.1959206	0.1878721	0.1795229	0.1720475	0.1674902	0.162109	0.1575618	0.1524951	0.1495547	0.1473025	0.1452026	0.1434409	0.1411003	0.1388422	0.1357962	0.1318827	0.1281009	0.1231699	0.1207687	0.118076	0.1170707	0.11611	0.1150362	0.1134124	0.109313	0.1050789	0.09959275	0.09668477	0.09265481	0.08918965	0.08853634	0.0845403	0.08159103	0.07772453	0.07592738	0.07416158	0.07413687	0.07453555	0.07570657	0.07829398	0.08251467	0.09141974	0.10746	0.1322627	0.1629191	0.1973084	0.2304437	0.2615238	0.2880447	0.3127214	0.3355392	0.3578706	0.3777446	0.3963518	0.4127242	0.4264919	0.439119	0.449319	0.4577896	0.4624277	0.468321	0.4716429	0.4748412	0.4741237	0.4755364	0.4774152	0.4769304	0.4762114	0.4767663	0.4769399	0.4769026	0.4771674	0.4779208	0.4767892	0.4792244	0.4790225	0.4793264
Barely	16/05/2025 11:00:54	177.0	 +Fe +N	0.09645039	0.09576728	0.09740737	0.09685005	0.09517241	0.09637021	0.09434225	0.09509276	0.09440619	0.09458411	0.09299134	0.09293792	0.09376626	0.09364892	0.09455284	0.09495133	0.09640353	0.09924453	0.1030937	0.1077193	0.1137513	0.1216419	0.1324247	0.1434239	0.1568588	0.1704421	0.1838505	0.1946422	0.2004199	0.208325	0.2122474	0.2151078	0.2176454	0.2190849	0.2197669	0.2219381	0.2204366	0.2188237	0.2136059	0.2086171	0.2008852	0.1922108	0.183849	0.1764835	0.1723088	0.166241	0.1613211	0.1577321	0.1544969	0.1513767	0.1503683	0.1487708	0.1472494	0.144285	0.1410002	0.1370743	0.1336015	0.130719	0.1271781	0.1250478	0.1238311	0.1232357	0.1226304	0.1200173	0.1168745	0.1128773	0.108212	0.1057848	0.101335	0.09957605	0.09700898	0.09467631	0.0921544	0.0882922	0.08596862	0.08505873	0.08406289	0.08475673	0.08552684	0.08715684	0.09084742	0.09938095	0.1134492	0.1362437	0.1648351	0.1973294	0.2302826	0.2620134	0.290147	0.3173677	0.3421465	0.3670344	0.3901376	0.4131653	0.4320778	0.4509946	0.4651234	0.4783653	0.488413	0.4958968	0.5036826	0.5068302	0.5098018	0.5128951	0.5126957	0.5138306	0.5148609	0.5144123	0.5151594	0.5142981	0.5146244	0.5143512	0.5152817	0.5163456	0.5170004	0.5163604	0.5167777
Barely	16/05/2025 11:01:06	178.0	 +Fe +N	0.09303171	0.09330204	0.0928753	0.09267808	0.0929158	0.09174698	0.09141304	0.09199884	0.09106919	0.09075382	0.09085451	0.09088645	0.09035985	0.09034487	0.09102245	0.0916062	0.09349156	0.09663531	0.0999193	0.1044685	0.1108262	0.1189208	0.1292126	0.141527	0.1556674	0.1693271	0.182774	0.1940767	0.1998971	0.2069703	0.2121508	0.2152954	0.2166239	0.2185618	0.2195715	0.2208101	0.2200796	0.2180255	0.2129958	0.2074231	0.19983	0.191234	0.1821608	0.1745114	0.1700625	0.1640018	0.1590964	0.1555856	0.1523447	0.1489112	0.1484193	0.1459529	0.1444298	0.1414204	0.1381369	0.1344516	0.1310426	0.1269333	0.1236363	0.1222529	0.1208827	0.1200942	0.1188663	0.1170461	0.1139683	0.1093616	0.1050262	0.1022008	0.09792141	0.09544565	0.09314227	0.09029378	0.08758387	0.08472003	0.08156529	0.08037397	0.08076449	0.08037939	0.08118988	0.0835733	0.08747994	0.09682673	0.111584	0.1361387	0.1659326	0.2000151	0.2338562	0.2658906	0.2944402	0.3217649	0.3470912	0.3712263	0.3955851	0.4165049	0.4360511	0.4528302	0.4667082	0.4799093	0.4890608	0.4970304	0.5027506	0.5064196	0.5093977	0.5103399	0.5123336	0.5135103	0.5140217	0.513672	0.5140602	0.5127048	0.5128024	0.5125798	0.5136317	0.5148671	0.5147219	0.5144824	0.5152696
Barely	16/05/2025 11:01:18	179.0	 +Fe +N	0.09405004	0.09660064	0.09739282	0.09542368	0.09464039	0.0946069	0.09525978	0.09385481	0.09417036	0.09314657	0.09300441	0.09276041	0.09257999	0.0919836	0.09247716	0.09366544	0.09484731	0.09659987	0.09935214	0.1043904	0.109454	0.1178691	0.1270556	0.1381965	0.150774	0.1638642	0.1771236	0.1882523	0.1937584	0.2014023	0.205414	0.2084964	0.2097675	0.2113343	0.2128625	0.2137505	0.212962	0.2111162	0.2059266	0.200534	0.1939816	0.1843351	0.1763312	0.168955	0.1643894	0.158952	0.1541413	0.1507997	0.1470656	0.145016	0.1429145	0.141014	0.1398881	0.1376706	0.1345066	0.1313	0.1274187	0.1238411	0.1209735	0.1191672	0.1176068	0.1168774	0.1162154	0.1147426	0.1119436	0.1078674	0.1037712	0.1009968	0.09797607	0.09543967	0.09453543	0.09169412	0.08881172	0.08662519	0.08468954	0.08432541	0.08307645	0.08566238	0.08714124	0.09006847	0.09427121	0.1007626	0.1141428	0.1344576	0.1621349	0.1933516	0.227362	0.2587399	0.2882335	0.3166389	0.3436062	0.3697055	0.3955898	0.4188625	0.4418595	0.4611116	0.4786505	0.4926381	0.5036077	0.5133631	0.5206308	0.5252455	0.5299293	0.5306013	0.5316847	0.5329334	0.5330542	0.5327871	0.5331895	0.5313946	0.53288	0.5330569	0.5325927	0.5340293	0.5335205	0.5333122	0.5332412
Barely	16/05/2025 11:01:32	180.0	 +Fe +N	0.09150422	0.08933048	0.08971344	0.08906188	0.0882092	0.0887076	0.08740868	0.08817983	0.08755568	0.08798259	0.08722192	0.08850172	0.08722591	0.08780437	0.08856811	0.08918082	0.09035048	0.09270901	0.09689485	0.101736	0.1082262	0.1167158	0.1271296	0.1391449	0.1532303	0.1669158	0.1799297	0.1915558	0.1977236	0.2044044	0.2097152	0.2126845	0.2143723	0.2164408	0.217361	0.2176814	0.217454	0.2149892	0.2108198	0.2052266	0.1978008	0.1895691	0.1810195	0.1728436	0.1683447	0.162801	0.1571741	0.153751	0.1498323	0.1477768	0.1453815	0.1442396	0.1422919	0.1398598	0.1375818	0.1327757	0.129178	0.1245997	0.1215769	0.1195118	0.1187682	0.1176962	0.1165048	0.1148036	0.1114439	0.1069108	0.1026126	0.0998208	0.0959919	0.09363398	0.0914648	0.08931252	0.08587901	0.08341023	0.08057026	0.07875472	0.07866831	0.07790488	0.07996279	0.08184552	0.08617128	0.0933514	0.107354	0.1303016	0.1603672	0.1940459	0.2284914	0.2610611	0.2896606	0.318352	0.3444926	0.3695362	0.3934508	0.4138314	0.4334652	0.4518911	0.466391	0.4776845	0.4877444	0.4955244	0.5006155	0.5052402	0.5089998	0.5105057	0.511563	0.5128683	0.512958	0.5129454	0.5128818	0.5122378	0.5134958	0.5131593	0.5130415	0.5144128	0.5146014	0.5156546	0.5149554
Barely	16/05/2025 11:01:42	181.0	 +Fe +N	0.09019494	0.09070758	0.09104994	0.09174832	0.09065286	0.09091865	0.09066707	0.08982457	0.08899288	0.08887426	0.08843765	0.08893114	0.08953136	0.08886526	0.08886524	0.0903941	0.09171575	0.09459621	0.09710013	0.1021567	0.107829	0.1153214	0.1256055	0.1368984	0.1494648	0.1627576	0.1754021	0.1866406	0.1921968	0.1993904	0.2043183	0.2068657	0.208673	0.2106735	0.2115453	0.2127032	0.2119751	0.2096687	0.2054562	0.2004562	0.1931769	0.1847276	0.1762676	0.1686839	0.1642462	0.1589884	0.1536561	0.150297	0.1473676	0.1442322	0.1430629	0.1414964	0.1400073	0.1379813	0.1342486	0.1296253	0.1263048	0.1232161	0.119982	0.1175099	0.1164453	0.1159443	0.1155798	0.1134745	0.1104742	0.1066961	0.1028826	0.0994568	0.09625595	0.09377242	0.09103833	0.08943447	0.08597618	0.08317209	0.08106235	0.07948795	0.07879162	0.07874212	0.08009714	0.08267742	0.0851471	0.09249176	0.1062972	0.1273348	0.155635	0.1875435	0.2201747	0.2509354	0.2782753	0.3044225	0.3297721	0.3548471	0.3764713	0.3986722	0.4183977	0.4363101	0.4496918	0.4620245	0.4711757	0.479749	0.4866524	0.4907561	0.493095	0.4953532	0.4976831	0.4977751	0.4989812	0.4993851	0.4996414	0.4989933	0.4996538	0.4992497	0.4979367	0.4995323	0.5001614	0.5006951	0.5021993
Barely	16/05/2025 11:01:53	182.0	 +Fe +N	0.08721269	0.08892387	0.08886912	0.08810268	0.08690295	0.08754742	0.08698914	0.08726091	0.08602414	0.08634445	0.08634524	0.08556471	0.08649488	0.08574409	0.08659955	0.08758688	0.08902767	0.09198404	0.09576102	0.1010381	0.1073595	0.1170991	0.1282751	0.1413544	0.1558302	0.1705787	0.1838598	0.1950002	0.2014393	0.2101655	0.2134735	0.2169009	0.2186783	0.2207778	0.2221934	0.2227082	0.2218981	0.2196989	0.2153669	0.2098424	0.2016308	0.1925466	0.1835034	0.1759803	0.1713094	0.1652297	0.1601512	0.1562368	0.1524502	0.1496427	0.1484662	0.1457561	0.1442884	0.1416685	0.138659	0.1343149	0.1306255	0.1267055	0.1230205	0.1212292	0.1192745	0.1185244	0.1178374	0.1155182	0.1125069	0.1073743	0.1024804	0.09920479	0.09603586	0.09315467	0.0908393	0.08813877	0.08444633	0.08102879	0.07895092	0.07723723	0.07715783	0.07889234	0.08031663	0.08264542	0.08772496	0.09699204	0.1124761	0.1379248	0.1693007	0.2041276	0.2389771	0.2701781	0.3001799	0.327704	0.3519965	0.3766936	0.3990312	0.4205106	0.4381378	0.4542816	0.4692721	0.4797789	0.4882639	0.495393	0.5016772	0.5047791	0.5080662	0.5082721	0.5098987	0.510472	0.5105375	0.5100264	0.51073	0.510709	0.5096854	0.5096308	0.5085328	0.5097969	0.5098854	0.5109182	0.5109338
Barely	16/05/2025 11:02:05	183.0	 +Fe +N	0.08524876	0.08695595	0.08692049	0.0861025	0.08476906	0.08451868	0.08528446	0.08331842	0.08342665	0.08250265	0.08277166	0.08297425	0.08182972	0.082739	0.0824674	0.08393347	0.08390383	0.08585513	0.08827243	0.09145723	0.09641774	0.1019056	0.1099379	0.1188423	0.1299046	0.1413335	0.1527561	0.1624381	0.168472	0.1735638	0.1780454	0.1809646	0.1826693	0.1843574	0.1843916	0.1864654	0.1857617	0.1837675	0.1795255	0.1747457	0.1677745	0.1605408	0.1524339	0.1462127	0.1421405	0.1372169	0.1332249	0.1294617	0.1268116	0.1245619	0.1232108	0.1225301	0.1214454	0.1184874	0.1155906	0.1134194	0.1093663	0.106703	0.103846	0.1024324	0.1008101	0.1009744	0.1002387	0.0987385	0.09686184	0.09388347	0.09090499	0.08912471	0.08574792	0.0839428	0.08194018	0.08062986	0.07891129	0.07677195	0.07556494	0.07491527	0.07456843	0.07594466	0.07692467	0.07794202	0.08175176	0.08701922	0.09659166	0.1127616	0.1355367	0.1640883	0.1929382	0.2231374	0.2522408	0.2795299	0.3072853	0.3343646	0.3613118	0.3858307	0.40916	0.4304192	0.4491713	0.4651327	0.4770396	0.4885887	0.4962014	0.5019832	0.5072844	0.5080519	0.5109183	0.5124761	0.5140971	0.5134968	0.5147026	0.514598	0.5139282	0.5131638	0.5143351	0.5151441	0.5161528	0.5163915	0.5158351
Barely	16/05/2025 11:02:18	184.0	 +Fe +N	0.1002328	0.09974986	0.09779304	0.09771912	0.09882576	0.09679109	0.09701388	0.09618862	0.09526062	0.09531059	0.09591499	0.09600827	0.09519886	0.09586325	0.09568597	0.09627551	0.09722711	0.1003479	0.1027456	0.1071816	0.1125596	0.119338	0.1284599	0.1400283	0.1527288	0.1658989	0.1781412	0.1897801	0.1957131	0.2032277	0.2069546	0.2103401	0.2118991	0.2134313	0.214471	0.215601	0.2154418	0.2128682	0.2078678	0.2026259	0.1950283	0.1874848	0.1787402	0.171061	0.1670573	0.1612295	0.1563709	0.1526569	0.1498433	0.147775	0.1458804	0.144376	0.1428545	0.1397823	0.1372286	0.1337503	0.1297741	0.1265096	0.1233977	0.1211807	0.1196021	0.1185357	0.1184067	0.1166908	0.1135103	0.1090596	0.1058655	0.1035168	0.1006618	0.09846889	0.09649721	0.09430356	0.09180353	0.08966154	0.08696396	0.08586327	0.08588163	0.08631758	0.08787223	0.08971652	0.09367201	0.1007255	0.1135874	0.1338171	0.1615164	0.1941604	0.2273854	0.2591674	0.2889335	0.3165836	0.342684	0.3677479	0.3920089	0.4153744	0.4345552	0.4543243	0.4690316	0.4822667	0.4921195	0.4997694	0.5055605	0.5103573	0.5135856	0.5153564	0.5172456	0.5174062	0.5181866	0.5174826	0.5192611	0.5172761	0.5180924	0.5176801	0.5183931	0.518995	0.5205268	0.5207883	0.5207993
Barely	16/05/2025 11:02:29	185.0	 +Fe +N	0.08772185	0.08742456	0.08682302	0.08687662	0.08619695	0.08526898	0.08443967	0.08418478	0.08390901	0.08298143	0.08377736	0.08313741	0.08305635	0.08286464	0.08267129	0.08386291	0.08460314	0.08660004	0.08967027	0.09332831	0.09887332	0.1053286	0.113674	0.1248807	0.136555	0.1491032	0.1618602	0.1722178	0.1779026	0.184495	0.1888561	0.1916014	0.1931736	0.1960793	0.1963261	0.1970407	0.1965679	0.1937494	0.1895452	0.1846099	0.176638	0.1688654	0.1606215	0.1535192	0.1491302	0.1439067	0.1388143	0.1353356	0.1323793	0.1305459	0.1281885	0.1273787	0.1259455	0.12397	0.12126	0.1169477	0.1140424	0.1103995	0.1083032	0.1065853	0.1046816	0.1041689	0.1033865	0.1023347	0.09925875	0.09593894	0.09251861	0.08974072	0.08669431	0.08430388	0.08284999	0.08124194	0.07810265	0.07549192	0.07374478	0.07309234	0.07191739	0.07292253	0.07348087	0.07519038	0.07985901	0.08513936	0.09620244	0.1177232	0.144083	0.1751713	0.2084422	0.2394673	0.2689833	0.2978999	0.3253327	0.3515421	0.3782972	0.4025925	0.4249325	0.4445488	0.4627689	0.4771256	0.4900556	0.4985399	0.5067815	0.5116415	0.5159216	0.5176643	0.5200139	0.5215788	0.5212918	0.5219961	0.522651	0.5219721	0.5223575	0.5221062	0.5224261	0.523194	0.5239326	0.5231612	0.5253865
Barely	16/05/2025 11:02:39	186.0	 +Fe +N	0.08721269	0.08789349	0.08727595	0.08725213	0.08653802	0.08607427	0.08686767	0.08542274	0.08380789	0.08435714	0.08421414	0.08412272	0.08382616	0.08379746	0.08456173	0.08465768	0.08651921	0.08886191	0.09163307	0.09668882	0.1022317	0.1097229	0.1187864	0.1303644	0.1425068	0.1555021	0.1675961	0.1784472	0.1842375	0.1908438	0.1951244	0.1984029	0.1998625	0.2014321	0.2024455	0.2030591	0.2025221	0.2013884	0.1968553	0.1920784	0.1854882	0.1767885	0.1691449	0.1613532	0.1574471	0.1521951	0.1473451	0.1438292	0.1407735	0.1384412	0.1368362	0.1356018	0.1343724	0.131512	0.1286154	0.1244074	0.1208337	0.1170168	0.1147602	0.1122956	0.1119185	0.1101051	0.1090083	0.107472	0.1048045	0.1008081	0.09701093	0.09461276	0.09080889	0.08817296	0.08657455	0.08447445	0.08106479	0.07906409	0.07701317	0.07597435	0.07601726	0.07685421	0.07833871	0.08133359	0.08492182	0.09184015	0.1046493	0.1258138	0.1530266	0.1834902	0.2143514	0.2449455	0.2724094	0.296927	0.3214193	0.3435736	0.3657587	0.3855478	0.4032926	0.4186374	0.4311827	0.4438523	0.4516275	0.4577365	0.4636953	0.4678582	0.4716218	0.4710092	0.4734071	0.4728053	0.4729675	0.4731364	0.4731833	0.474092	0.4733739	0.4713405	0.473016	0.4731591	0.4741856	0.4736004	0.4746764
Barely	16/05/2025 11:02:49	187.0	 +Fe +N	0.08997672	0.08978839	0.09009028	0.08958338	0.08901579	0.08860362	0.08934715	0.08846309	0.08749791	0.08855541	0.08761322	0.0872112	0.08734109	0.08797019	0.08783638	0.089155	0.09050809	0.0921961	0.09627239	0.1001303	0.1059151	0.1138159	0.1231222	0.1344172	0.1475449	0.1610199	0.1744787	0.1856389	0.1922388	0.1991825	0.2032241	0.2069565	0.2087505	0.2105614	0.2110557	0.2125305	0.2116425	0.2089692	0.2038186	0.198685	0.1911831	0.1824073	0.1742769	0.1659064	0.1614578	0.1551263	0.1503392	0.1465581	0.1429846	0.140606	0.1387201	0.1374897	0.1357855	0.1331084	0.1298207	0.1262666	0.1221928	0.1175642	0.1156293	0.1139507	0.1115314	0.111185	0.1103627	0.1091555	0.1061591	0.1022963	0.09782668	0.09531276	0.09152526	0.08957837	0.08714318	0.08526951	0.08234184	0.07992737	0.07787432	0.07709467	0.07725031	0.07809989	0.080303	0.08274141	0.08735222	0.09406775	0.1078912	0.1300148	0.158756	0.1912574	0.2235853	0.2555038	0.2854493	0.3126322	0.3390077	0.3647378	0.3896743	0.4133845	0.4332388	0.4521899	0.4686046	0.4804056	0.4911164	0.4991892	0.5066476	0.5107384	0.5134672	0.5146065	0.5168313	0.5182238	0.517986	0.518282	0.518023	0.5168609	0.5171364	0.5164266	0.5177188	0.517762	0.5183533	0.5182557	0.5175317
Barely	16/05/2025 11:02:59	188.0	 +Fe +N	0.09034041	0.09132099	0.09132027	0.08984539	0.08939381	0.08851597	0.08924901	0.08931098	0.08740584	0.08775879	0.0870312	0.08711787	0.08683493	0.08686749	0.08701027	0.0876014	0.0880668	0.09045177	0.09257287	0.09797182	0.1027011	0.1100188	0.1200954	0.1304876	0.1425602	0.1563792	0.1685374	0.1801077	0.1858349	0.1928905	0.1971619	0.2008629	0.2021307	0.20365	0.2054419	0.2054105	0.2049979	0.2033118	0.1981491	0.1919151	0.1847588	0.1769189	0.1693231	0.161203	0.1569556	0.1512498	0.1462945	0.1425868	0.1392399	0.1374908	0.1353638	0.1339298	0.1322081	0.130027	0.1270581	0.1236173	0.1198033	0.1165847	0.1130055	0.1113497	0.1105784	0.109725	0.1090883	0.1070243	0.1041897	0.1010198	0.09590607	0.09444476	0.08974652	0.08822784	0.08620494	0.08443615	0.08207835	0.07986783	0.07754748	0.07610679	0.07592478	0.07582951	0.0767474	0.0796698	0.08246358	0.08997027	0.1026091	0.1229424	0.1509853	0.1828815	0.2162338	0.2480102	0.2789664	0.3062771	0.3330405	0.3587976	0.3854056	0.4086952	0.4298106	0.4504397	0.4668214	0.4812699	0.4922915	0.5006594	0.5089673	0.5140603	0.5174352	0.519933	0.5204613	0.5211101	0.5233822	0.5222763	0.5222506	0.5216331	0.5225703	0.5228471	0.5223391	0.5235104	0.52326	0.5235519	0.5256378
Barely	16/05/2025 11:03:12	189.0	 +Fe +N	0.0841577	0.08440212	0.08353217	0.0841427	0.08383003	0.08492764	0.08269061	0.08335395	0.08224814	0.08286131	0.08284479	0.08338903	0.08306583	0.08274022	0.08393542	0.08415849	0.08614641	0.08871684	0.09146546	0.09530547	0.1018706	0.1089693	0.1183002	0.128029	0.1384046	0.1502712	0.1609114	0.1700467	0.1743348	0.1801673	0.1837359	0.186833	0.1885413	0.1900396	0.190418	0.1911672	0.190223	0.1894227	0.18576	0.1819096	0.1759187	0.1682893	0.1615026	0.1558392	0.1516748	0.14647	0.143012	0.1403203	0.1372236	0.1354162	0.1334948	0.1323048	0.1299622	0.1290933	0.1258337	0.1222838	0.1192659	0.1164496	0.1141094	0.1122369	0.1112335	0.1102089	0.1090009	0.1076239	0.1056188	0.1019898	0.09764069	0.09553676	0.09213048	0.09019786	0.08842261	0.08670161	0.08359863	0.0805525	0.07884116	0.07772607	0.07752774	0.07826246	0.07897162	0.08235746	0.08611903	0.09399761	0.1060565	0.1248848	0.150204	0.1773805	0.2027568	0.2266575	0.2497663	0.2688325	0.2876478	0.30529	0.3221765	0.3365759	0.3499122	0.3617348	0.3708267	0.3793577	0.3857833	0.3909588	0.3949465	0.3963361	0.3982131	0.3994158	0.4008252	0.4008765	0.4017876	0.4015585	0.4023065	0.4008746	0.4015566	0.4006724	0.4016869	0.4024571	0.4031361	0.4026446	0.4029157
Barely	16/05/2025 11:03:27	190.0	 +Fe +N	0.09041315	0.09196312	0.09229006	0.09192402	0.09014012	0.09030081	0.0903038	0.08950616	0.08889783	0.08923276	0.08896324	0.08964293	0.08946769	0.08889713	0.08800888	0.08999752	0.09080429	0.091853	0.09555549	0.09873813	0.1030623	0.1089822	0.1179069	0.1292885	0.1406385	0.1526035	0.1646962	0.1749439	0.1808835	0.1874397	0.1909702	0.1939651	0.196265	0.1984623	0.1988469	0.1995649	0.1986044	0.1961486	0.1924767	0.1866808	0.1796577	0.1717777	0.1633707	0.1564919	0.152189	0.1471169	0.142039	0.138212	0.1356485	0.1332442	0.1318307	0.1309183	0.1288593	0.1268177	0.123937	0.1203765	0.1169818	0.1135547	0.1108698	0.109247	0.1076896	0.1072029	0.1063043	0.1044457	0.1023209	0.09873631	0.09491659	0.09251274	0.08934433	0.08750301	0.0861765	0.08384309	0.08154226	0.07885571	0.07771376	0.07713537	0.07672626	0.0771631	0.07840054	0.08059768	0.083558	0.089497	0.1010976	0.119361	0.1447563	0.1748558	0.2068863	0.2374789	0.2687382	0.29614	0.3245095	0.3510339	0.3779108	0.402991	0.4261041	0.4472381	0.4636663	0.4796558	0.4921715	0.5027112	0.510708	0.5172523	0.519508	0.5226327	0.524555	0.5266978	0.526593	0.526462	0.5277553	0.5272419	0.5273803	0.5277194	0.5271853	0.5290231	0.5300836	0.5295762	0.5311675
Barely	16/05/2025 11:03:43	191.0	 +Fe +N	0.09135874	0.09156019	0.09097033	0.09142029	0.08960068	0.09066369	0.08891412	0.08915275	0.08956731	0.08933525	0.08810746	0.08912852	0.08872226	0.08746177	0.08814283	0.0888036	0.09057998	0.09237495	0.09593596	0.1004822	0.1052289	0.113431	0.1230576	0.1345275	0.1468758	0.1598978	0.1722816	0.1828016	0.188918	0.1963765	0.1998425	0.2035516	0.2047523	0.2072746	0.2080712	0.2089494	0.2079296	0.2057514	0.2019102	0.196469	0.1895796	0.1814186	0.1734043	0.1654357	0.1619838	0.1559812	0.1516195	0.1480066	0.1444782	0.1426529	0.1408112	0.139544	0.1379567	0.13533	0.1322401	0.128642	0.1250511	0.1216403	0.1189728	0.1160876	0.1158497	0.1147052	0.1139624	0.1120356	0.1092629	0.1048968	0.1009418	0.09853279	0.09528276	0.09248524	0.09078244	0.08903243	0.08582026	0.08388652	0.08155655	0.08094432	0.08061036	0.08078329	0.08233275	0.0843732	0.08880138	0.09604123	0.1093085	0.1308964	0.1591537	0.1915884	0.2237384	0.255198	0.2838882	0.311139	0.3356293	0.3595784	0.3818957	0.4027837	0.4227878	0.4398105	0.4541177	0.4659143	0.4756374	0.482145	0.488485	0.4914435	0.4951105	0.4967529	0.4982075	0.4991644	0.4991513	0.4997753	0.5003575	0.4987808	0.4988885	0.4986277	0.4991499	0.5005673	0.4999437	0.5032349	0.5027649
Barely	16/05/2025 11:04:07	192.0	 +Fe +N	0.09688682	0.0980798	0.09795115	0.09736545	0.09654973	0.09645115	0.09557935	0.09484474	0.09598262	0.09458818	0.09488995	0.09382106	0.09427791	0.09508306	0.09507136	0.09472675	0.09634724	0.0997484	0.1022428	0.1065785	0.1113318	0.1196022	0.1288486	0.1395752	0.1527026	0.1664313	0.1792036	0.1896227	0.1952028	0.2025393	0.2066942	0.2101976	0.2113281	0.2132585	0.2142813	0.2159103	0.2154653	0.2122736	0.2087265	0.2038674	0.1968128	0.1885124	0.1804118	0.1724067	0.1678825	0.1627204	0.157681	0.1546986	0.1520971	0.1487616	0.1474147	0.1457444	0.1447041	0.1425425	0.1389099	0.1354683	0.1318522	0.1274259	0.1256758	0.1236416	0.1229079	0.1219773	0.1212223	0.11989	0.1172161	0.1131794	0.1095488	0.1065969	0.1035913	0.1012737	0.09965313	0.09730428	0.09458062	0.09138809	0.08906211	0.0885417	0.08683724	0.0880687	0.08951243	0.09115633	0.09596597	0.102564	0.1155416	0.1356898	0.1619443	0.1934334	0.2252567	0.2551237	0.284094	0.3117506	0.3372077	0.3633064	0.3879903	0.4112174	0.431217	0.4506531	0.4668016	0.4798542	0.4903533	0.4992878	0.5073378	0.5116832	0.5141904	0.5174004	0.5190098	0.5178843	0.5195682	0.5209956	0.5204341	0.521545	0.52086	0.5208381	0.5196376	0.5208767	0.5218255	0.5214683	0.5219304
Barely	16/05/2025 11:04:16	193.0	 +Fe +N	0.09594123	0.09619314	0.09524774	0.09614194	0.09510592	0.09518965	0.09319024	0.09417249	0.09273841	0.09323568	0.09298822	0.09321775	0.09241496	0.09269884	0.0936394	0.09394973	0.09572805	0.09728221	0.1006876	0.1053848	0.1121262	0.120536	0.1314346	0.1432427	0.1569127	0.1705455	0.1845564	0.1969412	0.2031545	0.2106779	0.2148151	0.218145	0.2208445	0.2224216	0.2224708	0.2247716	0.2238365	0.2213158	0.2169485	0.2108082	0.2034978	0.1948356	0.1860352	0.1775864	0.1728178	0.1670954	0.1624345	0.1578147	0.1541612	0.1521796	0.1501826	0.147912	0.1464237	0.1436351	0.1405412	0.1366554	0.1326841	0.1283395	0.1252436	0.1236915	0.1224016	0.121465	0.1203602	0.1186335	0.1148487	0.110887	0.1062824	0.1030688	0.09974777	0.09651269	0.0961276	0.09358139	0.0899419	0.08805406	0.08494223	0.08426438	0.08477189	0.08577688	0.08703246	0.08958853	0.0937597	0.1017004	0.1162316	0.1392012	0.1702695	0.2037508	0.2389339	0.2719427	0.3022808	0.3292902	0.3554197	0.3793603	0.4024713	0.4236282	0.4436185	0.459831	0.4740143	0.4855383	0.4944346	0.5024151	0.5085024	0.5119094	0.5154733	0.5151496	0.5160897	0.517666	0.5172325	0.5185133	0.5184245	0.5186139	0.5182224	0.517908	0.5175631	0.5189083	0.5197415	0.5195868	0.5215533
Barely	16/05/2025 11:04:25	194.0	 +Fe +N	0.09899622	0.09816595	0.09942547	0.09865828	0.0972506	0.0971608	0.09531148	0.09631229	0.09623977	0.09478369	0.09476089	0.09478287	0.09517065	0.09532601	0.09521759	0.09637651	0.09687725	0.09907897	0.1029606	0.1075351	0.1126318	0.1208205	0.1312688	0.1426981	0.1555763	0.1696739	0.1827223	0.1933698	0.1998219	0.2071255	0.2117556	0.2153449	0.2165838	0.2186982	0.2192217	0.2205027	0.2204845	0.2174892	0.2124372	0.207426	0.1999461	0.1913225	0.1837322	0.1750523	0.1708969	0.1646951	0.1600976	0.1560929	0.1531772	0.1508817	0.1486774	0.147391	0.1459956	0.1434709	0.1397794	0.1368652	0.133452	0.1294501	0.1264951	0.1237716	0.1228185	0.1220996	0.120981	0.1197044	0.1160388	0.1118747	0.1083644	0.1052808	0.101808	0.09982262	0.09817468	0.09521377	0.09265123	0.09067365	0.08788722	0.08702426	0.08717633	0.08779033	0.08903246	0.09224419	0.09559033	0.1026959	0.1159892	0.1380463	0.1671222	0.2006305	0.2347086	0.2672629	0.296912	0.3240522	0.3505143	0.3752664	0.3981165	0.4210219	0.4411764	0.458465	0.4731017	0.4845383	0.4937708	0.5023549	0.5102296	0.5127785	0.5164859	0.5180871	0.5191113	0.5210697	0.5228756	0.521399	0.5220032	0.5209487	0.5213323	0.5210471	0.5209195	0.5220339	0.522747	0.5237695	0.5229986
Barely	16/05/2025 11:04:45	195.0	 +Fe +N	0.08815828	0.08775325	0.09005324	0.09045321	0.0905625	0.08780909	0.0877525	0.08734953	0.08640373	0.08520814	0.08686088	0.08667315	0.08634649	0.08560607	0.08722405	0.08761269	0.08815772	0.09077051	0.09379773	0.09758286	0.1032067	0.1104372	0.1197764	0.131092	0.14351	0.1563724	0.1689068	0.1788675	0.1848149	0.1911245	0.1955605	0.1989581	0.2010341	0.2024669	0.2041728	0.2051475	0.2035396	0.2018622	0.1968699	0.1920503	0.1849867	0.1772525	0.1689705	0.1618797	0.1579306	0.1523197	0.1474962	0.1442653	0.1408836	0.1389711	0.1370906	0.1354971	0.1334093	0.1322265	0.1284182	0.1253342	0.1214618	0.1180156	0.1151674	0.1132373	0.1126928	0.1116398	0.1111644	0.1096894	0.1065588	0.1028887	0.09912877	0.09646077	0.09302095	0.09062178	0.08930399	0.08635912	0.08386177	0.08153484	0.08001802	0.07857138	0.0777127	0.07895143	0.08013611	0.08210149	0.08664852	0.09332865	0.1058512	0.1253127	0.1523298	0.1832901	0.2152778	0.2453082	0.2758844	0.3016557	0.3286531	0.3538301	0.3784741	0.4029189	0.4234371	0.4424571	0.4597759	0.4735274	0.4846926	0.4937846	0.5012803	0.5070182	0.509894	0.5113841	0.5123437	0.5142334	0.5147262	0.5150069	0.5155197	0.5154632	0.5169924	0.5157901	0.5162166	0.5175649	0.517432	0.5181169	0.5171547
Barely	16/05/2025 11:05:01	196.0	 +Fe +N	0.08961303	0.09041372	0.09158487	0.09095617	0.09040674	0.09021722	0.09074072	0.0902125	0.08841392	0.08937083	0.08838437	0.09020809	0.08953136	0.08994564	0.09072476	0.09155478	0.09321271	0.09604949	0.09994524	0.1053473	0.1122346	0.1223968	0.1336749	0.147594	0.1628038	0.1775765	0.1920421	0.2039177	0.2102236	0.2190547	0.2233712	0.2268502	0.2284129	0.2303179	0.2317196	0.2332585	0.2324588	0.2298743	0.2246792	0.2200687	0.2119181	0.2021021	0.1929877	0.1854374	0.1806696	0.174165	0.1680348	0.1643302	0.1606563	0.1576475	0.1554694	0.1539883	0.1518134	0.1493772	0.1457973	0.142144	0.1374904	0.1330089	0.1299895	0.1274722	0.1263625	0.1254097	0.1241341	0.1213936	0.1180644	0.1129779	0.1083274	0.1055048	0.1004021	0.09799289	0.09601387	0.09365923	0.09019565	0.08665496	0.08453004	0.08410139	0.08437115	0.08642646	0.08845843	0.09163627	0.09683803	0.1064595	0.1226145	0.1478513	0.1814154	0.2170715	0.2527352	0.2853375	0.3147163	0.3402569	0.3649088	0.3882435	0.41025	0.4299551	0.4467075	0.4625203	0.4743586	0.4844344	0.4929748	0.4988974	0.5040963	0.5062037	0.5082309	0.5096645	0.5111719	0.5110699	0.512037	0.5107753	0.5116394	0.5108133	0.5111969	0.5100109	0.5094877	0.510822	0.5119419	0.5108287	0.5131959
Barely	16/05/2025 11:05:10	197.0	 +Fe +N	0.1002328	0.09974285	0.1006107	0.09929022	0.09751263	0.09775686	0.09807438	0.09597677	0.09752487	0.0969162	0.09592022	0.09634343	0.09691675	0.09655901	0.09642179	0.09726259	0.09926745	0.1009772	0.1035789	0.1078581	0.1136068	0.121253	0.1311732	0.1423243	0.1546943	0.1691728	0.1826305	0.1926811	0.1987962	0.206884	0.2115216	0.2146151	0.2163774	0.2183805	0.2195644	0.2203483	0.2202115	0.2175033	0.2127341	0.2078961	0.2003918	0.19141	0.1832111	0.1754136	0.1711558	0.1654798	0.1599613	0.1561439	0.1527516	0.1501502	0.1485085	0.1471594	0.1457031	0.1429617	0.1389952	0.1359127	0.1318325	0.1286915	0.1258705	0.1235053	0.1219846	0.1211033	0.1211548	0.1184231	0.1162457	0.1115445	0.1072001	0.1042448	0.1009307	0.09858114	0.09706585	0.0946075	0.09248561	0.09067365	0.08839876	0.08715671	0.08696054	0.08806935	0.0887169	0.0906444	0.09577438	0.1023944	0.1166861	0.1394889	0.1687978	0.2039597	0.23815	0.2696737	0.2987377	0.3256395	0.3520904	0.3757927	0.3999772	0.420996	0.4397967	0.4555622	0.4706526	0.4829868	0.4920493	0.4990717	0.5063212	0.5102397	0.51187	0.5129199	0.5152393	0.5165705	0.5166201	0.5166421	0.5173459	0.5163217	0.5168654	0.5183973	0.5166801	0.5176201	0.51882	0.5184698	0.5191027
Barely	16/05/2025 11:05:20	198.0	 +Fe +N	0.09463195	0.09450839	0.09373307	0.09511494	0.09360696	0.09386899	0.0927055	0.09081431	0.09149224	0.09070774	0.09065755	0.09094352	0.09017376	0.09060202	0.09148208	0.09250981	0.09326853	0.0962658	0.09968735	0.103857	0.1101762	0.1182059	0.1280192	0.1389779	0.152214	0.1661517	0.1786124	0.1898578	0.1957695	0.2025623	0.207295	0.2101194	0.2117301	0.2136972	0.214377	0.2152379	0.2150291	0.2122836	0.208291	0.203024	0.1957002	0.1868958	0.179615	0.1714387	0.1668896	0.1618399	0.1559821	0.1534633	0.1500717	0.1473249	0.145848	0.1437807	0.1421922	0.1402286	0.1372062	0.1338624	0.1300317	0.1258861	0.1234377	0.1212209	0.1204956	0.1197418	0.1180018	0.1167889	0.112892	0.1093542	0.104457	0.1015568	0.09754351	0.09589494	0.09416581	0.09119522	0.08889971	0.08635728	0.08417816	0.08295057	0.0831381	0.08392208	0.08546772	0.08818071	0.09275584	0.1009757	0.1147891	0.1372276	0.1666687	0.198851	0.2322429	0.2634823	0.292783	0.3191137	0.3448486	0.3696655	0.3939244	0.4156833	0.4356604	0.4541962	0.4692617	0.4833283	0.4923881	0.4999655	0.5063324	0.5107719	0.5144704	0.5151113	0.5173527	0.5180625	0.5182789	0.5184176	0.5187935	0.5178727	0.5173781	0.5179461	0.5172117	0.5183248	0.5199008	0.519739	0.5197311
Barely	16/05/2025 11:05:30	199.0	 +Fe +N	0.09914169	0.09578898	0.09574233	0.09647454	0.09678736	0.09580621	0.09537645	0.09459769	0.09378233	0.09504307	0.0938722	0.09364891	0.09384099	0.09391358	0.09471135	0.09639565	0.09741111	0.1006594	0.1045285	0.1095729	0.1178319	0.1257475	0.1387281	0.1524644	0.1659738	0.1809901	0.1954786	0.207813	0.2139894	0.2225516	0.2272028	0.2310558	0.2325714	0.2344375	0.2349438	0.2367428	0.2362063	0.2339427	0.2294452	0.2235205	0.2158629	0.2066565	0.1978307	0.1890576	0.184033	0.1777634	0.1732397	0.1674866	0.1650711	0.1620783	0.1596614	0.1577917	0.1565282	0.1534006	0.1502881	0.1454108	0.1415557	0.1369355	0.1337513	0.1308693	0.1298469	0.1288886	0.1279066	0.1253446	0.1222312	0.1177257	0.1126729	0.1095369	0.104721	0.1022867	0.09999431	0.09699836	0.09379125	0.09135832	0.08862008	0.08742149	0.08751541	0.08931828	0.09169567	0.09499584	0.09945944	0.108477	0.1242606	0.1500144	0.1824037	0.2186728	0.2541387	0.2877134	0.3175162	0.3442768	0.3696335	0.392413	0.4141743	0.4335069	0.4494097	0.4667037	0.4777928	0.4888608	0.4972563	0.5044091	0.5081618	0.5103048	0.5135677	0.5139193	0.5165518	0.5168017	0.5150073	0.5161897	0.5161393	0.5151372	0.5145518	0.5152249	0.5158328	0.5154664	0.5172141	0.5156443	0.5178459
Barely	16/05/2025 11:06:20	200.0	 +Fe +N	0.08655804	0.08654813	0.08548301	0.08558558	0.0852261	0.08579905	0.08487865	0.08399058	0.08296942	0.08418686	0.08313476	0.08290551	0.08387768	0.08278203	0.08336629	0.08489334	0.08636072	0.08701864	0.09021565	0.09339413	0.09908999	0.1048609	0.113008	0.1218024	0.1316819	0.1417661	0.1515783	0.1600568	0.1636987	0.1698619	0.1725477	0.1740947	0.1759536	0.177157	0.1783235	0.1794719	0.1789461	0.1767716	0.1738504	0.1697241	0.1655275	0.1584614	0.1527467	0.1468728	0.1433977	0.1395538	0.1367875	0.1334541	0.1306676	0.1286225	0.1280838	0.1261368	0.1249382	0.123748	0.1210105	0.1180576	0.1154974	0.1128099	0.1103865	0.1087002	0.1079874	0.1069487	0.1067292	0.1046056	0.1025498	0.09996844	0.09637672	0.09455676	0.09214224	0.08912775	0.08845104	0.08671989	0.08387109	0.08290418	0.08054162	0.07987495	0.07946979	0.08050557	0.08185433	0.08309336	0.08754207	0.09294491	0.1040703	0.1211057	0.1430143	0.1665177	0.1916483	0.2136037	0.2338294	0.2527611	0.2708627	0.2872516	0.3024645	0.3174839	0.3310049	0.3423546	0.3531081	0.361037	0.366516	0.3722411	0.3763428	0.3790745	0.3813855	0.380964	0.3823042	0.3826568	0.3827749	0.383667	0.3823829	0.3832681	0.3829811	0.3827882	0.3825725	0.3831027	0.3841743	0.3845638	0.3838758
Barely	16/05/2025 11:06:40	201.0	 +Fe +N	0.08015711	0.08147284	0.08219126	0.08312662	0.08152217	0.08185584	0.08027038	0.0811265	0.08047995	0.07981189	0.08098225	0.08075629	0.08136841	0.08131907	0.08301959	0.08340406	0.08519984	0.08794756	0.09280262	0.09751846	0.1049039	0.1149563	0.126245	0.1396896	0.1538121	0.1685937	0.1816338	0.1932752	0.1995134	0.2056385	0.2109855	0.21409	0.2150971	0.2178346	0.2181795	0.2186881	0.2181742	0.2160375	0.2111943	0.2055676	0.1987663	0.1894212	0.180122	0.1727728	0.1683613	0.161565	0.1571066	0.1520692	0.1488659	0.1465206	0.1445317	0.142745	0.1411198	0.1378891	0.1350083	0.1306779	0.1265503	0.1217899	0.1187243	0.1160771	0.1150753	0.1142959	0.1133128	0.1115485	0.1075171	0.1030057	0.09724849	0.09486476	0.08980225	0.08771955	0.08646082	0.08294672	0.08002234	0.07689102	0.0744799	0.07387641	0.07432182	0.07621501	0.07921545	0.0835733	0.0893431	0.09879751	0.1158865	0.1397648	0.1710123	0.2055321	0.2391357	0.2703076	0.2979021	0.3224949	0.34544	0.3664548	0.3870292	0.4055546	0.422351	0.4372492	0.4487496	0.4590552	0.4659682	0.4723968	0.477541	0.4794036	0.4831056	0.4818805	0.4838177	0.4839065	0.4841821	0.4835548	0.4827604	0.4827127	0.4822832	0.48251	0.481956	0.4836071	0.4828248	0.48239	0.4843534
Barely	16/05/2025 11:06:50	202.0	 +Fe +N	0.09237707	0.09201688	0.09292468	0.09308456	0.09263327	0.09041151	0.09171111	0.09047879	0.08971344	0.09044751	0.09030595	0.08873738	0.08907555	0.09033432	0.09007695	0.09152897	0.09249822	0.09592491	0.09944218	0.1051827	0.1125957	0.1220874	0.132913	0.1471435	0.1613306	0.1763864	0.190431	0.2016231	0.2089096	0.2159214	0.221047	0.22424	0.2261581	0.2278837	0.2286593	0.2304846	0.2290039	0.2265517	0.2222934	0.2155679	0.2079517	0.1983567	0.1893982	0.1814903	0.1769099	0.1700023	0.1652486	0.1604683	0.1570784	0.1539692	0.1525831	0.1503717	0.1486473	0.1460131	0.1420812	0.1388717	0.1342641	0.1301235	0.1274265	0.1250061	0.1235035	0.122452	0.1212511	0.119361	0.1157258	0.1116748	0.1064628	0.1037408	0.09897153	0.09607681	0.09462072	0.09186586	0.08832464	0.08531539	0.08322444	0.08287935	0.08236745	0.08465369	0.08692446	0.09083637	0.09654193	0.1064972	0.123399	0.1481196	0.1816198	0.2181799	0.2534974	0.2878428	0.3192289	0.3484577	0.3763469	0.4036193	0.4293882	0.4536586	0.4745151	0.493981	0.5103912	0.5250917	0.534774	0.5433659	0.5506873	0.5547726	0.5573057	0.5586351	0.5603207	0.5611512	0.5608019	0.5610408	0.5608944	0.559812	0.5594442	0.5592566	0.5575094	0.5583681	0.5587848	0.5577439	0.561204
Barely	16/05/2025 11:07:26	203.0	 +Fe -N	0.1048152	0.1042814	0.1055419	0.1041416	0.1045538	0.103122	0.1038239	0.1026234	0.1025479	0.1019152	0.1012926	0.1012414	0.1004572	0.1012814	0.1007375	0.1028867	0.1040942	0.1057686	0.1098074	0.1140269	0.1198541	0.1262545	0.1370937	0.1476989	0.1608208	0.1731467	0.186547	0.1973692	0.202727	0.2101585	0.2141115	0.2173604	0.2191575	0.2208748	0.2216611	0.2227461	0.2216533	0.220213	0.2157124	0.2105737	0.2031015	0.1946163	0.1868647	0.1790693	0.1751352	0.1695119	0.1648907	0.1606343	0.1575999	0.1551195	0.1525276	0.1517374	0.149893	0.1480851	0.1448051	0.1404339	0.13711	0.1332463	0.1307513	0.1282235	0.1265412	0.1266467	0.1253076	0.1235592	0.1196536	0.1163366	0.1120689	0.1088089	0.105227	0.1029188	0.1007335	0.09853066	0.09622732	0.09320394	0.09076242	0.09014061	0.09016646	0.09113542	0.09305409	0.0953158	0.1000017	0.1070312	0.1207126	0.1421019	0.1701165	0.201394	0.2328101	0.2636539	0.2912829	0.3182302	0.3426742	0.366905	0.3906694	0.412612	0.4327458	0.4502262	0.4653234	0.4786315	0.4874155	0.4956719	0.5016973	0.5054102	0.5092735	0.5110617	0.5123105	0.5135361	0.511534	0.512105	0.5124825	0.5114632	0.5118968	0.5112832	0.5109481	0.5136371	0.5122958	0.5125888	0.5128189
Barely	16/05/2025 11:07:45	204.0	 +Fe -N	0.09688682	0.09685542	0.09802172	0.09646541	0.09663901	0.09531111	0.09627477	0.09466852	0.09489772	0.09452651	0.093658	0.09372505	0.09472208	0.09436599	0.09454704	0.09502835	0.09619786	0.09833738	0.1016888	0.1060601	0.1126318	0.1196219	0.1286707	0.1403595	0.1526033	0.1654544	0.1775953	0.1883873	0.1937634	0.2005324	0.2047991	0.2080037	0.2093266	0.2115935	0.2126711	0.2139734	0.2120795	0.210463	0.205725	0.2006895	0.1944541	0.1857955	0.178427	0.1703995	0.1665215	0.1609496	0.1557008	0.1525426	0.1494849	0.1470054	0.1451439	0.1433609	0.1420633	0.1394685	0.1363181	0.1329699	0.1290946	0.1250198	0.1227957	0.1209547	0.1196617	0.1185425	0.1180889	0.1164819	0.1139079	0.1100769	0.105265	0.1027608	0.09996043	0.09768442	0.09564426	0.0927736	0.09066338	0.08739916	0.08519385	0.08444764	0.08446363	0.08442707	0.08650584	0.08901261	0.09286151	0.100125	0.1130908	0.1340505	0.1600855	0.1911156	0.2218109	0.251189	0.2782072	0.3040937	0.3285978	0.3517165	0.3747337	0.3956303	0.4145078	0.4314864	0.445884	0.4588452	0.4664011	0.4743798	0.4810151	0.4849957	0.4877859	0.4904273	0.4918137	0.49241	0.4924949	0.4928898	0.4923994	0.4916287	0.4915023	0.4919651	0.4924768	0.4922079	0.4920004	0.4933647	0.4937162
Barely	16/05/2025 11:07:57	205.0	 +Fe -N	0.08874018	0.09031688	0.09033351	0.09036232	0.08946542	0.08903285	0.08851197	0.08752648	0.08836295	0.08816438	0.08778667	0.08704362	0.08690858	0.08635968	0.08691476	0.08719374	0.08879081	0.09019835	0.09332917	0.09774963	0.1027373	0.1105278	0.1200736	0.1305416	0.1429437	0.1563987	0.1687636	0.1791694	0.1850456	0.192294	0.1969046	0.1993928	0.2019374	0.2036973	0.2042866	0.2059365	0.2047312	0.2033078	0.1984307	0.1920306	0.1847716	0.1769208	0.1683552	0.1608557	0.1562125	0.1508346	0.1464595	0.1427168	0.139199	0.1371156	0.1346869	0.1334886	0.13132	0.1288571	0.125806	0.1226857	0.1179902	0.1153794	0.1113058	0.1101761	0.108315	0.1081925	0.1077072	0.1059863	0.102906	0.0992102	0.09437317	0.09242874	0.08928244	0.08739674	0.08506767	0.08297192	0.08027551	0.07820082	0.07576576	0.07489481	0.07444513	0.07596436	0.07707242	0.07931785	0.08371591	0.09048988	0.1022337	0.1223113	0.1494111	0.1805545	0.2125263	0.2442293	0.2734462	0.3021237	0.3282798	0.3555246	0.3807469	0.4042475	0.4269788	0.4470247	0.4634298	0.4783388	0.489858	0.4982505	0.5063067	0.5112978	0.5136752	0.516076	0.5191895	0.5203737	0.5205937	0.5209673	0.5206284	0.5192613	0.5203223	0.5202682	0.519381	0.520101	0.5212811	0.520609	0.5217419
Barely	16/05/2025 11:08:09	206.0	 +Fe -N	0.09332267	0.09167628	0.09264441	0.09054817	0.0904619	0.09082289	0.09168686	0.09134481	0.09136135	0.09129953	0.09157394	0.0906782	0.09066886	0.09152206	0.09094786	0.0908038	0.09207991	0.09418648	0.09438936	0.09731483	0.0991261	0.1034539	0.1075199	0.1135996	0.1200481	0.1265544	0.132763	0.1387228	0.1413399	0.1449061	0.1466948	0.1479919	0.1492099	0.1503569	0.1502601	0.1517918	0.1507565	0.1497635	0.147466	0.145596	0.1417608	0.1376396	0.1337875	0.1302136	0.1283384	0.125336	0.123369	0.1213601	0.1203571	0.1196	0.1179386	0.1171091	0.1166819	0.1149705	0.1138908	0.1128094	0.1103006	0.108233	0.107449	0.1058928	0.1060218	0.1052786	0.1045025	0.1040148	0.1034033	0.1012894	0.0988979	0.09744078	0.0959973	0.0947005	0.09331286	0.09307816	0.09152075	0.09079272	0.08863003	0.08847043	0.08816276	0.08889317	0.08992089	0.09131631	0.09345835	0.09722038	0.1036801	0.1143488	0.1286343	0.1435923	0.1593282	0.1738659	0.1877411	0.1994665	0.2113263	0.2223363	0.2325484	0.2441962	0.2520526	0.2602237	0.2675093	0.2725928	0.2781707	0.2805289	0.28383	0.2863112	0.2869471	0.2882325	0.2885415	0.2889601	0.2888369	0.288717	0.2897075	0.2890405	0.288586	0.2887746	0.2888976	0.2897582	0.2906715	0.2908157	0.2914415
Barely	16/05/2025 11:08:18	207.0	 +Fe -N	0.0928135	0.09081265	0.09161509	0.09032195	0.09191825	0.09102922	0.09025714	0.08992996	0.08989829	0.08922124	0.08975006	0.08900902	0.08919797	0.08872847	0.08770129	0.08894149	0.09060853	0.09416174	0.09651731	0.1024856	0.1080456	0.1148544	0.1253275	0.1360719	0.1492565	0.1630797	0.1757696	0.1865949	0.1923184	0.2002203	0.2045919	0.2080589	0.2089482	0.2112186	0.2121118	0.2130654	0.2122521	0.2102937	0.2064603	0.2000461	0.1934708	0.1853712	0.1765233	0.1693694	0.1651781	0.1598859	0.1541194	0.1505105	0.147488	0.1443051	0.1430615	0.1414226	0.139647	0.1374953	0.1344826	0.1307021	0.127019	0.1236955	0.1203229	0.1185252	0.1178748	0.1164876	0.1158738	0.1142165	0.1107545	0.1067212	0.1024703	0.0997368	0.09619551	0.09418292	0.09180598	0.08957062	0.08707712	0.08448189	0.08370461	0.08352092	0.08338471	0.08545263	0.08740365	0.08952454	0.0950945	0.1026722	0.1155248	0.1362494	0.1638815	0.1956589	0.2285069	0.2588347	0.2873967	0.3133561	0.3387036	0.3623564	0.3868929	0.4081839	0.4283599	0.4455306	0.4605484	0.4735009	0.4828597	0.4898362	0.4973751	0.5001021	0.5040529	0.504248	0.5057965	0.5060119	0.5065509	0.5068822	0.5071058	0.5052883	0.5062645	0.5050668	0.5059725	0.5054975	0.5069031	0.5060087	0.5074777
Barely	16/05/2025 11:08:27	208.0	 +Fe -N	0.09463195	0.09345631	0.0939787	0.09358981	0.09239565	0.09248501	0.09278534	0.0916813	0.09139409	0.09161415	0.09122023	0.09096353	0.09086543	0.09242829	0.09172507	0.09279227	0.09399255	0.09472209	0.09912068	0.1031079	0.1094901	0.1167712	0.1267177	0.1384398	0.15057	0.1641238	0.1768167	0.1879152	0.1940342	0.2007996	0.2053121	0.2077079	0.2095778	0.210905	0.2125255	0.2132138	0.2129542	0.2105175	0.20661	0.2002049	0.1935605	0.185287	0.1771747	0.1704076	0.1663006	0.1604389	0.1558987	0.1519016	0.1483671	0.1462913	0.1438412	0.1423958	0.14047	0.1385013	0.1355655	0.1318514	0.1281548	0.1240104	0.1209948	0.1198843	0.1182322	0.1177009	0.1166403	0.114224	0.112299	0.1076542	0.1036155	0.1009688	0.09733229	0.09514793	0.09359718	0.09118249	0.08885082	0.08579168	0.08454888	0.0838061	0.08381628	0.08557775	0.08808375	0.09067639	0.09582663	0.1032223	0.1166173	0.1367281	0.1642963	0.1957902	0.227441	0.2560757	0.283129	0.3095547	0.3328192	0.3556943	0.3773651	0.3964715	0.4151353	0.4324682	0.4446527	0.4563192	0.4648927	0.472138	0.4789253	0.482078	0.4838144	0.4849498	0.4856472	0.4854959	0.4868809	0.4873491	0.4865897	0.4851469	0.4870752	0.4849793	0.4850407	0.4855113	0.4881281	0.4873591	0.4873068
Barely	16/05/2025 11:08:41	209.0	 +Fe -N	0.1019057	0.1005356	0.1007463	0.09986859	0.1003781	0.09890766	0.09853098	0.09894634	0.09775998	0.0972298	0.09753197	0.09784047	0.09779842	0.09809464	0.09820967	0.09970228	0.1008674	0.10386	0.1069807	0.1127001	0.118843	0.1286295	0.138469	0.1520527	0.164719	0.1787393	0.1922902	0.203751	0.209984	0.2174271	0.2220564	0.2242854	0.2264922	0.2290358	0.2293122	0.2300936	0.2296966	0.2272916	0.2229724	0.2174002	0.2099847	0.2012458	0.1923961	0.1845435	0.1806013	0.1741331	0.1696174	0.1650169	0.1614998	0.1594859	0.1574917	0.155641	0.1536866	0.1507764	0.1475976	0.1437724	0.1391464	0.1354944	0.1318331	0.13	0.1290726	0.127919	0.126923	0.1251559	0.1214466	0.1169689	0.1123995	0.1084729	0.1048419	0.1022895	0.1004208	0.09739138	0.09449292	0.0909118	0.08903392	0.08780847	0.08766954	0.08944729	0.09190897	0.09553977	0.09992449	0.1089279	0.1238484	0.1461718	0.1766184	0.2088873	0.2425668	0.2729301	0.3022184	0.3276591	0.3521424	0.374883	0.398661	0.4176403	0.4369029	0.4535559	0.4668365	0.4787173	0.4870719	0.4933987	0.4995568	0.5026075	0.5063386	0.5063324	0.5079199	0.5080823	0.5089132	0.5079396	0.507567	0.50708	0.5072566	0.5067243	0.5063623	0.5077152	0.5089483	0.5079147	0.5066608
Barely	16/05/2025 11:08:56	210.0	 +Fe -N	0.08888566	0.09047205	0.09077188	0.08996828	0.09196828	0.08808027	0.08835367	0.08849833	0.08936186	0.08894118	0.08713257	0.08755723	0.08791425	0.0883128	0.08867819	0.08926912	0.09089649	0.09389209	0.09596703	0.1014995	0.1076484	0.1147245	0.1240905	0.1355934	0.1493404	0.1616426	0.1749385	0.1860589	0.1923397	0.1990993	0.2034337	0.2070752	0.2085923	0.2109329	0.212197	0.2128988	0.2120905	0.2091486	0.2053783	0.1999484	0.192937	0.1846994	0.1763882	0.1686033	0.1635488	0.1580656	0.1531015	0.1498144	0.1465766	0.1443696	0.1423933	0.1407302	0.1391289	0.1360804	0.1335854	0.1293941	0.1247175	0.1219024	0.1191788	0.1166048	0.1153434	0.1147788	0.1138686	0.1117444	0.108995	0.1052759	0.1012522	0.09909279	0.09507318	0.09233606	0.0902991	0.08810047	0.08451438	0.0826065	0.07976685	0.07884636	0.07888409	0.0796798	0.08082016	0.08322135	0.08819524	0.09639388	0.1090458	0.1307337	0.158075	0.1905224	0.2211616	0.2526878	0.2808698	0.3093768	0.3332222	0.3586597	0.3825369	0.405799	0.4255939	0.4440792	0.4599944	0.4731764	0.4843616	0.4919505	0.4983751	0.5029946	0.5058795	0.5081632	0.5090787	0.512438	0.5106259	0.5113789	0.5118651	0.5101507	0.5110848	0.5097922	0.5098453	0.5102878	0.5117204	0.510543	0.5128189
Barely	16/05/2025 11:09:06	211.0	 +Fe -N	0.09448647	0.09392981	0.09428366	0.09438424	0.09224271	0.09342519	0.0927707	0.09222868	0.09291039	0.09210547	0.09155042	0.09152319	0.09123927	0.09169174	0.09130445	0.09225457	0.09416575	0.09678038	0.09954519	0.1042235	0.1107901	0.1179889	0.1283139	0.1396502	0.1523748	0.1667566	0.1791627	0.1905213	0.1968189	0.2036272	0.2079594	0.2113297	0.2137773	0.2150511	0.2168992	0.2171738	0.2164099	0.214346	0.2103621	0.2044352	0.1973416	0.1886209	0.1805237	0.1723842	0.168684	0.1627564	0.157533	0.1534266	0.1503964	0.1484788	0.1458795	0.1442783	0.1426273	0.1398837	0.137158	0.1326162	0.1288419	0.1251767	0.1225397	0.1205611	0.1195723	0.1182474	0.1176864	0.1156905	0.1126907	0.1083443	0.1049052	0.1020888	0.09859614	0.09542718	0.09351188	0.09084828	0.08791551	0.08460096	0.08296075	0.08199327	0.0817201	0.08166751	0.08388385	0.08635695	0.09083986	0.09865855	0.1128787	0.1346172	0.162512	0.1944386	0.226264	0.2587822	0.2865646	0.3128957	0.3394255	0.363837	0.3883115	0.4104834	0.4307934	0.4495859	0.4638073	0.4779697	0.486844	0.4945296	0.5018712	0.505988	0.5096943	0.5104781	0.5125943	0.5133354	0.5141375	0.5136544	0.5136533	0.5135361	0.51347	0.5129504	0.5126795	0.5140293	0.5146792	0.5137107	0.514704
Barely	16/05/2025 11:10:13	212.0	 +Fe -N	0.09623218	0.09248182	0.09369492	0.09315616	0.09217852	0.09203031	0.09209564	0.09102641	0.0913804	0.09057915	0.09003165	0.08999353	0.09025848	0.08992027	0.09070088	0.09131245	0.09196516	0.09454841	0.09764209	0.1016753	0.1067095	0.1143341	0.1227148	0.1350566	0.1469845	0.1600827	0.1731345	0.1841729	0.1895606	0.1969693	0.2012857	0.2049955	0.2062743	0.2082655	0.2095464	0.2100458	0.2091142	0.2075255	0.2032258	0.1979393	0.1908973	0.1818024	0.1732336	0.1660003	0.1615149	0.1560284	0.1508172	0.1479411	0.1439666	0.1410854	0.1390843	0.1384376	0.1360654	0.1342079	0.1311848	0.1277557	0.1233339	0.1201173	0.1165761	0.1147994	0.1139734	0.1130841	0.1119274	0.1103672	0.1071534	0.1029331	0.09887889	0.09640477	0.09332771	0.09043618	0.08930399	0.08693438	0.08388131	0.08132647	0.07977544	0.0781538	0.07925401	0.07951638	0.08136839	0.08376528	0.08846696	0.09488132	0.1076572	0.1275515	0.1545476	0.1868156	0.2194192	0.25099	0.2806906	0.3080067	0.335372	0.3611746	0.3862749	0.4104182	0.4319706	0.4520191	0.4686614	0.4834789	0.4946196	0.5025308	0.51	0.5130658	0.5186761	0.5191495	0.5219259	0.5229777	0.5228489	0.5241041	0.5234854	0.5234907	0.5224153	0.522315	0.5239043	0.5234226	0.5244927	0.5246725	0.5260777
Barely	16/05/2025 11:10:22	213.0	 +Fe -N	0.09128601	0.09251176	0.09278003	0.09228861	0.09181872	0.09250654	0.09206751	0.09137996	0.09057086	0.09147623	0.09010689	0.08997808	0.08984536	0.08986243	0.09042069	0.09153865	0.09280177	0.09437344	0.09825746	0.1031571	0.1080095	0.1159415	0.1257875	0.136866	0.1498968	0.1635837	0.1758434	0.186555	0.1928713	0.2000174	0.20489	0.2074579	0.210034	0.2118952	0.2128518	0.2136579	0.2132633	0.2110497	0.2059802	0.201405	0.193515	0.1849024	0.1769627	0.1691765	0.1647678	0.1591157	0.154364	0.149805	0.1469286	0.1449655	0.1420943	0.1418018	0.1385134	0.136895	0.134042	0.1308014	0.126727	0.1231735	0.1203829	0.1184396	0.1169516	0.1167479	0.1157326	0.1145343	0.111229	0.1067109	0.103239	0.1007728	0.09723184	0.09527574	0.09345502	0.09138401	0.08914298	0.08704194	0.08555492	0.08562906	0.08603576	0.08726998	0.09025707	0.09368401	0.09772692	0.1049215	0.1169405	0.1373736	0.1648398	0.1958955	0.228934	0.2594384	0.2888272	0.3168701	0.3425926	0.3689073	0.3924186	0.4158458	0.4369786	0.4564586	0.471929	0.4851077	0.4963607	0.5041056	0.5099906	0.5145525	0.5192441	0.5193007	0.5208365	0.5206808	0.5221642	0.5225786	0.5226651	0.522579	0.5203548	0.5203681	0.5202467	0.5210906	0.5221557	0.5217296	0.5237527
Barely	16/05/2025 11:10:29	214.0	 +Fe -N	0.09914169	0.09964234	0.1007441	0.09855647	0.09897128	0.09821966	0.09745881	0.09857499	0.09820959	0.09743684	0.09704246	0.09715848	0.09671186	0.09712508	0.09683194	0.09791742	0.10014	0.1018021	0.1039731	0.1083017	0.1137874	0.1212025	0.1313196	0.1417893	0.155078	0.1683113	0.1801617	0.1913513	0.1977274	0.2049244	0.2093064	0.2127068	0.2141393	0.2162355	0.2178083	0.2175955	0.2167252	0.2149086	0.2104356	0.2053561	0.1979319	0.1899261	0.1806841	0.1735075	0.1697124	0.1636387	0.1590578	0.155729	0.152106	0.1494013	0.1477443	0.1461705	0.1448524	0.1419498	0.1396831	0.136072	0.1316387	0.1290187	0.1261192	0.1240681	0.1226398	0.1218447	0.1207208	0.1196447	0.1162759	0.1127262	0.1084742	0.1060928	0.1027627	0.1004672	0.09911293	0.09682366	0.0951846	0.09263835	0.09104238	0.09073135	0.09136868	0.09328762	0.09575131	0.09896333	0.1030011	0.1103883	0.1222714	0.1420302	0.1689867	0.2007291	0.233268	0.2646878	0.2939837	0.3232905	0.3499096	0.3766801	0.4025258	0.4260341	0.4491348	0.4682404	0.4854069	0.5001484	0.5119202	0.5206195	0.528359	0.5327027	0.5352547	0.5379224	0.5395414	0.5411321	0.541322	0.5409066	0.5411694	0.5392625	0.5391685	0.5381477	0.5401421	0.5388708	0.5406239	0.5400414	0.5402162
Barely	16/05/2025 11:10:40	215.0	 +Fe -N	0.08968577	0.09075188	0.09025611	0.09038644	0.08914027	0.0898408	0.08873134	0.08835644	0.08739977	0.08881886	0.08738857	0.08753627	0.08698889	0.08818777	0.08860245	0.08914554	0.09164217	0.09311949	0.09820143	0.1031884	0.1108623	0.1197918	0.1310268	0.1446877	0.1586436	0.1729643	0.186373	0.1980179	0.2043588	0.2114134	0.2165376	0.2188717	0.2215526	0.2233681	0.2244853	0.2248411	0.2240946	0.2228379	0.2174652	0.2124123	0.2052157	0.1963604	0.1869541	0.1790009	0.1740835	0.1681941	0.1632267	0.1590494	0.1554581	0.1527703	0.1506733	0.1489032	0.1469917	0.1445261	0.1408998	0.137135	0.1326079	0.1281731	0.125396	0.1223146	0.121657	0.1202368	0.1193386	0.1170707	0.1142105	0.1099777	0.1045209	0.1007728	0.09692345	0.09439853	0.09282952	0.09033665	0.08733077	0.08314232	0.08137579	0.0803434	0.08156597	0.08278094	0.08569194	0.08971652	0.09472639	0.1040632	0.1198859	0.1428565	0.1728946	0.2062914	0.2402708	0.2700642	0.2978465	0.3222962	0.3454546	0.3674315	0.3882488	0.4076489	0.4246111	0.4399812	0.4527176	0.4627541	0.4709161	0.4776698	0.4823042	0.486083	0.4871736	0.4878586	0.4883616	0.4907136	0.4901486	0.4890116	0.4888576	0.4864811	0.4875802	0.4865987	0.4861574	0.4870963	0.4890689	0.4886163	0.4888149
Barely	16/05/2025 11:10:51	216.0	 +Fe -N	0.09048589	0.090257	0.09024948	0.08907737	0.09077855	0.08929035	0.08951025	0.08918731	0.08812856	0.08708872	0.08763308	0.08687887	0.08775588	0.08652367	0.08863851	0.08763066	0.09033232	0.09099494	0.09488532	0.09882189	0.1046512	0.1117756	0.1193784	0.1310424	0.1431169	0.1563071	0.1679439	0.1791134	0.1845127	0.1919318	0.1966065	0.1997926	0.2014837	0.2038613	0.2044604	0.2051584	0.2032713	0.2022351	0.1979135	0.1929844	0.1852054	0.1771122	0.167841	0.1612534	0.1566786	0.1515328	0.1466443	0.1435408	0.1403325	0.1377042	0.1359787	0.1339361	0.1330755	0.1310914	0.1284575	0.1246785	0.1209639	0.1171074	0.1144729	0.1129544	0.1119185	0.1115132	0.1102485	0.108398	0.1052814	0.1019143	0.0975286	0.09578877	0.09294258	0.09017353	0.08936086	0.08688409	0.08475783	0.08332093	0.08140367	0.08068972	0.08205919	0.08315063	0.08485418	0.08808473	0.09249283	0.09858342	0.1095307	0.129909	0.1564138	0.1887542	0.2202197	0.2513705	0.2801534	0.3074376	0.3342407	0.360381	0.3851798	0.4080235	0.4299621	0.4487749	0.4656525	0.4809401	0.4921004	0.4997716	0.5069546	0.5117439	0.5147034	0.517301	0.5186116	0.5188495	0.5196817	0.5198227	0.5191179	0.51749	0.5177677	0.5185588	0.517456	0.5171972	0.5189288	0.51935	0.5200452
Barely	16/05/2025 11:11:01	217.0	 +Fe -N	0.09026768	0.09223316	0.0915646	0.09213932	0.09060282	0.09128291	0.09017959	0.09012513	0.08885973	0.08908756	0.08928769	0.08884949	0.08862539	0.08931645	0.0880281	0.08935721	0.09054576	0.09273412	0.09663794	0.1003093	0.1060595	0.1131395	0.1212743	0.1326038	0.1451023	0.1572788	0.1688697	0.1792754	0.184383	0.1911408	0.1957855	0.1985925	0.2011468	0.2029701	0.2033456	0.2045974	0.2040142	0.2018966	0.1977834	0.1924821	0.1858344	0.1781779	0.1700089	0.162688	0.1587942	0.1535602	0.1486414	0.1449528	0.1414503	0.1393828	0.138148	0.1362075	0.1348031	0.1330378	0.1294455	0.1261411	0.1220753	0.1186799	0.1167836	0.1142472	0.1142117	0.1124533	0.1118944	0.1103413	0.1074038	0.1037358	0.1003837	0.09788878	0.09420189	0.09190257	0.08964517	0.08775798	0.08613184	0.08406513	0.08190798	0.08141274	0.08205919	0.0829699	0.08506027	0.08936456	0.0923378	0.09929641	0.1112477	0.1306554	0.1559883	0.1859095	0.2169202	0.2451991	0.2717381	0.2961853	0.3201014	0.34348	0.3651885	0.3848796	0.4038281	0.420473	0.4348076	0.4463019	0.4545645	0.4614287	0.4679646	0.4718231	0.4750982	0.4760224	0.4768458	0.4785053	0.4783413	0.4777041	0.4781759	0.4772726	0.4767908	0.4763032	0.4754944	0.4772585	0.4772532	0.4786803	0.4781325
Barely	16/05/2025 11:11:11	218.0	 +Fe -N	0.09470468	0.09799487	0.09554829	0.0958784	0.09492346	0.094901	0.09480937	0.09556989	0.09508257	0.09364315	0.09375203	0.09447027	0.09394901	0.09334813	0.09363416	0.09442956	0.09580035	0.0982272	0.1004307	0.1051744	0.1099234	0.1174027	0.1258499	0.1373967	0.1490584	0.1615809	0.173994	0.1842769	0.1907712	0.1974073	0.2021365	0.2051351	0.2062441	0.2087009	0.2097983	0.2097805	0.2098225	0.2077553	0.2039306	0.1973886	0.1907029	0.1823621	0.1737304	0.1666855	0.1624965	0.1576639	0.152176	0.1491358	0.1459595	0.1438952	0.1419395	0.1404899	0.13872	0.1371777	0.1338542	0.1304056	0.1270068	0.1237745	0.1213919	0.1188725	0.1185896	0.1176852	0.1171278	0.1144548	0.112422	0.1083902	0.104848	0.1020888	0.0997979	0.09777594	0.09635506	0.09454288	0.09248561	0.09055458	0.08982588	0.08938705	0.0898582	0.0921363	0.09393206	0.09755551	0.1011008	0.107603	0.1188661	0.1378605	0.1635554	0.1943437	0.2250562	0.2566968	0.2859267	0.3130242	0.3405564	0.3672973	0.3926478	0.4158829	0.4395036	0.459959	0.4771912	0.4924387	0.5028823	0.512618	0.5196894	0.5237313	0.5281503	0.5296435	0.5313296	0.5338358	0.5337616	0.5332351	0.5335899	0.5314182	0.5316418	0.5312668	0.5309829	0.5313335	0.5326339	0.5331818	0.5339952
Barely	16/05/2025 11:11:34	219.0	 +Fe -N	0.09783241	0.09631869	0.09643517	0.09641869	0.09667084	0.09520054	0.09350112	0.09281251	0.09460175	0.0943049	0.09429958	0.09408544	0.09297039	0.09386406	0.09514709	0.09669585	0.09819318	0.09999977	0.1041118	0.1097976	0.1170013	0.1250744	0.1369253	0.1500528	0.1637284	0.1780257	0.190516	0.2025609	0.20865	0.2164751	0.2203865	0.2235549	0.2255565	0.2274419	0.2280413	0.229899	0.2284289	0.2260235	0.2224566	0.2158789	0.2085812	0.1996699	0.1914368	0.1841647	0.1792195	0.1731247	0.1673052	0.1630481	0.1603692	0.1573033	0.1550429	0.153323	0.151561	0.1489314	0.1451341	0.1410633	0.1366243	0.132396	0.1292579	0.1266677	0.1259456	0.1239113	0.1237355	0.1216966	0.1178731	0.1137806	0.1090188	0.1047208	0.1017369	0.09814474	0.09635506	0.09271652	0.0891235	0.08546423	0.08362682	0.08237007	0.08224414	0.08401494	0.08625334	0.0890446	0.0946846	0.1037737	0.1184315	0.1423476	0.1727377	0.2054977	0.2382711	0.2692712	0.2974029	0.3233285	0.347477	0.3705085	0.3908336	0.4105199	0.429763	0.4451037	0.4585253	0.4697935	0.4769395	0.4844203	0.4901011	0.4932737	0.4958255	0.4957288	0.4980611	0.501352	0.4998391	0.4999092	0.4993397	0.4987085	0.4974845	0.4969847	0.497959	0.4969114	0.4979802	0.4980165	0.4988061
Barely	16/05/2025 11:11:44	220.0	 +Fe -N	0.08888566	0.08824601	0.09113526	0.08961841	0.0875117	0.08776336	0.08702803	0.08694308	0.08689145	0.08594614	0.0855652	0.08549488	0.0857135	0.0856355	0.08668813	0.0884294	0.08819195	0.09081019	0.0937461	0.09892037	0.1037484	0.1125099	0.1221875	0.1344296	0.1471623	0.160606	0.1725573	0.1840875	0.189891	0.1972608	0.2017216	0.2050891	0.207142	0.2080714	0.2090584	0.2097097	0.2094499	0.2068119	0.2030678	0.1981109	0.1912268	0.1818735	0.1737789	0.166423	0.1618386	0.1571604	0.1513242	0.1480439	0.1444103	0.1428094	0.1395258	0.1389528	0.1368898	0.1341727	0.1313855	0.1276344	0.1232087	0.1191968	0.1168209	0.1144105	0.1133182	0.1124978	0.1112251	0.1102564	0.107467	0.1033108	0.09922848	0.09654477	0.09260777	0.09032539	0.08774025	0.08591631	0.08267251	0.08067157	0.07876096	0.07754273	0.07799014	0.07961248	0.08174927	0.08427721	0.08911898	0.09713093	0.1101434	0.130664	0.1580841	0.1894544	0.2211486	0.2522081	0.2786982	0.3040017	0.3277362	0.3504054	0.3714334	0.3913767	0.4086018	0.4250832	0.437936	0.4494335	0.4577787	0.4641544	0.4699312	0.4730904	0.4753862	0.4766606	0.4783393	0.4785882	0.4800858	0.4796122	0.4795442	0.4791831	0.4780645	0.4777135	0.4778807	0.4774171	0.4778286	0.4799094	0.4781325
Barely	16/05/2025 11:11:54	221.0	 +Fe -N	0.09914169	0.09768633	0.09988633	0.09824164	0.09745127	0.09850299	0.09735381	0.09650689	0.09733466	0.09544004	0.09598656	0.0958842	0.09624889	0.09593754	0.09643339	0.09763013	0.1004098	0.1025833	0.1059758	0.1112508	0.1173985	0.1270695	0.1375704	0.1503555	0.1640915	0.1789561	0.192005	0.2039095	0.2101797	0.216955	0.2223633	0.2260638	0.2278825	0.2300295	0.2312685	0.2320111	0.2308279	0.2288016	0.2245119	0.218184	0.211369	0.2026096	0.1931369	0.1853789	0.1805845	0.1748786	0.1687088	0.1640971	0.1614061	0.1585301	0.1563993	0.1554196	0.1526085	0.1502611	0.1465404	0.1425669	0.1378167	0.1336576	0.1304154	0.1285357	0.1273453	0.1265841	0.1251746	0.1233043	0.1200995	0.1151667	0.1112442	0.1074649	0.1034955	0.1005696	0.09851586	0.09521451	0.09235906	0.08873873	0.08672198	0.08509943	0.08495684	0.08606953	0.08900542	0.09202022	0.09726768	0.1060838	0.121475	0.1445812	0.1746564	0.2092426	0.2425668	0.2746448	0.3032746	0.3307975	0.3567558	0.3812956	0.404715	0.4261021	0.4456813	0.4629472	0.4773973	0.4905426	0.498486	0.5059443	0.5126767	0.5165217	0.5200855	0.5205813	0.5229788	0.5238695	0.5241199	0.523529	0.523735	0.5222213	0.522704	0.5212371	0.5224741	0.5233704	0.5223659	0.5231367	0.5225588
Barely	16/05/2025 11:12:17	222.0	 +Fe -N	0.09164969	0.09171324	0.09374652	0.0933085	0.09205176	0.09145289	0.09065838	0.09076137	0.09100225	0.09053425	0.08969624	0.08973088	0.09016877	0.08951394	0.09047368	0.09090157	0.09245535	0.09513718	0.09785741	0.1036816	0.1101401	0.1184827	0.1283734	0.1409454	0.1541619	0.1676323	0.1812979	0.1924027	0.1986922	0.205761	0.2110083	0.2141203	0.2159227	0.2175556	0.2199528	0.2202963	0.2190245	0.2170698	0.2124759	0.2069387	0.2002085	0.1907054	0.1830539	0.1738664	0.1692906	0.1633796	0.1575209	0.1539628	0.1512463	0.1480929	0.1462572	0.1443576	0.143115	0.1399196	0.1364147	0.1331265	0.127652	0.1239368	0.1205253	0.1183202	0.1168622	0.1162836	0.1153667	0.1134002	0.1108694	0.1067849	0.1016926	0.09909279	0.09456408	0.09270446	0.09021381	0.08798853	0.08459241	0.08227905	0.07878146	0.07790939	0.07817509	0.07907741	0.08137087	0.08366929	0.08846755	0.09693124	0.1106231	0.1324189	0.1606324	0.1939897	0.2276631	0.2600847	0.2880762	0.3147076	0.3410869	0.366437	0.3892193	0.4113281	0.43062	0.4485614	0.4639939	0.4760853	0.485853	0.4931754	0.4982644	0.503719	0.5071266	0.5062839	0.5085833	0.5099194	0.510696	0.5105545	0.5109243	0.510906	0.5092695	0.5085243	0.5067176	0.5085648	0.5087306	0.5091715	0.5109966
Barely	16/05/2025 11:12:28	223.0	 +Fe -N	0.08677626	0.08824111	0.08847221	0.08767436	0.08690011	0.08720076	0.08618004	0.0854223	0.08664038	0.08516206	0.08508193	0.08621755	0.08541889	0.08560607	0.08631527	0.08580869	0.08786025	0.09101968	0.09432231	0.09846097	0.1059151	0.1136546	0.1236543	0.1362726	0.1490862	0.1634901	0.176078	0.187608	0.1935151	0.2010961	0.2050117	0.2084747	0.2111078	0.212938	0.2135835	0.2143569	0.2136877	0.2119267	0.206659	0.2012485	0.1945417	0.1855303	0.1773545	0.1692681	0.1645941	0.1585767	0.1537358	0.1494733	0.1460953	0.143426	0.1416164	0.1396721	0.1386036	0.135956	0.1325705	0.1288352	0.1248771	0.1203521	0.1172944	0.1157394	0.1147775	0.1138582	0.112687	0.1114135	0.1077059	0.1033374	0.09870856	0.09609677	0.09256921	0.08913147	0.08816672	0.08507948	0.08190295	0.07951061	0.07803639	0.07598456	0.07552404	0.07729447	0.07952109	0.08254943	0.08708978	0.09511579	0.1089684	0.13066	0.1594236	0.1913291	0.2252536	0.2567639	0.2869643	0.3138466	0.3396689	0.3644925	0.3885339	0.4099462	0.4307949	0.4492871	0.4651338	0.4784713	0.4875529	0.4955087	0.5009186	0.5062538	0.5094038	0.5110175	0.5134301	0.5130664	0.5138289	0.515654	0.5144161	0.5140789	0.5136578	0.514717	0.5124815	0.5140914	0.515033	0.5147142	0.51395
Barely	16/05/2025 11:12:43	224.0	 +Fe -N	0.09084958	0.09036909	0.09106118	0.09145914	0.08866502	0.08891405	0.08953061	0.08851564	0.08810045	0.0884812	0.08801709	0.08787774	0.08676569	0.08710273	0.08849989	0.08790182	0.08997855	0.09255361	0.0957527	0.1007213	0.1069623	0.1138756	0.1224556	0.1337931	0.1466993	0.1587714	0.1705812	0.181223	0.1864737	0.1932808	0.1973508	0.2007117	0.2026123	0.2039152	0.2050835	0.2054436	0.2045947	0.203707	0.198873	0.1939276	0.1876653	0.1808941	0.17251	0.1656127	0.1618605	0.1570574	0.1519961	0.1482901	0.1458151	0.1433463	0.1414156	0.1400146	0.1383002	0.1362689	0.1334346	0.1300241	0.1261137	0.1228055	0.1199069	0.1179771	0.1174281	0.116408	0.1154436	0.1135697	0.111081	0.106976	0.1027863	0.1001848	0.09738261	0.09487546	0.09234618	0.09026079	0.08757395	0.08504748	0.08265033	0.08215625	0.08187423	0.08269501	0.08515712	0.08821271	0.09279648	0.1005432	0.1139494	0.1332704	0.1596219	0.1897056	0.2184016	0.2454898	0.2703779	0.2926346	0.3149912	0.3354488	0.3553534	0.3739846	0.389511	0.4045505	0.4161086	0.4279049	0.4366087	0.4426102	0.4474832	0.4500271	0.4526565	0.4541344	0.4555682	0.4560032	0.4579021	0.455826	0.4576294	0.4550286	0.4561223	0.4542637	0.4543964	0.4560669	0.4565883	0.4562458	0.4582129
Barely	16/05/2025 11:13:02	225.0	 +Fe -N	0.09485016	0.09516488	0.09483075	0.09333109	0.09356097	0.09368432	0.0947858	0.09304157	0.09220136	0.09261035	0.0919386	0.0923882	0.09250135	0.09207027	0.09319138	0.09353401	0.09584409	0.09804891	0.1020938	0.1074143	0.1138596	0.122721	0.1336347	0.1459081	0.15982	0.1745574	0.1868676	0.1983399	0.2043488	0.2117104	0.2164753	0.2198763	0.2219233	0.2231315	0.22396	0.2250899	0.2245677	0.2215478	0.2170382	0.2120119	0.2046219	0.1951632	0.1864147	0.178408	0.1738832	0.168559	0.1625607	0.1584995	0.1551657	0.1525375	0.1505317	0.1490996	0.1473033	0.1447014	0.1409686	0.1380676	0.1328191	0.1294563	0.1258981	0.1229103	0.1225505	0.1207076	0.1207492	0.1186951	0.1152815	0.110576	0.1057557	0.1030688	0.09913821	0.09644068	0.09453543	0.09163482	0.08822691	0.0861489	0.083325	0.08178957	0.08267571	0.08417793	0.08671364	0.08965252	0.09580167	0.1039687	0.1187161	0.141251	0.1710923	0.2033133	0.2373779	0.2694847	0.2975255	0.325059	0.3510532	0.375543	0.39994	0.422172	0.4413407	0.4601298	0.4738023	0.4883326	0.4957848	0.5043625	0.5108527	0.513895	0.5185877	0.518384	0.519614	0.5201319	0.5207745	0.5207803	0.5206381	0.520438	0.5198962	0.5191616	0.5174337	0.5187299	0.5202237	0.5187693	0.5207993
Barely	16/05/2025 11:13:15	226.0	 +Fe -N	0.09805063	0.09848396	0.09905656	0.09835513	0.0968328	0.09756952	0.09689355	0.0976028	0.09683479	0.09647926	0.09653567	0.09644763	0.09688738	0.09667572	0.09797781	0.0990908	0.1006717	0.1040324	0.1084465	0.113836	0.1221652	0.1310448	0.1425891	0.1565172	0.1712565	0.1863748	0.2003286	0.2120472	0.2178907	0.2261807	0.230668	0.2345165	0.2354553	0.2375023	0.2384016	0.2392949	0.2383777	0.2368439	0.2317434	0.2262259	0.2191445	0.2101772	0.2007667	0.1925322	0.187193	0.1815086	0.176012	0.171282	0.1675945	0.1652181	0.1628681	0.1606959	0.158569	0.1561967	0.1525804	0.1492706	0.1440291	0.1404208	0.1365214	0.1338236	0.1323486	0.131416	0.1301968	0.1271308	0.1243385	0.1194864	0.114189	0.1115529	0.1063805	0.1033838	0.1018139	0.09848655	0.09531154	0.09138809	0.0899578	0.08849081	0.08874846	0.09019297	0.09380717	0.09777948	0.1041141	0.1140668	0.1290983	0.1546976	0.1847126	0.2190936	0.2542067	0.2861876	0.3143395	0.3408479	0.3650581	0.3885377	0.4108005	0.4299677	0.4486308	0.4659353	0.4779923	0.4902935	0.4995624	0.5046104	0.5106806	0.5132311	0.5173024	0.5166353	0.5178279	0.5194733	0.5175174	0.5176143	0.5176682	0.5159534	0.5163891	0.51532	0.5149504	0.5141949	0.5152895	0.5164222	0.5164007
Barely	16/05/2025 11:13:25	227.0	 +Fe -N	0.0907041	0.09123606	0.09182258	0.0916884	0.0902538	0.09009981	0.08926663	0.08908202	0.09022238	0.08967918	0.08955309	0.08834973	0.0891016	0.08901038	0.09002566	0.09116789	0.09228215	0.09572908	0.09909376	0.1044364	0.1112957	0.1208839	0.1316474	0.1451818	0.1594764	0.1735146	0.18759	0.1987502	0.2050892	0.2133253	0.218059	0.2209294	0.2228117	0.224847	0.226012	0.2263738	0.2261171	0.2239306	0.2190254	0.2133074	0.2062632	0.1969721	0.1878618	0.1796439	0.1750931	0.1689027	0.1633748	0.1595882	0.155949	0.1532187	0.1509482	0.1496395	0.1474891	0.1445904	0.141357	0.1368829	0.1321934	0.1278889	0.1247068	0.1216689	0.1215379	0.1198649	0.1193309	0.1167948	0.1135976	0.1090284	0.1041691	0.1015568	0.09724505	0.09425266	0.09183441	0.08934934	0.08568378	0.08287441	0.08068032	0.0801295	0.07993218	0.08239478	0.08457162	0.08837269	0.09368015	0.1025216	0.1175226	0.1404688	0.1710873	0.2042194	0.2386277	0.2702878	0.2986755	0.3273656	0.3510842	0.3758553	0.3986994	0.419668	0.4393603	0.4571416	0.4710221	0.4832562	0.4918764	0.4992435	0.5062898	0.5094649	0.5120398	0.5130841	0.5148439	0.5160729	0.5146207	0.5153125	0.5151171	0.5141462	0.5126148	0.5128553	0.5117151	0.5122857	0.5132057	0.5131282	0.514327
Barely	16/05/2025 11:13:33	228.0	 +Fe -N	0.09834158	0.09862876	0.09931896	0.09684015	0.09728931	0.09644836	0.09678284	0.09664854	0.09589437	0.09633932	0.09517833	0.09575288	0.09556438	0.09670697	0.09706903	0.09804907	0.1005405	0.1035844	0.1091681	0.1155763	0.124043	0.1350685	0.1474019	0.1618649	0.1769461	0.1930424	0.2075401	0.2191224	0.2254982	0.2333432	0.238074	0.2409845	0.2432775	0.2453121	0.2453539	0.2470868	0.2466862	0.2447491	0.2394338	0.2340611	0.2263293	0.217244	0.2078211	0.1991936	0.1944293	0.1880292	0.1823031	0.1775535	0.1738751	0.1714173	0.1689505	0.1673318	0.1650256	0.161878	0.1582531	0.153302	0.1487518	0.1442869	0.1402956	0.1366624	0.1362201	0.1351261	0.1335448	0.1312601	0.1276971	0.1216604	0.1157758	0.1122249	0.1076472	0.1036621	0.1014159	0.09796837	0.09355751	0.09046528	0.08633	0.08508929	0.0850185	0.08649269	0.08956752	0.09288411	0.09983335	0.1106659	0.1279856	0.1554874	0.1883886	0.223756	0.2577624	0.2891732	0.3170354	0.3417567	0.3641337	0.3843151	0.4033337	0.4206682	0.4358916	0.4497994	0.460736	0.4710629	0.4773884	0.4827897	0.4866996	0.4889898	0.4916319	0.4920815	0.4920628	0.4940872	0.4934569	0.4923909	0.4928823	0.4912033	0.4918232	0.4891821	0.4889498	0.4896797	0.4902353	0.4917341	0.4914541
Barely	16/05/2025 11:13:43	229.0	 +Fe -N	0.10016	0.1009898	0.1031178	0.1011317	0.1004713	0.1013913	0.100251	0.09965394	0.09949387	0.09890979	0.0982723	0.09895361	0.09839205	0.09914721	0.09866178	0.09939423	0.1018149	0.1034277	0.1065987	0.110541	0.1162068	0.1248712	0.1341861	0.1460016	0.1588727	0.172679	0.1850413	0.1968934	0.2025589	0.2099828	0.2155916	0.2182058	0.2199436	0.2221551	0.2226728	0.2232678	0.2227665	0.2205879	0.2151342	0.2102625	0.2021242	0.1943072	0.1850452	0.1773673	0.1730121	0.1671287	0.1619852	0.1586801	0.1544865	0.1518599	0.1505308	0.1486904	0.1468309	0.1445039	0.141119	0.1370905	0.1331428	0.1292124	0.1266074	0.1239665	0.123295	0.1221185	0.1209628	0.119382	0.1157767	0.1124626	0.1082378	0.1053648	0.1018237	0.09938634	0.09777664	0.09541454	0.09308974	0.09073319	0.08872154	0.08809366	0.08779285	0.09064146	0.09323089	0.09557177	0.1001904	0.1072306	0.1207277	0.1405795	0.1689165	0.2015664	0.2358547	0.2693258	0.2995225	0.3285823	0.3569658	0.3846623	0.4114474	0.4360389	0.4590503	0.4819005	0.4975982	0.5133247	0.5247378	0.5337696	0.5416793	0.5448514	0.5489706	0.5518188	0.5532968	0.5551713	0.5553449	0.5548615	0.5556251	0.5545824	0.5542121	0.5521997	0.5530553	0.5537345	0.553991	0.5537926	0.5529722
Barely	16/05/2025 11:13:52	230.0	 +Fe -N	0.09121327	0.08987789	0.09264	0.09110699	0.08952394	0.08974087	0.08887821	0.09007171	0.08960686	0.08859929	0.08838175	0.08972081	0.08855557	0.08848308	0.08957946	0.09010218	0.09163178	0.09394248	0.09674462	0.1010531	0.1067456	0.1127639	0.1210924	0.1307993	0.1427474	0.1529288	0.1653908	0.1738265	0.1796661	0.1858239	0.1894276	0.1918825	0.1928545	0.1949647	0.1957189	0.1958499	0.1957261	0.1948904	0.1903455	0.1855865	0.1800302	0.1722063	0.1660043	0.159142	0.1552326	0.1503442	0.1456562	0.1423068	0.1394598	0.1377427	0.1358139	0.1342743	0.1329258	0.1304152	0.1282695	0.1251265	0.121192	0.1186351	0.1158355	0.1131877	0.1135863	0.1121842	0.1110379	0.1088328	0.1069821	0.1039742	0.09981231	0.09772078	0.0941105	0.09216441	0.09123735	0.08856552	0.08691156	0.08433305	0.08306252	0.08217659	0.08270654	0.08351234	0.0861627	0.08978051	0.09285919	0.09919722	0.1106602	0.1299894	0.1535008	0.1804643	0.2086312	0.235215	0.2585977	0.2808384	0.3021348	0.3210492	0.3406957	0.3583183	0.3741591	0.3877743	0.4008909	0.4103573	0.4180689	0.4243768	0.4300066	0.4320179	0.4357297	0.4344048	0.4370849	0.4375755	0.4384314	0.4374744	0.4378317	0.4375927	0.4371068	0.4362988	0.4359062	0.4365558	0.4377707	0.4371931	0.4396758
Barely	16/05/2025 11:14:03	231.0	 +Fe -N	0.094341	0.09321956	0.09289778	0.09381755	0.0921711	0.09225158	0.09125954	0.09145074	0.09027871	0.0886159	0.08963512	0.08974539	0.09074417	0.09070574	0.0922237	0.09249712	0.09395873	0.0959633	0.09907688	0.1039728	0.1095984	0.1181567	0.1272948	0.1396786	0.1521189	0.1650432	0.1776182	0.1887068	0.1949827	0.2021498	0.2059036	0.2084656	0.2102811	0.2128371	0.2137113	0.2144258	0.2132476	0.211846	0.2076583	0.2023283	0.1958176	0.1875215	0.1804973	0.172864	0.1685402	0.1626085	0.1570259	0.1537404	0.1506558	0.1480651	0.1468908	0.1452578	0.1426687	0.1413709	0.1386259	0.1347771	0.1304268	0.1270284	0.1237476	0.12164	0.1204658	0.1199982	0.1188442	0.1172679	0.114158	0.1114689	0.1064236	0.1044968	0.1005112	0.09800869	0.09678153	0.09407375	0.09133548	0.08856012	0.08686189	0.08627063	0.08689889	0.08775138	0.0900413	0.09358802	0.09829998	0.106243	0.1192314	0.1399159	0.1668509	0.1977862	0.2293205	0.2584468	0.28555	0.3103868	0.3341732	0.3563542	0.3785324	0.3968505	0.4143887	0.4310168	0.4439031	0.4556214	0.4638415	0.4707483	0.4769528	0.4792985	0.4817666	0.4823335	0.484174	0.4860266	0.486076	0.4845344	0.4859246	0.4833795	0.4839938	0.4830465	0.4837834	0.4826618	0.4854957	0.484774	0.4856102
Barely	16/05/2025 11:14:13	232.0	 +Fe -N	0.1023422	0.1029052	0.1032757	0.1023227	0.1022056	0.1005441	0.09971685	0.100449	0.1001581	0.09983178	0.09988721	0.1010258	0.0982331	0.09996982	0.1003879	0.100948	0.1024384	0.1058018	0.1090903	0.1141096	0.1213708	0.1292807	0.1402189	0.1535049	0.167418	0.1812647	0.1953647	0.2062845	0.213313	0.2207396	0.2251038	0.2291527	0.2312868	0.233543	0.2336244	0.2346624	0.2339501	0.2318439	0.2269656	0.2209672	0.2134718	0.2048038	0.1960229	0.1876989	0.1828051	0.176545	0.1712943	0.1673109	0.1645369	0.1611276	0.159229	0.1576059	0.156035	0.1534172	0.1497918	0.1460785	0.1408444	0.1369337	0.1341671	0.1316056	0.1306808	0.1302376	0.1293196	0.1271494	0.1231606	0.1193428	0.1139179	0.1111049	0.1076089	0.1049328	0.1024679	0.1002309	0.09727012	0.09478165	0.09205008	0.09167845	0.09318742	0.09383784	0.09638197	0.09953926	0.1051243	0.1135537	0.1278394	0.1509477	0.1812215	0.2147311	0.2494782	0.2812065	0.3109086	0.3395114	0.3653562	0.3897151	0.4128813	0.4350471	0.4535268	0.4727226	0.4870919	0.500475	0.5094291	0.5168904	0.5234119	0.5269588	0.5297856	0.531038	0.5321843	0.5328817	0.5333259	0.5336176	0.5333783	0.5317399	0.5321	0.5312195	0.5305193	0.5314597	0.5311723	0.5318521	0.5320473
Barely	16/05/2025 11:14:24	233.0	 +Fe -N	0.09354088	0.09195823	0.09429491	0.09313509	0.09327561	0.0918454	0.09131673	0.0905136	0.09015317	0.08912399	0.09028399	0.08996909	0.0896299	0.08988252	0.09116459	0.09068989	0.0922133	0.09527542	0.09735435	0.1029952	0.109454	0.1166733	0.1271299	0.1382404	0.1523387	0.1661104	0.1796659	0.1917003	0.1972095	0.2050402	0.2087225	0.2124038	0.2143684	0.2168577	0.2173524	0.2187566	0.2178235	0.2151163	0.2104937	0.2047875	0.1975597	0.1891407	0.1805948	0.1721485	0.167325	0.1611741	0.156187	0.1523586	0.1488918	0.1466682	0.1448658	0.1427215	0.1413858	0.1381984	0.1354787	0.1313067	0.1268374	0.1232365	0.1200107	0.1180594	0.1164155	0.1155553	0.1142482	0.1126572	0.1097522	0.1049797	0.1002661	0.09842079	0.09431613	0.09069895	0.09041283	0.08777676	0.08441725	0.08141577	0.07951311	0.07892787	0.07940814	0.08076943	0.08358045	0.08632495	0.09115803	0.09909705	0.1134123	0.1349372	0.1638082	0.1974867	0.23108	0.2631317	0.2931368	0.3236115	0.351131	0.3774737	0.4032358	0.4274286	0.4494311	0.4694784	0.4862768	0.5015026	0.5119241	0.5217282	0.5286822	0.5331845	0.5373697	0.5378188	0.5405642	0.5424373	0.5413958	0.5419962	0.5413864	0.539604	0.5410782	0.54066	0.5394789	0.5411398	0.5406238	0.5421579	0.5402162
Barely	16/05/2025 11:14:33	234.0	 +Fe -N	0.09252255	0.09321622	0.09271719	0.0931328	0.09383326	0.09173749	0.09168892	0.09161052	0.09177296	0.09025403	0.09104522	0.09148505	0.08986642	0.09056062	0.09182059	0.09227716	0.09452688	0.09622059	0.0993218	0.103866	0.1103207	0.1176662	0.1267203	0.1374773	0.14937	0.1618965	0.1737277	0.1835722	0.1884999	0.1948582	0.1985832	0.2015581	0.2042536	0.2050319	0.2060084	0.2066835	0.2053368	0.2036505	0.2001073	0.1948935	0.1888885	0.181403	0.1742839	0.1671328	0.1626627	0.1580566	0.1535687	0.1501698	0.1472008	0.1441175	0.1429382	0.1415683	0.1406627	0.1380904	0.1353446	0.1320356	0.1274066	0.1240151	0.1210924	0.1193022	0.1181131	0.117148	0.116989	0.1147061	0.112247	0.1082865	0.1045444	0.1015288	0.09891648	0.09615254	0.09464915	0.09240282	0.08949357	0.08701218	0.08520304	0.08409119	0.08545006	0.08656889	0.08936717	0.0929801	0.0974343	0.1046297	0.1174253	0.1364731	0.1621799	0.1913556	0.2190163	0.2465065	0.2708205	0.2950177	0.3165709	0.336938	0.3593801	0.3767491	0.3939612	0.4084351	0.421606	0.431572	0.4400037	0.4463958	0.4513415	0.4541217	0.4571433	0.458001	0.459601	0.4601081	0.4602535	0.4604644	0.4597508	0.4591925	0.4586557	0.4585709	0.456438	0.4581357	0.4596172	0.4599319	0.4598467
Barely	16/05/2025 11:14:45	235.0	 +Fe -N	0.09179517	0.09304514	0.09176416	0.09258008	0.09076425	0.09235139	0.0901709	0.09092058	0.0904096	0.08961006	0.08932583	0.08894564	0.08919298	0.08943092	0.08882442	0.08979552	0.09212933	0.0940833	0.09686891	0.1014909	0.1083345	0.1155514	0.1255452	0.1376176	0.1507855	0.1644589	0.1777776	0.1892856	0.1952974	0.2029613	0.2073631	0.2101599	0.2125647	0.2142934	0.2156194	0.2157148	0.2146887	0.2131344	0.2083731	0.2021332	0.1951304	0.1863923	0.1777782	0.1695648	0.1650346	0.1593604	0.1542318	0.1501587	0.147032	0.1447484	0.1424625	0.1414046	0.1393602	0.1364323	0.1336522	0.1298958	0.1257506	0.1208756	0.1189028	0.1158679	0.1155816	0.1151329	0.1135396	0.1108876	0.1082916	0.1046124	0.1000555	0.09746878	0.09345081	0.09106682	0.08953145	0.08713565	0.08425141	0.08233858	0.08094083	0.07945732	0.08054871	0.08239175	0.08511241	0.08779676	0.09248528	0.09977501	0.1128114	0.1332944	0.1617463	0.194525	0.227562	0.260025	0.290867	0.3189263	0.3457203	0.3711011	0.3963149	0.4194957	0.4413155	0.460514	0.4759431	0.4916498	0.5011569	0.508188	0.515572	0.5189535	0.523476	0.5250493	0.5260034	0.5279658	0.528764	0.5282934	0.5281731	0.5278738	0.5268498	0.524832	0.5247527	0.5255192	0.5258884	0.5270623	0.5278371
Barely	16/05/2025 11:15:15	236.0	 +Fe -N	0.08808554	0.08792188	0.08928059	0.08985631	0.08821486	0.08832307	0.08741166	0.08835687	0.08738298	0.08571709	0.08583166	0.08662065	0.08684159	0.08728438	0.08829658	0.08945843	0.09146337	0.0930333	0.09772431	0.1031599	0.1110068	0.1193885	0.1310074	0.1443072	0.1582238	0.1731795	0.186486	0.1973242	0.2034679	0.2111795	0.2152173	0.2179718	0.2203854	0.2217636	0.2230777	0.2253448	0.2233274	0.2220577	0.2170162	0.2111809	0.2046016	0.1963202	0.1877923	0.1796773	0.1745901	0.1693401	0.1642148	0.1600785	0.1566749	0.1544592	0.152092	0.1497269	0.148664	0.1461712	0.1422428	0.1387189	0.1339599	0.1295644	0.1264064	0.1240731	0.1231163	0.1221704	0.1213146	0.1192945	0.1156316	0.1115548	0.1066175	0.1032088	0.09933767	0.09695135	0.09493347	0.09152745	0.08808092	0.08510702	0.08373688	0.08190164	0.0818434	0.0832961	0.08630549	0.08978051	0.09539234	0.1043595	0.1199482	0.1438	0.1730405	0.2064311	0.2388309	0.268588	0.2945705	0.3186337	0.340981	0.3615094	0.3812464	0.3993019	0.4159171	0.4297362	0.4415417	0.4512501	0.4589192	0.464306	0.4689934	0.4726838	0.4744454	0.4740016	0.4759579	0.4773161	0.4780273	0.4770364	0.4763735	0.4749047	0.4752395	0.4748216	0.4753956	0.475643	0.476289	0.4750654	0.475996
Barely	16/05/2025 11:15:23	237.0	 +Fe -N	0.09754146	0.09610944	0.09778973	0.0960541	0.09615527	0.09496306	0.0942384	0.09553484	0.09493963	0.09567638	0.09498242	0.09556261	0.09496409	0.09528115	0.09601687	0.0972513	0.09958923	0.1032716	0.1078539	0.1144959	0.1225986	0.1331329	0.1450461	0.1588554	0.1740049	0.1893504	0.2026884	0.2154429	0.2215035	0.2290825	0.2332104	0.2362453	0.2380485	0.2408058	0.2415189	0.2426851	0.2416066	0.2398883	0.2351742	0.2290935	0.2212639	0.2122622	0.2035564	0.1949107	0.1907512	0.1835381	0.177486	0.1738982	0.1710714	0.1672072	0.1648253	0.1633505	0.161656	0.158762	0.1548734	0.1509626	0.1454716	0.1409315	0.1375591	0.1345658	0.1340461	0.1332586	0.1311559	0.1293707	0.1245329	0.1199248	0.1148983	0.1111049	0.1065059	0.1033241	0.1009326	0.097072	0.09339201	0.08850058	0.08713039	0.08513	0.08421702	0.08593662	0.08903246	0.09323607	0.09985018	0.1105143	0.1272652	0.1537152	0.1855119	0.219748	0.2535772	0.2840801	0.311551	0.3375395	0.3597552	0.3811263	0.4017696	0.4199118	0.4372517	0.4518057	0.4636609	0.4744914	0.48189	0.488257	0.4932509	0.4957791	0.4969167	0.498778	0.4988911	0.5000081	0.5006782	0.4999285	0.4990706	0.4981207	0.4975243	0.4970509	0.4960574	0.4969972	0.4967943	0.4972213	0.4988689
Barely	16/05/2025 11:15:32	238.0	 +Fe -N	0.08815828	0.08829365	0.08754056	0.08735242	0.08670457	0.08586111	0.08586733	0.08459176	0.08416698	0.08675123	0.08521465	0.08553477	0.08538452	0.0844715	0.08543674	0.0865387	0.08734758	0.08994956	0.09401353	0.0975073	0.10364	0.1114197	0.121423	0.1324948	0.1444505	0.1580977	0.170643	0.1817008	0.187231	0.1945386	0.1981029	0.2016192	0.2044238	0.2055098	0.2058648	0.2074602	0.2059841	0.2046464	0.2002131	0.1939953	0.1874799	0.1793014	0.1711438	0.1638025	0.1596714	0.1542431	0.1502746	0.145898	0.1425066	0.1402185	0.138382	0.137191	0.1356678	0.1332463	0.1295977	0.1267965	0.1224335	0.1187301	0.1164351	0.113784	0.1132587	0.1123968	0.1118969	0.1101376	0.1071749	0.1027495	0.09886657	0.09567677	0.09246259	0.09009915	0.08819516	0.086252	0.08395901	0.08147531	0.08017843	0.07950832	0.07909988	0.08092549	0.08399658	0.08795674	0.09165502	0.09927775	0.1119227	0.1328055	0.1604559	0.190501	0.2227583	0.2526455	0.2798401	0.3065164	0.3309106	0.3529784	0.3760395	0.3970578	0.4156726	0.4327243	0.4465717	0.4583595	0.4681287	0.4747142	0.4822949	0.4842883	0.4867731	0.4886667	0.4908533	0.491976	0.4913902	0.4925606	0.491769	0.4907169	0.4894814	0.4887928	0.4877366	0.4897783	0.4901847	0.4914596	0.4915797
Barely	16/05/2025 11:15:44	239.0	 +Fe -N	0.09114053	0.09217483	0.0912237	0.09261816	0.09013782	0.09010525	0.09105549	0.09088465	0.09075952	0.08885427	0.08902856	0.08922278	0.0894012	0.08974694	0.08995402	0.09056125	0.09271429	0.09492862	0.09771012	0.1038685	0.1095984	0.1179335	0.1282417	0.1397537	0.1531638	0.1678417	0.1808543	0.1922963	0.1982207	0.2057969	0.2096676	0.2129537	0.2150827	0.2165678	0.2184369	0.2187004	0.2178839	0.2161525	0.2115439	0.2058375	0.1983291	0.1892497	0.1811422	0.173656	0.1689667	0.1630673	0.1578003	0.1538525	0.1502048	0.1472764	0.1456655	0.1446021	0.1414384	0.1394267	0.136223	0.1337916	0.1286506	0.1250514	0.1223424	0.12046	0.1188874	0.1185735	0.1171555	0.1153251	0.1124218	0.1081118	0.1037051	0.1010528	0.09752269	0.09474115	0.09322757	0.09097171	0.08816849	0.0854047	0.08377744	0.08312372	0.08344636	0.08545198	0.08782428	0.09054841	0.09579934	0.103952	0.1172299	0.1390875	0.1672627	0.1996543	0.233239	0.2642927	0.2937884	0.321353	0.3466944	0.3710701	0.3952744	0.4172453	0.4374937	0.4560318	0.4720423	0.4836867	0.4936022	0.5002178	0.5068169	0.5116181	0.5137314	0.5156922	0.5170631	0.5179207	0.5196528	0.5188307	0.5187338	0.5181497	0.5168406	0.5165357	0.5162523	0.5162461	0.5173852	0.517375	0.5174061
Barely	16/05/2025 11:15:51	240.0	 +Fe -N	0.09114053	0.08919758	0.08975159	0.09137433	0.0895876	0.09030892	0.08849161	0.08904634	0.08796956	0.0883443	0.0880385	0.08741141	0.08793364	0.08788353	0.08901546	0.08844435	0.09054407	0.0926147	0.09648673	0.10071	0.1060234	0.1140308	0.123434	0.1342374	0.1460857	0.1592021	0.1708662	0.1805364	0.1862399	0.1932427	0.196844	0.2001446	0.2017141	0.2037729	0.2045065	0.2053741	0.2042025	0.2029771	0.1983364	0.1932314	0.1874476	0.1786927	0.1715685	0.1644785	0.1604688	0.154967	0.1497804	0.146418	0.1435207	0.1409676	0.1391448	0.1378107	0.136675	0.1337225	0.1317757	0.1282834	0.1235889	0.1203074	0.1178602	0.1146864	0.1140628	0.1134415	0.1127207	0.1111557	0.1081985	0.1044659	0.09979665	0.09791678	0.09385281	0.09224001	0.09027067	0.08807317	0.08604416	0.08281487	0.08113124	0.08108688	0.08165845	0.08271665	0.08548585	0.0890446	0.09268093	0.1003294	0.1123755	0.1321809	0.157988	0.188015	0.2178836	0.2465239	0.2748996	0.2986413	0.3216739	0.3442203	0.3664383	0.386721	0.4053564	0.4231623	0.4366706	0.4497283	0.458193	0.465836	0.4709913	0.4757335	0.4776971	0.4790463	0.4800586	0.4822837	0.4828877	0.4821665	0.4823264	0.4814432	0.481045	0.4811234	0.4806033	0.4818398	0.4821326	0.4818431	0.4814
Barely	16/05/2025 11:16:01	241.0	 +Fe -N	0.1008874	0.09865471	0.1004301	0.1009801	0.1005003	0.1003134	0.09879405	0.09716101	0.097588	0.0970741	0.09644476	0.09743011	0.09646876	0.09695824	0.09706028	0.09785009	0.09845947	0.1021767	0.1047375	0.1096565	0.1153041	0.1235061	0.1329301	0.1443823	0.1577231	0.1706079	0.1847201	0.1958967	0.2025301	0.2093972	0.2139811	0.2168523	0.2199092	0.2209255	0.2224954	0.2234095	0.2219091	0.2197755	0.2155328	0.2105534	0.2022033	0.1939277	0.1838608	0.1770955	0.1727746	0.1666671	0.1607893	0.1571009	0.1542277	0.1513734	0.1500661	0.1482127	0.1465761	0.1439738	0.1408568	0.1377619	0.133187	0.1290111	0.1263428	0.123161	0.1236226	0.1223016	0.1214818	0.1190538	0.1163716	0.1131808	0.1078546	0.1057848	0.1016898	0.09966891	0.09769135	0.09584809	0.09344038	0.09153693	0.08932399	0.08892865	0.08967324	0.09143326	0.09375828	0.09640366	0.1021935	0.1090624	0.1212629	0.1433669	0.1718425	0.2043914	0.2386574	0.2710283	0.3011239	0.3291169	0.3560784	0.3815053	0.4043519	0.4288092	0.4500448	0.4701614	0.4861914	0.4992841	0.5100865	0.517278	0.5248383	0.527818	0.5320295	0.5329373	0.5340486	0.535764	0.5369102	0.5352671	0.5370069	0.5350119	0.5339583	0.5331899	0.5329804	0.5334467	0.5337498	0.5356525	0.5361945
Barely	16/05/2025 11:16:26	242.0	 +Fe -N	0.09455921	0.09624813	0.09570087	0.09623588	0.09575905	0.09434522	0.09470825	0.09348413	0.09301852	0.09333683	0.09332676	0.09196712	0.09338909	0.09360345	0.09423945	0.09501544	0.09713187	0.1000024	0.1042577	0.1092327	0.1158457	0.1253318	0.1365777	0.1495772	0.1639564	0.1790484	0.1917374	0.2035835	0.209381	0.2174468	0.2219899	0.2250878	0.2272493	0.2296559	0.2296585	0.2306144	0.2298347	0.2290011	0.2236839	0.2181297	0.2106967	0.2013666	0.1929248	0.1853259	0.1804002	0.1749559	0.1698281	0.165278	0.1618996	0.1587143	0.1573574	0.1552129	0.1539747	0.1510973	0.1480026	0.1447824	0.1387246	0.1355501	0.1323812	0.1296389	0.1285663	0.1277476	0.1269121	0.1246816	0.1215137	0.1170978	0.1124141	0.1087249	0.1048761	0.1020647	0.1005914	0.09750629	0.09454174	0.09228113	0.08975668	0.08827684	0.08871763	0.0909168	0.09283335	0.09758751	0.1022922	0.111622	0.1265736	0.1501946	0.1806937	0.2138283	0.2476686	0.2793426	0.3078138	0.3349356	0.3592529	0.3839179	0.4060406	0.427131	0.4460139	0.4638009	0.4773438	0.4912797	0.4989037	0.5059238	0.5113114	0.5158952	0.5174086	0.5191495	0.5205858	0.5215868	0.5222856	0.5215184	0.5213228	0.5201378	0.5220611	0.5195228	0.5199712	0.5196032	0.5209815	0.5216793	0.520925
Barely	16/05/2025 11:17:31	243.0	 +Fe -N	0.1000956	0.1004332	0.09970383	0.09927391	0.1000536	0.09842744	0.09719669	0.09772005	0.09663069	0.09607573	0.09599362	0.09541029	0.09567729	0.09625819	0.09689431	0.09736542	0.09852879	0.101194	0.1040609	0.1081696	0.1145002	0.1220144	0.1315938	0.1423684	0.1552663	0.1683891	0.1816431	0.1924601	0.1988625	0.2051595	0.2098776	0.2131509	0.2151047	0.2166389	0.2188249	0.2183077	0.217936	0.2156885	0.211232	0.2055372	0.1983619	0.1899322	0.1812269	0.1740772	0.1697625	0.1639186	0.159023	0.1553483	0.1514507	0.1488073	0.1469693	0.145016	0.1442218	0.1413786	0.1383855	0.1348902	0.1311512	0.1277061	0.1252562	0.1226859	0.1210512	0.1204885	0.1196493	0.1176684	0.1148249	0.110853	0.1061818	0.1035649	0.1002605	0.09801524	0.09657497	0.09364224	0.09128176	0.08858739	0.08782754	0.08688742	0.08787422	0.08971909	0.091966	0.09441786	0.09945076	0.1059433	0.119401	0.1396976	0.1673818	0.1991001	0.2317563	0.262202	0.2908537	0.3182177	0.3453166	0.3704871	0.3954496	0.4173291	0.4366251	0.456387	0.4713462	0.4843951	0.4941704	0.5025132	0.5102492	0.5121314	0.5147722	0.5175087	0.5175778	0.5186681	0.5185416	0.5176246	0.5177847	0.5168295	0.5168175	0.5174502	0.515564	0.5163409	0.5152386	0.5175169	0.5183279
Barely	16/05/2025 11:17:43	244.0	 +Fe -N	0.09502096	0.09860128	0.09928387	0.09873064	0.09702623	0.09750669	0.0962764	0.09577736	0.09667313	0.09541381	0.09513696	0.09575924	0.09494978	0.09514373	0.0952023	0.09750418	0.0993756	0.101279	0.1058205	0.1119463	0.1184172	0.1276324	0.1397952	0.1525649	0.1664762	0.1812495	0.1950138	0.2067561	0.2124875	0.2205553	0.2253184	0.2279336	0.2306284	0.2319491	0.2343517	0.2335501	0.2331774	0.2307323	0.225923	0.2205379	0.2126733	0.2039876	0.194295	0.1864323	0.1818986	0.1752007	0.1696891	0.1652975	0.1627022	0.159531	0.157371	0.1554714	0.153657	0.150944	0.1478122	0.143495	0.1399474	0.1343641	0.1311034	0.1291304	0.1275769	0.1265088	0.1265228	0.1232998	0.1196418	0.1152896	0.1100266	0.106361	0.1023836	0.09949639	0.09748152	0.09458445	0.0907881	0.0879371	0.08529881	0.08458441	0.08470509	0.08623201	0.08896294	0.09151515	0.09813104	0.1065903	0.1216718	0.1463416	0.176915	0.2103848	0.2438571	0.2764432	0.3038332	0.3316895	0.3569653	0.3817292	0.404919	0.425926	0.4449573	0.4625021	0.4760479	0.4879278	0.498243	0.5045194	0.5110956	0.5127715	0.515596	0.5174842	0.5174539	0.5166443	0.5176393	0.5173776	0.5171077	0.5166648	0.5154647	0.515559	0.5160561	0.5161784	0.5157602	0.5168978	0.5173355
Barely	16/05/2025 11:17:53	245.0	 +Fe -N	0.09560933	0.09398526	0.09498965	0.09432814	0.09381099	0.09304999	0.09173376	0.0917125	0.09157357	0.0926422	0.09091413	0.09076809	0.09124174	0.09182083	0.09258779	0.09186831	0.09473232	0.09697822	0.1003824	0.1058063	0.1118889	0.1215822	0.1324806	0.145298	0.159969	0.1737139	0.1870786	0.199142	0.2051524	0.2125416	0.2176866	0.2205531	0.2225021	0.2241173	0.2259901	0.2260786	0.2258183	0.2227293	0.2187427	0.2130813	0.2047383	0.1956627	0.1868651	0.1787359	0.173914	0.1678749	0.1624022	0.1583635	0.1546686	0.1522673	0.1497886	0.1480236	0.1455999	0.1431968	0.1399905	0.1357624	0.1308763	0.1268854	0.1239511	0.1211062	0.1203097	0.1194685	0.118092	0.1164413	0.1129975	0.1082898	0.1033345	0.1007969	0.09620403	0.09374464	0.09133403	0.08891767	0.08508619	0.08172977	0.08040103	0.07992819	0.08021292	0.08136884	0.08341805	0.0877193	0.09292221	0.1008934	0.1153984	0.1383816	0.1670659	0.2002453	0.233916	0.2662685	0.2948082	0.3233967	0.3493581	0.374255	0.3998493	0.4213774	0.4413301	0.4608459	0.4750618	0.4878995	0.4988643	0.5056024	0.511911	0.5147102	0.5191118	0.5184697	0.5193309	0.5196392	0.5190337	0.519239	0.5204299	0.5174628	0.5191485	0.5184404	0.5179749	0.5172135	0.5178779	0.5180997	0.518638
Barely	16/05/2025 11:18:02	246.0	 +Fe -N	0.09303523	0.09543481	0.09597962	0.09394152	0.09424145	0.09337869	0.09302326	0.09362023	0.09230907	0.0907181	0.0923409	0.09169319	0.0916256	0.09305311	0.09319305	0.09394408	0.09732331	0.1000567	0.1049669	0.1110832	0.1200131	0.1293873	0.142238	0.1558191	0.1710432	0.1855165	0.2012176	0.2117999	0.2186155	0.225939	0.2307459	0.2327825	0.2354009	0.2366585	0.238636	0.2380511	0.2370547	0.2359385	0.2309733	0.225421	0.218062	0.2092729	0.1998254	0.1916259	0.1871122	0.1809666	0.1757938	0.171249	0.1671422	0.1638784	0.1620658	0.1602048	0.1586808	0.1554159	0.1509566	0.1470199	0.1423925	0.1379102	0.13459	0.1311724	0.1301278	0.1293355	0.1281491	0.1254454	0.1222672	0.1169914	0.1109258	0.1078149	0.1026936	0.0994365	0.09665996	0.09409107	0.0897722	0.08586799	0.08305177	0.08195705	0.08181287	0.08374707	0.08666832	0.09023923	0.09621394	0.106618	0.1236361	0.1497808	0.1804162	0.2150409	0.248197	0.2787393	0.3052993	0.3303523	0.3521746	0.3741453	0.3940881	0.411329	0.4271095	0.441099	0.4515517	0.4615519	0.4687184	0.4734387	0.4789666	0.479427	0.4819968	0.4821161	0.4826475	0.4828694	0.482835	0.4811976	0.4817369	0.4816883	0.4803735	0.4792042	0.4813597	0.478962	0.4802232	0.480926	0.481362
Barely	16/05/2025 11:18:13	247.0	 +Fe -N	0.09502096	0.0949771	0.09620467	0.09589296	0.09562444	0.09456642	0.09261997	0.09420829	0.0925218	0.09223165	0.0931788	0.09318483	0.09208723	0.09224939	0.09338318	0.09242779	0.09454624	0.09645595	0.09996019	0.1034775	0.1102205	0.1165571	0.1261017	0.1361203	0.1486372	0.1620277	0.1746195	0.1843659	0.1905452	0.1974786	0.2011563	0.2051753	0.2063303	0.2073435	0.2089815	0.2094598	0.2084852	0.2061699	0.2024307	0.1973872	0.190081	0.1815734	0.1738451	0.1666235	0.1621909	0.1564147	0.1517263	0.1479124	0.1454312	0.1417849	0.1407451	0.1393882	0.1373017	0.1352768	0.1320498	0.128454	0.1247314	0.121451	0.1179021	0.1167594	0.1143476	0.1142964	0.1132179	0.1126186	0.1090001	0.1049986	0.1004881	0.09811268	0.09564329	0.09288509	0.09088076	0.08884828	0.08630574	0.08450829	0.08317092	0.08226142	0.08212055	0.08417868	0.08608557	0.08899522	0.09323156	0.1008144	0.1124689	0.1318177	0.1575841	0.1879925	0.2187946	0.2488291	0.2767446	0.3037588	0.3286001	0.3538396	0.3775466	0.3999876	0.4208651	0.4394004	0.4540832	0.4659482	0.4766193	0.4850765	0.4909861	0.4935862	0.4984183	0.4988893	0.4994638	0.5016499	0.5013095	0.5004974	0.5005182	0.4994628	0.5003255	0.4992466	0.4999743	0.497737	0.4991964	0.500899	0.4997829
Barely	16/05/2025 11:18:23	248.0	 +Fe -N	0.0868574	0.08917869	0.08973734	0.08977336	0.08993785	0.08893999	0.08741947	0.08802291	0.08781175	0.08683413	0.08802871	0.08672662	0.08701719	0.08681145	0.08778661	0.08812997	0.0903949	0.09416857	0.09799479	0.1030342	0.1105832	0.1195428	0.1307039	0.1440575	0.1581743	0.1718322	0.1853901	0.1959213	0.2017474	0.2088507	0.2137481	0.2166703	0.2178726	0.2199732	0.2214317	0.2218708	0.2213777	0.2183723	0.2145647	0.2084552	0.2018422	0.1933251	0.1845441	0.1770426	0.1726884	0.1668765	0.1610041	0.1577885	0.1543504	0.1517689	0.1496652	0.1470113	0.1456831	0.1430907	0.1403118	0.1353905	0.1317705	0.1281195	0.12406	0.1217424	0.1202207	0.1200842	0.118577	0.1163251	0.1129448	0.1087367	0.1033455	0.09956662	0.09615052	0.0929132	0.09068246	0.08795987	0.08449579	0.0814933	0.07820326	0.07804128	0.07781299	0.07913816	0.08194546	0.08625199	0.09177417	0.09964939	0.1155057	0.1384958	0.1678874	0.2011985	0.2318316	0.2605651	0.2869342	0.3120584	0.3337416	0.3554919	0.3770439	0.3944509	0.4107246	0.4248344	0.4366035	0.4463765	0.4540018	0.461326	0.4649514	0.4669659	0.4699277	0.4707263	0.4700528	0.4711978	0.4712752	0.4706042	0.4703283	0.4709535	0.4702253	0.4683638	0.4691845	0.4674729	0.4677713	0.469161	0.470694
Barely	16/05/2025 11:18:31	249.0	 +Fe -N	0.09958079	0.09954579	0.1004977	0.09861309	0.09986634	0.09720268	0.09793871	0.09768451	0.09781543	0.09773338	0.09654259	0.09630696	0.09638862	0.09651523	0.09784616	0.09788937	0.09986817	0.1030278	0.1071094	0.1132842	0.1203757	0.1297027	0.1403656	0.1529617	0.1674104	0.1816817	0.1950795	0.2066971	0.2126442	0.2185713	0.2239815	0.2270963	0.2290652	0.2305054	0.2319036	0.2320099	0.2318812	0.2291179	0.2250753	0.2196798	0.2114291	0.2030822	0.1942243	0.1870153	0.1817866	0.1761368	0.1704214	0.1663188	0.1629948	0.1601024	0.1592635	0.1570228	0.1547776	0.1524301	0.148248	0.1444264	0.1403984	0.1350467	0.1324911	0.1297714	0.128882	0.1277663	0.1262334	0.1247505	0.1209074	0.1167103	0.112432	0.1085978	0.1043658	0.1013698	0.1003711	0.09630486	0.09263751	0.08941503	0.08745812	0.08541634	0.08581274	0.08739487	0.08970696	0.09429027	0.09939914	0.1084081	0.1235005	0.1470138	0.1761079	0.2089449	0.2407983	0.2707968	0.2972317	0.3225609	0.3465594	0.3692436	0.391177	0.4101757	0.4274297	0.4433498	0.4567035	0.4670053	0.4757465	0.4821271	0.4871279	0.4890688	0.4914402	0.4928537	0.4931563	0.4939051	0.492535	0.491876	0.4927005	0.491504	0.4915454	0.4908423	0.490587	0.4886774	0.4919229	0.4907091	0.4908516
Barely	16/05/2025 11:18:46	250.0	 +Fe -N	0.09899242	0.09983141	0.100949	0.099098	0.09930482	0.09969285	0.09809737	0.09736414	0.097427	0.09683047	0.09757618	0.09627605	0.09660598	0.09751424	0.09857349	0.09900817	0.1007328	0.1033811	0.1075535	0.1133803	0.1200493	0.1290625	0.1408241	0.1536605	0.1676997	0.1814916	0.1960351	0.2078946	0.2149687	0.2213735	0.2268794	0.2297217	0.2322225	0.2334488	0.2350179	0.235591	0.2345637	0.2323728	0.2274429	0.2220826	0.2143557	0.2046283	0.1966273	0.1880333	0.183808	0.1769468	0.1706432	0.1672097	0.1639639	0.1607172	0.1586999	0.157312	0.1552194	0.1532864	0.1494761	0.1453288	0.1410768	0.1368511	0.1336347	0.1312339	0.1290897	0.129104	0.1277547	0.1255995	0.1220229	0.1170018	0.1120072	0.1088494	0.1050273	0.1020112	0.09952123	0.09726842	0.09282118	0.090154	0.08840762	0.08753645	0.08744346	0.08925118	0.09149924	0.09550239	0.1024274	0.1110217	0.1252117	0.1481652	0.1785692	0.2131236	0.246712	0.2785296	0.3071456	0.3356553	0.3618799	0.3876529	0.4118294	0.4331505	0.4534143	0.4718447	0.4864122	0.4984029	0.5095109	0.5170337	0.5223941	0.5246278	0.5283573	0.5281582	0.5306437	0.5305468	0.5292181	0.5293316	0.5303527	0.5292275	0.5287662	0.5284171	0.5275801	0.5271157	0.5288761	0.5281322	0.5284997
Barely	16/05/2025 11:18:53	251.0	 +Fe -N	0.09119659	0.09181996	0.09284254	0.09365699	0.09124088	0.09129796	0.08955173	0.08985912	0.08994283	0.09006372	0.09000564	0.08946043	0.08815988	0.08980029	0.08979622	0.09038543	0.09229009	0.09386567	0.09808482	0.102831	0.1087335	0.1159484	0.1251642	0.1352109	0.1471862	0.159412	0.1705952	0.1796934	0.1848019	0.1906433	0.1950205	0.1968395	0.1992055	0.2010924	0.2013197	0.20153	0.2013135	0.1992079	0.1965684	0.1910256	0.1854901	0.1780106	0.1708209	0.1638039	0.1597024	0.154742	0.1507003	0.1470284	0.1442343	0.1421012	0.1407276	0.139168	0.1373793	0.1356146	0.132611	0.129314	0.1255631	0.1221513	0.1192944	0.1175643	0.116157	0.1161738	0.115306	0.1134701	0.110221	0.1060981	0.1024977	0.09942681	0.09642368	0.09429799	0.09306213	0.09016636	0.08751601	0.08518814	0.08284099	0.08240337	0.08276668	0.08350122	0.08561801	0.08912281	0.09348927	0.1010247	0.1127119	0.1321521	0.15601	0.1839262	0.2102296	0.2356158	0.2598886	0.2814086	0.3014852	0.3212849	0.3404064	0.358218	0.3728707	0.387379	0.3979389	0.4083143	0.4155265	0.422125	0.4262026	0.4289487	0.4299714	0.4317398	0.4329164	0.4329046	0.433093	0.4320906	0.4312827	0.4322318	0.431842	0.4309491	0.4312719	0.4311876	0.4315585	0.4321454	0.433232
Barely	16/05/2025 11:19:01	252.0	 +Fe -N	0.09575642	0.09571391	0.09678294	0.09582493	0.09594262	0.09466725	0.09426056	0.09354891	0.09360545	0.09271139	0.09257115	0.09216793	0.09252933	0.09185076	0.09370141	0.09300497	0.09500387	0.09807036	0.1008658	0.1046127	0.1101117	0.1186964	0.1282919	0.1401556	0.1530206	0.1668777	0.1804428	0.1918717	0.1979616	0.2050525	0.2096516	0.2124396	0.2151719	0.2164753	0.2177849	0.2186091	0.2178708	0.21563	0.2113709	0.2059643	0.1978543	0.1895531	0.1810223	0.1727029	0.1681211	0.1621128	0.1567383	0.1543452	0.1499586	0.1468098	0.1462144	0.1442798	0.1418754	0.1398423	0.1367287	0.133058	0.1287831	0.1250107	0.1220814	0.120666	0.118352	0.1184089	0.1173554	0.1148795	0.1126639	0.108645	0.103888	0.1018034	0.09768768	0.09542572	0.09337375	0.09164683	0.08896836	0.08613402	0.08448071	0.08343815	0.08375127	0.08545669	0.08820968	0.09094099	0.09617993	0.1028293	0.1151688	0.1369714	0.1640764	0.1964508	0.2292176	0.2620966	0.2908193	0.3190556	0.3452405	0.3710669	0.3973966	0.4195382	0.4397899	0.4594021	0.4736828	0.4875227	0.4990595	0.5079281	0.5141996	0.5174257	0.5199675	0.5206246	0.5222434	0.5222628	0.5227671	0.5224336	0.5221865	0.5230618	0.5235577	0.522232	0.5228401	0.5211976	0.521887	0.5243488	0.5238479
Barely	16/05/2025 11:19:11	253.0	 +Fe -N	0.09465323	0.09604987	0.0956258	0.09507318	0.09476043	0.09444399	0.09414413	0.09290773	0.09299266	0.09337149	0.09265664	0.09054052	0.09145611	0.09204952	0.09173149	0.09300625	0.09397111	0.09594318	0.09890792	0.1039781	0.1096039	0.1167383	0.1264469	0.138595	0.1512181	0.1640539	0.1768082	0.1879163	0.1933925	0.2003176	0.206034	0.208442	0.2101832	0.2121786	0.2138979	0.2137403	0.2124914	0.2115052	0.2067342	0.2022833	0.1941761	0.185224	0.1771677	0.1691867	0.1651296	0.1597422	0.154794	0.1511337	0.1480546	0.1451304	0.142741	0.1413912	0.1405651	0.1381642	0.1347876	0.131216	0.1272313	0.1243122	0.1206553	0.1189213	0.1172545	0.1167245	0.1160644	0.1137141	0.1111398	0.1070955	0.1025425	0.1006011	0.09666477	0.09487276	0.09229723	0.09077802	0.08850353	0.08601578	0.08513756	0.08446271	0.08452048	0.08588853	0.08819747	0.09161085	0.09599843	0.1024307	0.1150515	0.1360281	0.1625605	0.1951005	0.2268466	0.25775	0.2863684	0.3150021	0.3397835	0.3666571	0.3903328	0.4138027	0.4349013	0.4536266	0.4694867	0.4825612	0.4941077	0.5020915	0.5081121	0.5123516	0.5155474	0.5164007	0.5173088	0.5191267	0.5172588	0.5176427	0.5182535	0.5169708	0.5168989	0.5157937	0.5169626	0.51659	0.5154612	0.5177115	0.5170254
Barely	16/05/2025 11:19:20	254.0	 +Fe -N	0.09340296	0.09203958	0.09241371	0.09126206	0.09227813	0.09143016	0.09005486	0.08964522	0.0894079	0.08784206	0.08961127	0.08838612	0.08854401	0.0889813	0.09002482	0.08999102	0.09119703	0.09464279	0.09793397	0.1027268	0.1084433	0.1177448	0.1279064	0.1402706	0.1545496	0.1693752	0.1822871	0.1931974	0.1996023	0.2077876	0.2121481	0.2155792	0.2174801	0.2187849	0.2200589	0.2204627	0.2201794	0.2177528	0.2129975	0.2073753	0.1995266	0.1907869	0.181977	0.1742021	0.1695859	0.1634777	0.158219	0.1533861	0.1507352	0.1476176	0.1460863	0.1439237	0.1421828	0.13943	0.1364001	0.1326643	0.1281929	0.123858	0.1211129	0.1179133	0.1172248	0.1160931	0.1162803	0.1138661	0.1100456	0.105373	0.1005262	0.09878373	0.09422343	0.09199388	0.08886937	0.08716023	0.08404094	0.08069522	0.07953222	0.07822392	0.07827451	0.0804611	0.0829522	0.08596491	0.09153038	0.09940094	0.113243	0.1360163	0.1640726	0.1972193	0.2303026	0.2606478	0.2890339	0.3159639	0.3410202	0.3656883	0.3898644	0.4095857	0.4289882	0.4452607	0.4593357	0.4707112	0.4811517	0.4879771	0.4927797	0.495774	0.4981195	0.5000465	0.499832	0.5005663	0.5003443	0.5004738	0.5005573	0.4998795	0.4995582	0.4985381	0.4993398	0.498777	0.4982334	0.4986137	0.4997829
Barely	16/05/2025 11:19:29	255.0	 +Fe -N	0.09825697	0.096895	0.09676581	0.09555958	0.09811953	0.09547895	0.09436252	0.09454734	0.09370087	0.09486039	0.09454034	0.09348481	0.09506804	0.09407589	0.0950705	0.09596679	0.09748111	0.09997407	0.1044663	0.1095192	0.1173292	0.1254149	0.1363125	0.1488236	0.1631509	0.1776304	0.1908616	0.2024818	0.2092663	0.215755	0.2207789	0.223419	0.226692	0.228219	0.2297363	0.2292856	0.2286299	0.2262969	0.2220672	0.2167854	0.2088126	0.2002112	0.190664	0.1834339	0.1781444	0.1729317	0.1682273	0.1633757	0.1598832	0.1575162	0.1557366	0.1536666	0.1519409	0.1497466	0.1460286	0.1416169	0.1377784	0.1338264	0.1308632	0.1282512	0.1263311	0.1265285	0.1254122	0.1236489	0.1205139	0.1153607	0.1106842	0.10843	0.1043716	0.1014425	0.09960622	0.09716375	0.09400257	0.09118855	0.08909693	0.08826691	0.0893511	0.09068862	0.0935073	0.09779904	0.102518	0.1118865	0.1256627	0.1483426	0.176974	0.2103061	0.2427604	0.2734451	0.3019334	0.3285398	0.3529421	0.3775186	0.4005044	0.4213264	0.4403077	0.458213	0.4716807	0.4834985	0.4947668	0.5009819	0.5061512	0.5084641	0.5123921	0.5121939	0.5120803	0.5124979	0.5125474	0.5134491	0.5129085	0.51182	0.5109154	0.5106502	0.510709	0.5103974	0.5111382	0.5113941	0.5130559
Barely	16/05/2025 11:19:53	257.0	 +Fe -N	0.09156432	0.08959929	0.0896706	0.09072987	0.08848584	0.087868	0.08944284	0.08823672	0.08760037	0.08750439	0.0865784	0.08623997	0.08678534	0.08706927	0.08776256	0.08829	0.08893344	0.09085799	0.09361358	0.09734262	0.1014072	0.1088073	0.1171976	0.1272189	0.1379404	0.1497594	0.1608712	0.1692803	0.1745625	0.1807581	0.1849874	0.1868938	0.1892746	0.1901887	0.1908406	0.1914323	0.1910317	0.1890637	0.185384	0.1813833	0.1748118	0.1672838	0.1600667	0.1546568	0.1508439	0.1460123	0.1414514	0.1382249	0.1349745	0.1327306	0.1319156	0.1298983	0.1289276	0.1269619	0.1240458	0.1212704	0.1175713	0.114703	0.1120378	0.109574	0.1087414	0.1085953	0.1077403	0.1060433	0.1036701	0.1003429	0.09739238	0.09433804	0.09135991	0.08930016	0.0877362	0.08654171	0.08329487	0.08190713	0.08083146	0.08000932	0.08101289	0.08156628	0.08373609	0.08708134	0.09019058	0.09652219	0.1066663	0.1248675	0.1480412	0.1749253	0.2022071	0.2283149	0.2527967	0.2752036	0.296912	0.3173444	0.3380143	0.3556468	0.3732083	0.3875913	0.400199	0.4109881	0.4191483	0.4255937	0.4309737	0.4331415	0.4347389	0.4366109	0.4378991	0.4378763	0.4378046	0.4382954	0.4382668	0.4361905	0.4373723	0.4364159	0.4372629	0.4365931	0.4375582	0.4379433	0.4392483
Barely	16/05/2025 11:20:13	258.0	 +Fe -N	0.09391778	0.09478806	0.09515267	0.09539698	0.09454393	0.09441107	0.09328658	0.09331736	0.09235664	0.09286304	0.09227418	0.09194746	0.09313418	0.09200558	0.0921078	0.09326497	0.09461329	0.09660916	0.09887829	0.1042338	0.1089874	0.1157169	0.1260876	0.1366132	0.150116	0.1625504	0.1754985	0.1865369	0.1924336	0.2006566	0.2046855	0.2073915	0.210059	0.211483	0.2123059	0.2128487	0.212641	0.2101211	0.2060563	0.1998957	0.1922328	0.1836108	0.1746263	0.1677999	0.1633776	0.1572741	0.1522298	0.1483204	0.1453425	0.1431416	0.1409704	0.1393718	0.137432	0.1350836	0.1326204	0.1282846	0.1247178	0.1205971	0.1188453	0.1159545	0.1149408	0.114249	0.113345	0.111671	0.1083257	0.1044747	0.09983834	0.09822452	0.09480213	0.09194315	0.09056914	0.08792415	0.08509565	0.08317815	0.08193086	0.08202811	0.08224362	0.08399593	0.08584047	0.08883573	0.09280421	0.09911956	0.1115335	0.1316531	0.1585401	0.1918145	0.2235124	0.2557134	0.28469	0.3143101	0.3417915	0.3684144	0.3947606	0.4178726	0.4409192	0.4617377	0.4785636	0.4919401	0.5042574	0.5134674	0.5200703	0.5239149	0.5266753	0.5287146	0.5285261	0.5306655	0.5309618	0.5314802	0.5308316	0.5302643	0.5306555	0.5296513	0.5311036	0.529512	0.5298967	0.5313596	0.5327793
Barely	16/05/2025 11:20:28	259.0	 +Fe -N	0.09502096	0.09554332	0.09517866	0.09435178	0.09427631	0.09332416	0.09407838	0.09105396	0.09270344	0.09187484	0.09221431	0.09170318	0.09167916	0.09242011	0.09298345	0.09301778	0.0946661	0.09690563	0.1008919	0.1055134	0.1127593	0.120925	0.1313346	0.1420199	0.1560806	0.1687275	0.1828854	0.1938705	0.200252	0.2075901	0.2116904	0.2150934	0.2169377	0.2188661	0.2197134	0.2202013	0.2199167	0.2180534	0.2133041	0.2076336	0.1999427	0.1913949	0.1821748	0.1750598	0.1699109	0.1645907	0.1597106	0.1555332	0.1521353	0.149087	0.1473823	0.1458155	0.1437424	0.1414159	0.1383746	0.1350103	0.1299293	0.1274082	0.1240399	0.1211584	0.1196274	0.1191658	0.1186719	0.1169365	0.1130848	0.1089897	0.1044973	0.1004054	0.09713351	0.09470266	0.09252387	0.08961461	0.08632542	0.08409447	0.08172034	0.08046584	0.08064367	0.08081581	0.08434022	0.08695375	0.09217693	0.1002069	0.1145286	0.1370035	0.165021	0.1979503	0.2306913	0.2620478	0.2907783	0.3182378	0.3433331	0.3675518	0.3923449	0.4130812	0.4317649	0.4495074	0.4647611	0.4759625	0.4875142	0.494819	0.4996156	0.5018666	0.5049767	0.5062709	0.5079445	0.5094841	0.5083453	0.5079373	0.5091957	0.5076288	0.508612	0.5074922	0.5075637	0.5070847	0.5073943	0.5075334	0.508032
Barely	16/05/2025 11:20:41	260.0	 +Fe -N	0.0968596	0.09628665	0.09703044	0.09683541	0.09672375	0.0955021	0.09521615	0.0948682	0.09501075	0.09403849	0.09420852	0.09406518	0.09319654	0.09368703	0.09448558	0.09493369	0.09689918	0.09940566	0.1009865	0.1072625	0.1117801	0.1192408	0.1290778	0.1403334	0.1512602	0.1640545	0.1757566	0.1858147	0.1910949	0.1976724	0.201375	0.2040712	0.2054483	0.207193	0.2084065	0.2093879	0.2086651	0.2061195	0.2025606	0.1974123	0.1907597	0.1838997	0.176306	0.1698156	0.1656224	0.159366	0.1550955	0.1515313	0.1492412	0.1468864	0.1453839	0.1440873	0.141651	0.1396887	0.1363609	0.132895	0.1291126	0.1260739	0.1233058	0.1211026	0.1203097	0.1192686	0.1193465	0.1160371	0.1137125	0.1100464	0.1060943	0.1031176	0.09998037	0.0979526	0.0956401	0.09344217	0.09104977	0.08773019	0.08629993	0.08551777	0.08513584	0.08774786	0.08901324	0.0923764	0.09724768	0.1047756	0.1160438	0.1363048	0.1620647	0.1911305	0.2185068	0.2459653	0.2704662	0.2927205	0.3149338	0.3355817	0.3547332	0.3725771	0.3884773	0.4036436	0.4150541	0.4252519	0.4339518	0.4399834	0.443669	0.4460641	0.4495461	0.4500944	0.450947	0.4493523	0.4512578	0.4506586	0.4508984	0.450025	0.4506419	0.44987	0.4488258	0.4501612	0.4496686	0.4503838	0.4507226
Barely	16/05/2025 11:20:49	261.0	 +Fe -N	0.09303523	0.09364388	0.09362637	0.09502152	0.09284841	0.09118326	0.09174854	0.09187327	0.09187415	0.09057095	0.09103923	0.09041184	0.09074439	0.09172287	0.09181768	0.09204116	0.09288689	0.09598203	0.09863671	0.1029503	0.1080807	0.1160319	0.1251302	0.1358616	0.1475212	0.1609217	0.1731802	0.1829468	0.1887005	0.1952072	0.1995792	0.202789	0.2043546	0.2057532	0.206462	0.2072301	0.2071826	0.2051265	0.200831	0.195435	0.1887734	0.1803718	0.1721416	0.1657716	0.1620159	0.1562914	0.1514078	0.1473722	0.1449426	0.1426622	0.1406793	0.1396775	0.1372755	0.1356638	0.1324471	0.1289082	0.1253464	0.1209527	0.1195358	0.1167474	0.1155044	0.1150148	0.1137834	0.1121569	0.1092069	0.1051836	0.1017385	0.09897945	0.09572047	0.09358656	0.091589	0.08963268	0.08681933	0.0835033	0.08223093	0.08153102	0.08104366	0.0830951	0.08404482	0.08679426	0.09087974	0.09828333	0.1113677	0.1306435	0.1561627	0.1861273	0.2165692	0.2452196	0.2718578	0.2983665	0.3215956	0.3450875	0.3668103	0.3870368	0.406151	0.423433	0.4370868	0.4478281	0.458447	0.4653118	0.4713031	0.4736553	0.4764552	0.4784535	0.4789536	0.4801788	0.4804323	0.4798324	0.4801863	0.4812072	0.4803516	0.4796314	0.4800057	0.4791945	0.4795438	0.4800479	0.4809279
Barely	16/05/2025 11:21:00	262.0	 +Fe -N	0.09744797	0.097805	0.09458917	0.09649691	0.0958225	0.09620886	0.09482251	0.09395899	0.09310322	0.09326605	0.09330003	0.09234846	0.09391797	0.09328919	0.0940946	0.09556247	0.09633886	0.09916322	0.1029228	0.1085812	0.1151168	0.1236142	0.1348231	0.1467548	0.1601405	0.1744433	0.1875136	0.1991299	0.2046279	0.2113692	0.216136	0.2192012	0.2210162	0.2224386	0.2233388	0.224187	0.2242786	0.2214901	0.2177814	0.2121157	0.2042991	0.1961435	0.1869965	0.1803817	0.1748527	0.1693759	0.1641037	0.1604043	0.1569704	0.1544158	0.1524973	0.150182	0.1486984	0.1464921	0.1428096	0.1395078	0.135372	0.1304342	0.1278655	0.1254299	0.1254116	0.1236386	0.1225814	0.1210923	0.1176502	0.1134073	0.1083771	0.1061652	0.1011402	0.09865579	0.09773648	0.09475099	0.09180469	0.08823269	0.08649767	0.0865221	0.08633581	0.08882799	0.09078453	0.0954386	0.100634	0.1084511	0.1226241	0.144701	0.1743003	0.2061405	0.2387308	0.2681864	0.2939786	0.3203033	0.3434032	0.3653957	0.3873251	0.4057405	0.422854	0.4384236	0.4518117	0.4606354	0.4703577	0.4761196	0.480331	0.4832174	0.4851662	0.4865092	0.4864746	0.4874865	0.4867923	0.4862147	0.4864496	0.4849096	0.4850377	0.4852814	0.4845893	0.4850009	0.4854443	0.4860232	0.4857657
Barely	16/05/2025 11:21:11	263.0	 +Fe -N	0.09112304	0.09205021	0.09237177	0.09168414	0.09123522	0.09121156	0.09010976	0.0905008	0.09013555	0.08849564	0.08904383	0.08790407	0.08877651	0.08759736	0.08798585	0.08938932	0.09001093	0.09315545	0.09526048	0.09863754	0.1032569	0.1097493	0.118219	0.1284254	0.141018	0.1530542	0.1646188	0.1749847	0.1809078	0.1874518	0.1917485	0.1947745	0.1971448	0.197815	0.1992879	0.2002468	0.1998104	0.1973413	0.1935599	0.1872338	0.1806998	0.1723006	0.1650443	0.1578351	0.1535218	0.1481523	0.1439967	0.1397528	0.1373631	0.1353099	0.1329827	0.1319817	0.1304192	0.1285271	0.125216	0.1218081	0.1184822	0.1156304	0.1132439	0.110893	0.1104915	0.1093735	0.1078989	0.1065972	0.1042349	0.1012353	0.09764754	0.09545645	0.09207879	0.08995182	0.0888977	0.08721795	0.08492151	0.08261654	0.08216054	0.0815919	0.08292053	0.08406375	0.08598378	0.0892504	0.09224289	0.09847823	0.1088821	0.1275396	0.1529887	0.1824625	0.2135042	0.2432237	0.2719379	0.2990681	0.3243478	0.349815	0.3748614	0.397757	0.4203398	0.4387209	0.4557678	0.4689741	0.4804363	0.4888337	0.4956294	0.4981658	0.5029854	0.5029811	0.5053671	0.5060055	0.50632	0.5064064	0.5060198	0.5069484	0.5060087	0.5060796	0.5048682	0.5058637	0.505737	0.5074719	0.5075978
Barely	16/05/2025 11:21:19	264.0	 +Fe -N	0.09494741	0.09521799	0.09619108	0.09501334	0.09484605	0.09536167	0.09418425	0.09484977	0.09210472	0.09216957	0.09292442	0.09186719	0.09192615	0.09173295	0.09257842	0.09328283	0.09475983	0.09646048	0.09858901	0.1024253	0.107718	0.1145446	0.1233016	0.1327511	0.144649	0.1562599	0.1677271	0.1770513	0.1828116	0.1886649	0.1925125	0.1955174	0.1974367	0.198894	0.2004914	0.200565	0.1996948	0.1968914	0.193832	0.1883213	0.181529	0.174699	0.1669863	0.16056	0.1563155	0.1516139	0.1472217	0.1436518	0.1402488	0.1385771	0.1366932	0.1349733	0.1340857	0.1316461	0.1289998	0.1258932	0.1222022	0.1185207	0.1166041	0.114717	0.1129535	0.112527	0.1116739	0.1107108	0.1077893	0.1042927	0.10061	0.0980288	0.09490278	0.09293164	0.09187229	0.08939733	0.08730307	0.08447873	0.08423982	0.08314394	0.08482816	0.08509355	0.08750666	0.09007974	0.09465822	0.1012428	0.1127404	0.1307852	0.1547647	0.1814866	0.2102472	0.2377204	0.2636163	0.2881186	0.3120967	0.3333092	0.3563351	0.377258	0.3957417	0.4129438	0.4263527	0.4380447	0.4475815	0.4563393	0.4626625	0.4654344	0.4676258	0.4689343	0.4686567	0.4696859	0.4691669	0.4698728	0.4697869	0.4700406	0.4697264	0.4699126	0.469541	0.4690997	0.4704372	0.4689399	0.470632
Barely	16/05/2025 11:21:29	265.0	 +Fe -N	0.0934765	0.09495474	0.09627259	0.09488471	0.09411859	0.09405254	0.09415982	0.09337108	0.0932208	0.09152535	0.0925646	0.09241395	0.09239386	0.09241697	0.09288666	0.0925651	0.09497781	0.09690855	0.09977491	0.104462	0.1102568	0.1183322	0.127618	0.1382885	0.1503937	0.1629965	0.1750855	0.1853994	0.1908569	0.1974665	0.2011284	0.2037313	0.2054501	0.2074566	0.2092504	0.2094488	0.2083121	0.2058128	0.2025018	0.197162	0.1912094	0.1828271	0.1755215	0.1675652	0.1633522	0.1587354	0.1530865	0.1496289	0.1464456	0.1436157	0.1426063	0.1409954	0.1387519	0.137034	0.133549	0.1300268	0.1266952	0.1228647	0.120107	0.1177605	0.1164833	0.1150683	0.1155423	0.1138713	0.11036	0.1064963	0.102575	0.09937089	0.09582505	0.09412761	0.0913057	0.08991009	0.08640303	0.08409447	0.08263034	0.08199766	0.08190517	0.08242325	0.08547892	0.08886762	0.09288944	0.09986229	0.1125744	0.1328712	0.1594417	0.18867	0.2171079	0.2450324	0.2701377	0.2954441	0.318379	0.3402211	0.3618985	0.3802039	0.3983196	0.4131986	0.4248525	0.4360619	0.4446165	0.4520539	0.456653	0.4587542	0.4614941	0.4629551	0.4627767	0.4649538	0.4653141	0.4647293	0.4638783	0.4642356	0.4636599	0.4629907	0.4632176	0.4634238	0.4629108	0.4636852	0.4649259
Lupine	2025-02-24 09:07:52	1.0	 +N-Fe	0.06061502	0.05987962	0.06013292	0.06060321	0.05953147	0.06064376	0.06136576	0.06067111	0.06037014	0.06142183	0.05945118	0.05902636	0.05963364	0.05987771	0.06049049	0.06269639	0.06610997	0.06993405	0.07709014	0.0869705	0.09937312	0.1161746	0.1339139	0.1554621	0.1789694	0.2008984	0.2217013	0.2396652	0.2499761	0.2634507	0.2739097	0.2813758	0.2874817	0.2936869	0.2980009	0.3003958	0.3017015	0.2995345	0.2952452	0.2895991	0.2825845	0.2733969	0.2626592	0.2521019	0.2452867	0.2382133	0.2303857	0.2253915	0.2213825	0.2182412	0.2171761	0.2157425	0.2128581	0.2073575	0.2004509	0.190941	0.1821396	0.1734704	0.166875	0.1622589	0.1601009	0.1591052	0.1591614	0.1584398	0.1561035	0.1523596	0.1460499	0.1409581	0.1325074	0.1243156	0.1153642	0.1028454	0.08923552	0.07588668	0.06530394	0.05912087	0.05556615	0.05446846	0.05657858	0.05965635	0.07347506	0.09937892	0.1387796	0.1916681	0.246554	0.2978628	0.3410028	0.3781806	0.4097089	0.4356632	0.4567706	0.4774035	0.4921751	0.5051369	0.5168783	0.5253848	0.5327359	0.5373561	0.5424244	0.5459247	0.5467674	0.5474407	0.5494513	0.5495735	0.550736	0.5502814	0.5490782	0.5500214	0.5506624	0.5497493	0.5498517	0.5487036	0.5499541	0.5486634	0.550189	0.5504001	0.5493568
Lupine	2025-02-24 09:08:01	2.0	 +N-Fe	0.1201952	0.1203589	0.1256606	0.1265635	0.1293684	0.1318578	0.1337838	0.1360154	0.1377463	0.138297	0.1369508	0.1372832	0.1363343	0.1383884	0.14168	0.1448676	0.1523432	0.1625681	0.1764613	0.1922355	0.2122482	0.2312298	0.2525083	0.2744287	0.2960258	0.3170335	0.3360656	0.3525596	0.3628109	0.3771937	0.3875226	0.3970998	0.4050412	0.4114572	0.4177829	0.4217194	0.423077	0.4216032	0.4197557	0.4170379	0.4121628	0.4054133	0.3974012	0.3887836	0.3844766	0.3782881	0.3725915	0.3676075	0.3639171	0.3623013	0.3613863	0.359744	0.3576858	0.3538568	0.3459923	0.3375892	0.328022	0.3190696	0.3127318	0.3086982	0.3055214	0.3039956	0.3043151	0.3037319	0.3040723	0.302626	0.2968154	0.2933561	0.2837408	0.2744218	0.2624786	0.2444323	0.2220461	0.1974838	0.1761032	0.1601447	0.1496378	0.1446164	0.1434544	0.1496893	0.1726257	0.2103811	0.2613626	0.3170559	0.3689914	0.4144792	0.4492667	0.4786866	0.5009032	0.5173423	0.5326612	0.5446738	0.5553877	0.5641898	0.5703591	0.5747833	0.5779561	0.5817845	0.5859529	0.5859154	0.5867508	0.5873514	0.588619	0.5892512	0.589404	0.5895172	0.5894749	0.5889792	0.5896318	0.5900546	0.5888264	0.5883544	0.5885403	0.5892654	0.5881513	0.5892665	0.5902468
Lupine	2025-02-24 09:08:19	4.0	 +N-Fe	0.05906268	0.05925631	0.05890014	0.06050205	0.05915452	0.06100509	0.06025077	0.0609949	0.06165121	0.06051643	0.06070427	0.06006214	0.05981799	0.0597684	0.06132352	0.06318364	0.06849903	0.07411076	0.08253705	0.09496151	0.1090545	0.1272064	0.1478269	0.1702996	0.1942883	0.2177859	0.2397813	0.2578023	0.2686581	0.2824928	0.2925044	0.3007508	0.3073621	0.3129664	0.3175981	0.3208085	0.3217152	0.3192321	0.3143184	0.3087068	0.3018845	0.2912116	0.2794861	0.268855	0.2623171	0.2535623	0.2461664	0.2403565	0.2356876	0.2327378	0.2310352	0.2285698	0.2259062	0.2207314	0.2129237	0.2043136	0.1942853	0.1855624	0.1786433	0.1738479	0.1701957	0.1695483	0.1696118	0.1691115	0.1666099	0.1615038	0.1546792	0.1495019	0.1400567	0.1308395	0.1224231	0.1084504	0.09333423	0.07930112	0.06812389	0.06018906	0.05629686	0.05559914	0.05621908	0.06048722	0.07377625	0.1004921	0.1413609	0.1947922	0.2501385	0.3015791	0.3446918	0.3826681	0.4128588	0.4369492	0.457509	0.4747748	0.4904562	0.5034172	0.5134083	0.5201221	0.526837	0.5319723	0.5361426	0.5387958	0.5410921	0.5404495	0.5414733	0.5411621	0.5433002	0.5429692	0.5419546	0.5421029	0.5418253	0.5433781	0.5403448	0.5418029	0.5411455	0.5434697	0.54167	0.5413436	0.5417432
Lupine	2025-02-24 09:08:31	5.0	 +N-Fe	0.05847132	0.0610837	0.06255745	0.06241186	0.06226751	0.06274383	0.06330227	0.06259603	0.06269204	0.06216706	0.06151862	0.0602632	0.06081526	0.06199313	0.06452611	0.0678332	0.07080028	0.07796796	0.08744856	0.1011443	0.1166215	0.1373837	0.1599241	0.1838231	0.2089169	0.2340117	0.2555347	0.2751898	0.2854188	0.2991903	0.3088882	0.3167544	0.321722	0.3267737	0.3312549	0.3338148	0.3337063	0.3297736	0.3254901	0.3191515	0.3114873	0.3020021	0.2903342	0.2783999	0.2711624	0.2617845	0.25457	0.2492096	0.2436811	0.2406173	0.2394123	0.2377403	0.2352797	0.229247	0.2203332	0.2098547	0.1998613	0.1901565	0.1821912	0.1771577	0.1747815	0.1736628	0.1732186	0.1732226	0.1711942	0.1677524	0.1610857	0.1557287	0.1469543	0.13641	0.126174	0.1113359	0.09508489	0.08022394	0.06828898	0.06150874	0.05750413	0.05744358	0.05829472	0.06387716	0.07764331	0.1060358	0.1492722	0.2056306	0.2634249	0.3167023	0.3610801	0.3983774	0.4295507	0.4535502	0.4751216	0.4940105	0.5086282	0.5220966	0.5314496	0.5394923	0.5457731	0.5503906	0.5557192	0.5572944	0.5585053	0.559502	0.5613608	0.5604806	0.5618647	0.5614692	0.5596492	0.5614613	0.5597878	0.5606079	0.5587018	0.5599331	0.5592091	0.5602957	0.5602496	0.5596486	0.5597926
Lupine	2025-02-24 09:08:42	6.0	 +N-Fe	0.1323921	0.1369289	0.1419501	0.1448826	0.1462194	0.1501269	0.1519639	0.1554906	0.1583794	0.1584	0.1571587	0.1562088	0.1561779	0.1598465	0.163642	0.1678068	0.1767566	0.1898843	0.2049156	0.2225294	0.243147	0.2647584	0.2860157	0.3083578	0.3301325	0.350775	0.3694554	0.3856855	0.3957624	0.410739	0.421392	0.4322011	0.4398402	0.4470053	0.4537214	0.4568904	0.4594334	0.4586914	0.4570524	0.4539505	0.4503533	0.4449973	0.4382518	0.4300682	0.4259802	0.4198035	0.4136847	0.4103482	0.4068243	0.4049822	0.4042166	0.4026663	0.4006982	0.3954692	0.3898487	0.3807058	0.371491	0.363221	0.356181	0.3514619	0.348178	0.3468578	0.3471524	0.3472848	0.3466205	0.3448401	0.3414444	0.3356986	0.3273077	0.31635	0.3040936	0.2839601	0.2587501	0.2323049	0.2077165	0.1896578	0.1761977	0.1697465	0.1678299	0.1753132	0.2009182	0.2445058	0.3009112	0.3595968	0.4110298	0.4551765	0.4882719	0.5142226	0.5342486	0.5494857	0.5614653	0.5716273	0.5788352	0.5863175	0.5912947	0.5956129	0.5978181	0.6007846	0.6031533	0.605069	0.6036583	0.605995	0.6077475	0.6053792	0.607232	0.6073423	0.6063308	0.6062795	0.6059332	0.6058847	0.6054589	0.6060874	0.604697	0.6067245	0.6065077	0.6054941	0.6069835
Lupine	2025-02-24 09:08:50	7.0	 +N-Fe	0.08116499	0.08383343	0.08809641	0.08924991	0.0915356	0.09413561	0.09734903	0.09767813	0.09930659	0.09826478	0.0975522	0.09598551	0.09725661	0.09978219	0.1054728	0.1101762	0.1192586	0.1328071	0.1494038	0.1687871	0.1925517	0.2194166	0.2467584	0.2744217	0.3009381	0.3261193	0.3481212	0.3650303	0.374094	0.385539	0.3937766	0.3991423	0.4034266	0.4061837	0.409645	0.4118457	0.4108987	0.4087238	0.4043179	0.4002664	0.3940633	0.384759	0.3750019	0.364614	0.3594944	0.3508348	0.3434447	0.3388471	0.3339712	0.3308952	0.3296126	0.3280342	0.3255687	0.3192145	0.3125278	0.3023308	0.2905879	0.2817025	0.2735293	0.2688435	0.2648036	0.2639794	0.2641967	0.2644978	0.2622963	0.2572567	0.2514147	0.2447579	0.2334677	0.2219869	0.2085179	0.1907447	0.1675722	0.1441447	0.1229966	0.1088262	0.09998094	0.0964972	0.09710532	0.1057862	0.1299397	0.1700473	0.2265246	0.2880613	0.3434721	0.3921775	0.4284345	0.4593373	0.484935	0.5024785	0.5195037	0.5331885	0.5453267	0.5542365	0.5626369	0.5677516	0.5725792	0.5762287	0.5782102	0.5810268	0.5821067	0.5818534	0.5835491	0.5826725	0.584404	0.582692	0.5830273	0.5831646	0.5828856	0.5821117	0.5822672	0.5818361	0.5825175	0.5824692	0.5820582	0.5824385	0.5817144
Lupine	2025-02-24 09:08:59	8.0	 +N-Fe	0.06031934	0.06096725	0.06062391	0.06213828	0.06207889	0.06217195	0.06224476	0.06270381	0.06295091	0.06100863	0.06094812	0.0610942	0.060518	0.06121135	0.06244093	0.06466658	0.06826224	0.07296277	0.08145644	0.09365985	0.1082755	0.1270807	0.1492773	0.173279	0.1993146	0.224005	0.2463508	0.2653011	0.2755438	0.2888392	0.2983844	0.3045453	0.3098778	0.3146474	0.3185669	0.3220796	0.3213247	0.31694	0.3121867	0.3056378	0.2976814	0.2861275	0.2740019	0.2617988	0.2559309	0.2467139	0.2392738	0.2333887	0.2284703	0.2257377	0.2242051	0.2234675	0.2200585	0.2145151	0.2053972	0.195879	0.1849684	0.1769177	0.1691317	0.1647811	0.1623169	0.1602061	0.1605931	0.1604116	0.1598021	0.156697	0.1517889	0.1477062	0.1381514	0.1286585	0.1185835	0.1047514	0.08979228	0.07600972	0.06529491	0.05986444	0.05718643	0.05638565	0.05839873	0.06281365	0.07559665	0.101042	0.1419082	0.1943565	0.2511591	0.303871	0.3499396	0.3884188	0.4208452	0.4473735	0.4716872	0.4922093	0.5081829	0.5243725	0.5364431	0.5456395	0.5532803	0.5593746	0.5649385	0.5672986	0.5691571	0.570427	0.5722259	0.5716915	0.5725595	0.5717096	0.5713122	0.571466	0.5714024	0.5710617	0.5702883	0.5723541	0.5713171	0.5713427	0.5717826	0.5704649	0.5698346
Lupine	2025-02-24 09:09:11	9.0	 +N-Fe	0.09594914	0.1001535	0.1034575	0.1057834	0.1086636	0.1108665	0.1141103	0.1172424	0.1189384	0.1174433	0.1158793	0.1153243	0.116076	0.1186524	0.1259165	0.1316472	0.14277	0.1567472	0.1753298	0.197838	0.222486	0.2499443	0.2774484	0.3045014	0.3307442	0.3537876	0.3733422	0.3886761	0.3969273	0.4086111	0.4153947	0.4204873	0.4244403	0.4289366	0.4314871	0.4336133	0.4334379	0.4308946	0.4278688	0.4245993	0.4197765	0.413322	0.4049588	0.3970537	0.3919808	0.384039	0.3781053	0.3736162	0.3698673	0.3680329	0.3667629	0.3656202	0.3629451	0.3582042	0.3507739	0.341059	0.3307855	0.3210263	0.3130432	0.3090541	0.3050289	0.304591	0.3044808	0.305546	0.3042467	0.3005372	0.2955537	0.2898228	0.2795831	0.2677652	0.2524662	0.231881	0.2050352	0.1775508	0.153526	0.1365486	0.1264773	0.1207956	0.1208457	0.1295822	0.1572574	0.2039419	0.265131	0.325268	0.379989	0.4230596	0.4542451	0.4796247	0.4993516	0.5135249	0.5252097	0.535666	0.5443308	0.5510922	0.5568396	0.5604546	0.5634141	0.5655758	0.5683261	0.5696295	0.5697505	0.5704894	0.570241	0.5698051	0.5716115	0.5720169	0.5702403	0.5700983	0.5711526	0.5720526	0.5708204	0.5709789	0.5700044	0.5717943	0.5718759	0.5702663	0.5707535
Lupine	2025-02-24 09:09:22	10.0	 +N-Fe	0.1108811	0.1150671	0.1198313	0.1244261	0.1262016	0.129006	0.1344492	0.1368244	0.1377641	0.1375355	0.1348278	0.1344704	0.1352585	0.1376372	0.1445226	0.150498	0.1637234	0.1808303	0.202234	0.2275841	0.2549798	0.2860565	0.316794	0.3457988	0.3729576	0.3980881	0.4175594	0.4331446	0.4405131	0.4515511	0.4578113	0.4633604	0.4665389	0.4700075	0.4738986	0.4748106	0.474393	0.4710074	0.4687941	0.4648217	0.4601316	0.4530138	0.4440139	0.4358055	0.4309094	0.4234325	0.4164031	0.4116696	0.4082069	0.4058941	0.4052599	0.4041893	0.4016601	0.3956966	0.3877128	0.3773745	0.3666453	0.3567729	0.3481896	0.3427838	0.3394066	0.3380727	0.3388935	0.3397598	0.3403147	0.3377163	0.3348859	0.3295586	0.3193779	0.306184	0.2881151	0.26384	0.2337245	0.2024362	0.1755668	0.1568246	0.1453488	0.1412896	0.1428257	0.1546412	0.186574	0.2379726	0.3029045	0.3671582	0.4208962	0.4624084	0.4921772	0.5145181	0.533187	0.5450334	0.5561114	0.5652327	0.5716196	0.5769324	0.582572	0.5857067	0.5888229	0.590502	0.5907677	0.5935839	0.5937409	0.5930509	0.5943014	0.594024	0.5941243	0.5933303	0.5925169	0.5929106	0.5921902	0.5930091	0.5918911	0.5922018	0.5917747	0.5923073	0.5897658	0.5908649	0.5910344
Lupine	2025-02-24 09:09:34	11.0	 +N-Fe	0.05521881	0.05575534	0.05607793	0.05550141	0.05652002	0.05556566	0.05625172	0.05576286	0.05710503	0.05770845	0.05637756	0.05720399	0.0554251	0.05591545	0.05765288	0.05884836	0.06137663	0.06690353	0.0742189	0.08588438	0.09922475	0.1177204	0.1379139	0.1615064	0.1857396	0.2098488	0.2323119	0.2503102	0.2613042	0.2735114	0.2833012	0.2899249	0.2954709	0.3009032	0.3052723	0.3076266	0.3075285	0.3049486	0.2998952	0.2937992	0.2855038	0.2739995	0.262407	0.2508363	0.2439538	0.2353525	0.2286159	0.2222294	0.2178371	0.2157045	0.2137831	0.2115505	0.208449	0.2038332	0.1960149	0.1858331	0.1761631	0.1677849	0.160283	0.1564333	0.1534839	0.1526771	0.1527552	0.1519732	0.1502112	0.1468439	0.1417203	0.1369903	0.1280815	0.1187048	0.1088074	0.09667381	0.08215187	0.06868867	0.06046617	0.05464885	0.05121362	0.05020963	0.0524773	0.0568314	0.06746719	0.09226833	0.1310904	0.1813208	0.2355161	0.2885453	0.3315736	0.3700688	0.4029717	0.4299555	0.4545988	0.475496	0.4934355	0.5080819	0.5202013	0.5294976	0.5371439	0.5434819	0.5486232	0.5527437	0.5536836	0.5538587	0.556964	0.5567396	0.5578877	0.5584196	0.5569544	0.5557434	0.5556778	0.5567705	0.5563695	0.5564828	0.5557523	0.5569189	0.5551016	0.5558232	0.5557233
Lupine	2025-02-24 09:09:42	12.0	 +N-Fe	0.06105855	0.06032765	0.06258304	0.06236507	0.062717	0.0646683	0.06488143	0.0643765	0.06455597	0.06340742	0.06333916	0.06300642	0.06331667	0.0642232	0.06587131	0.06780377	0.07325453	0.08005184	0.09025003	0.1036505	0.1204792	0.1407214	0.1634723	0.188875	0.2152254	0.2401205	0.2623696	0.2816179	0.292042	0.3050683	0.3154605	0.3223947	0.3290453	0.3341896	0.3380574	0.340719	0.3411797	0.3379896	0.3335516	0.327657	0.3203844	0.3100544	0.298588	0.287446	0.2816728	0.2727464	0.264456	0.2589702	0.2540936	0.2513098	0.2499559	0.2476086	0.2439846	0.2395386	0.2313492	0.2217665	0.2122128	0.2022985	0.1956779	0.1906694	0.1878001	0.1862784	0.1858441	0.1854421	0.1825255	0.1775026	0.1707307	0.1643014	0.1542975	0.1445355	0.1337941	0.1207145	0.1038181	0.08806792	0.07547958	0.06762495	0.06334985	0.06255039	0.06327628	0.06816445	0.08373695	0.1146856	0.1607793	0.2160376	0.2730273	0.3255296	0.368757	0.4043499	0.4344808	0.4581089	0.478852	0.4970008	0.5117513	0.5252746	0.5348555	0.5424111	0.5485617	0.5543847	0.5576426	0.5606809	0.5620412	0.5624135	0.5634449	0.5653215	0.564044	0.5636245	0.5637604	0.5627035	0.5627351	0.563511	0.5629289	0.5635571	0.5638337	0.5630423	0.5627038	0.5632645	0.5653059
Lupine	2025-02-24 09:09:50	13.0	 +N-Fe	0.09121821	0.09478993	0.09859409	0.1010967	0.1025264	0.1048968	0.1074073	0.1078031	0.1092972	0.1094438	0.1081915	0.107103	0.1079924	0.1093143	0.1127925	0.1171122	0.1252759	0.1348979	0.1493137	0.1678945	0.1896584	0.2138773	0.2402886	0.2667982	0.2936753	0.3189114	0.3402299	0.3578643	0.3665549	0.3772201	0.3842352	0.3885082	0.3914079	0.3961609	0.3989307	0.4003495	0.3992221	0.3957157	0.39075	0.3859145	0.3786365	0.3685317	0.3562498	0.3449201	0.3378028	0.3290677	0.321215	0.3153162	0.3106594	0.3082399	0.3068293	0.305491	0.3030726	0.2967755	0.2871527	0.2757631	0.2633879	0.2529708	0.2450687	0.2396924	0.2359658	0.2348706	0.2353144	0.2365345	0.2365236	0.2355691	0.2321632	0.2269752	0.2176324	0.2056505	0.1892315	0.1689441	0.1449953	0.1216894	0.1040306	0.09224722	0.08536663	0.0826433	0.08357515	0.08890292	0.1074241	0.1415418	0.1930739	0.2534118	0.3105247	0.3632759	0.4052646	0.4403134	0.4698389	0.4937152	0.5128666	0.5307712	0.5454152	0.5573523	0.5674149	0.5757562	0.5813064	0.5873753	0.5911847	0.593491	0.5956936	0.5954587	0.5982524	0.598983	0.5992394	0.600127	0.5987491	0.5980238	0.5986672	0.6003882	0.5992882	0.5997428	0.5986804	0.5997373	0.5997006	0.5985243	0.599895
Lupine	2025-02-24 09:10:01	14.0	 +N-Fe	0.1899024	0.1945168	0.1986391	0.2021596	0.2052548	0.2095343	0.2153305	0.2209084	0.2239855	0.2241788	0.2233457	0.2220845	0.2224966	0.2240291	0.2295907	0.2350247	0.2462469	0.2591938	0.2761721	0.2946805	0.3128083	0.332561	0.3524116	0.3690162	0.3855595	0.3995802	0.4111801	0.4216885	0.4271992	0.4362455	0.4428782	0.4489851	0.454628	0.458426	0.461284	0.4636458	0.4647321	0.4658193	0.4653663	0.4661358	0.4654662	0.4645503	0.4616112	0.4588856	0.4580459	0.4554251	0.4537667	0.4528421	0.451985	0.4510745	0.4513738	0.4514394	0.4510255	0.4485094	0.4450859	0.4399923	0.4351408	0.4313608	0.4266357	0.4251874	0.4228425	0.4225727	0.4230312	0.424526	0.426089	0.4270094	0.4264246	0.4254808	0.4224332	0.4152384	0.4051037	0.3885074	0.3669386	0.3426436	0.319361	0.3004539	0.2884102	0.282445	0.2819345	0.2904384	0.3155187	0.3528879	0.3938886	0.429386	0.4560679	0.4766138	0.4893164	0.4987373	0.5060296	0.5092536	0.5126167	0.5160186	0.5178027	0.519816	0.5212789	0.5224217	0.5229254	0.5235766	0.5232066	0.5247089	0.5253063	0.5248246	0.5262987	0.5261645	0.5249081	0.5253485	0.5256007	0.5248496	0.5246243	0.5270495	0.5263884	0.5259069	0.5270305	0.5256589	0.5254677	0.5259097	0.5275663
Lupine	2025-02-24 09:10:09	15.0	 +N-Fe	0.06549379	0.06640639	0.06766515	0.06920667	0.0695387	0.07144539	0.07193594	0.07255766	0.07200767	0.07134609	0.07129174	0.07097489	0.07010888	0.07218503	0.07515056	0.07750319	0.08313984	0.09268298	0.1037213	0.1197625	0.1391372	0.1609423	0.1855817	0.2112552	0.23632	0.2619092	0.2837997	0.302521	0.3136523	0.3271598	0.3373196	0.3452617	0.3520557	0.3576216	0.3618079	0.3651383	0.3650662	0.3627415	0.3583121	0.3540378	0.34733	0.3373746	0.3265466	0.3164168	0.3096781	0.3012765	0.2938246	0.2882224	0.2840948	0.2807735	0.2794335	0.2775583	0.2743625	0.2688344	0.2602767	0.2490625	0.2389875	0.2299373	0.2212298	0.2162039	0.2129139	0.2116634	0.211247	0.2115938	0.2097913	0.2053871	0.1993871	0.1934372	0.1829341	0.1719021	0.1601394	0.1426382	0.1233087	0.1031714	0.08738383	0.07771049	0.07170543	0.07036175	0.07075145	0.07776928	0.09572386	0.1299259	0.1815844	0.2409374	0.298098	0.349267	0.3899455	0.4237159	0.4497378	0.4702303	0.487397	0.5025838	0.5139252	0.5233735	0.5306857	0.5365293	0.5418481	0.5453351	0.5496699	0.5505171	0.5506839	0.5512597	0.5523371	0.5528553	0.5532012	0.5534682	0.5516313	0.5518132	0.5500354	0.5519951	0.5504556	0.5505255	0.549735	0.5509562	0.5491383	0.548697	0.5502757
Lupine	2025-02-24 09:10:17	16.0	 +N-Fe	0.0640893	0.06414777	0.06419624	0.06533969	0.06560679	0.06640182	0.06725279	0.06658797	0.06687092	0.06618596	0.06581009	0.06522342	0.06567856	0.06615467	0.06814429	0.07134563	0.0748817	0.08249724	0.09262303	0.1062421	0.1225936	0.1439472	0.1684898	0.1946089	0.2215741	0.2483884	0.271223	0.2905645	0.3017544	0.3155001	0.3241385	0.3309276	0.3361803	0.3411197	0.3456585	0.347948	0.3479287	0.3450386	0.3404179	0.3343946	0.3264932	0.3151042	0.3032886	0.2907137	0.2838182	0.2749076	0.2672833	0.2610217	0.2566	0.2536424	0.2526085	0.2509546	0.2482162	0.2411044	0.232716	0.2224454	0.2101571	0.202198	0.1929816	0.1879481	0.1855534	0.1841117	0.1844497	0.1841512	0.1840714	0.1801416	0.1756884	0.1698911	0.1609077	0.1487038	0.1369248	0.1215418	0.1035753	0.08699129	0.07508312	0.06705952	0.06296861	0.06271537	0.06461159	0.07062382	0.08601182	0.1164027	0.1623669	0.2213173	0.2805082	0.3351122	0.3786457	0.4145424	0.4441602	0.4681385	0.4878137	0.5060196	0.5210545	0.5320282	0.5428246	0.5495754	0.55539	0.5608616	0.5643089	0.5682914	0.5689893	0.5695609	0.57168	0.5708442	0.5719294	0.5710004	0.5692295	0.569425	0.569829	0.5704863	0.5698128	0.5690379	0.5694126	0.5702278	0.5686144	0.5679129	0.5685876
Lupine	2025-02-24 09:10:24	17.0	 +N-Fe	0.07214666	0.07396417	0.07407098	0.07618976	0.07703088	0.07878139	0.07977368	0.08032542	0.08053279	0.08124632	0.0796591	0.07827351	0.07898475	0.08079668	0.08506889	0.08787411	0.09455958	0.1042614	0.1166697	0.1329852	0.1524537	0.1751192	0.1991641	0.2258707	0.2519349	0.2773003	0.2985533	0.3166983	0.3255707	0.3376459	0.3458687	0.3508514	0.3552143	0.3586058	0.3617436	0.3632585	0.3631063	0.3597651	0.3554557	0.3495454	0.3422208	0.3324279	0.3212604	0.3099257	0.3029794	0.2948811	0.2864249	0.2818507	0.2767573	0.2735048	0.2731779	0.2703175	0.267865	0.2618141	0.2529664	0.2442933	0.2333176	0.2240902	0.2163812	0.2116337	0.2083282	0.2070491	0.2072646	0.2066097	0.2049763	0.2010132	0.1940021	0.1888033	0.1788785	0.1684601	0.157245	0.1415708	0.1222865	0.1032637	0.08821031	0.07896727	0.0729127	0.0700371	0.07111439	0.07597461	0.09299689	0.1244708	0.1725486	0.2276761	0.2837886	0.3347261	0.3778337	0.413006	0.4419657	0.466121	0.4874937	0.5058814	0.5206032	0.5336173	0.5443974	0.552052	0.5595612	0.5646751	0.569031	0.5716081	0.5727188	0.5743249	0.5768463	0.5763356	0.5764984	0.5763985	0.5763047	0.5759827	0.5769445	0.5768235	0.5760477	0.5765987	0.5766683	0.5768837	0.5775594	0.5751406	0.5774481
Lupine	2025-02-24 09:10:35	18.0	 +N-Fe	0.07591662	0.07868422	0.08119601	0.08129938	0.08284783	0.08500183	0.08625382	0.08732077	0.08762565	0.08755157	0.08622457	0.08652083	0.08676585	0.08888249	0.09185922	0.09426201	0.1023233	0.1132895	0.1257869	0.1433931	0.1650284	0.188132	0.212909	0.239916	0.2659506	0.2898389	0.3092424	0.3259428	0.3349366	0.3456223	0.3522654	0.3563453	0.3599155	0.3628903	0.3656312	0.3672941	0.3666145	0.3635526	0.3590087	0.3534778	0.3469826	0.3376768	0.3269854	0.3161762	0.3098249	0.3011841	0.2938513	0.2889121	0.284323	0.281623	0.2806154	0.2784868	0.2762765	0.2710034	0.2623432	0.2527752	0.2418601	0.2334195	0.2256982	0.220804	0.217869	0.2174664	0.2172829	0.2162434	0.2161504	0.2124995	0.2072978	0.2032553	0.1934537	0.1828737	0.1708902	0.1534555	0.1331855	0.1139992	0.09789558	0.08748197	0.08174482	0.08109121	0.08326044	0.09102994	0.1100502	0.1447805	0.1930846	0.2484357	0.3004722	0.3469042	0.3836028	0.4151641	0.4398082	0.4601153	0.4783845	0.4940613	0.5064785	0.5183083	0.526815	0.5330798	0.5397858	0.5448293	0.5477381	0.5501515	0.5510819	0.5521123	0.553394	0.5535208	0.5539077	0.5534922	0.5527753	0.5514478	0.5516771	0.5524085	0.5508331	0.5512304	0.5494508	0.5511957	0.5510571	0.5516814	0.5515883
Lupine	2025-02-24 09:10:48	19.0	 +N-Fe	0.1530899	0.1565811	0.160707	0.1639899	0.1657174	0.1707486	0.1755383	0.1790826	0.1831626	0.1837673	0.1826753	0.1803468	0.1814492	0.1828236	0.1867426	0.192456	0.2011479	0.2133746	0.2313672	0.2507201	0.2719315	0.2953706	0.3181192	0.3409465	0.3631055	0.3835849	0.4019441	0.4184019	0.4267484	0.4401929	0.4512321	0.4605204	0.4682751	0.4753232	0.4811744	0.4845871	0.4863752	0.4857584	0.4849469	0.4840665	0.4813125	0.4762985	0.4700956	0.4634577	0.4599756	0.4555477	0.450032	0.4467081	0.4439984	0.4429707	0.4428708	0.4418936	0.4398095	0.4359929	0.4297284	0.4204344	0.4119608	0.4053069	0.3971356	0.3939882	0.3903115	0.3896345	0.3899066	0.3913426	0.3923384	0.391777	0.3902846	0.3871061	0.3789725	0.3686411	0.35451	0.3334392	0.3071016	0.2773386	0.2505572	0.2303566	0.2174673	0.210286	0.2093136	0.2177872	0.244796	0.2888607	0.3441275	0.3985522	0.446178	0.4845439	0.5117815	0.5336411	0.5494335	0.5607515	0.5704871	0.5779085	0.584132	0.5891992	0.5921435	0.5953918	0.5977287	0.5994043	0.600709	0.6025645	0.6023119	0.6036298	0.6040013	0.6035464	0.6048601	0.6044672	0.6039978	0.6044326	0.603417	0.604715	0.6032887	0.6041562	0.6045582	0.6040817	0.6047715	0.6037983	0.6067209
Lupine	2025-02-24 09:11:00	20.0	 +N-Fe	0.06438498	0.06466754	0.06656609	0.06519657	0.06664333	0.06491337	0.06490913	0.0657606	0.06656631	0.06608185	0.06575886	0.06571351	0.06550434	0.06620066	0.06647348	0.06810828	0.07155469	0.07718201	0.08532625	0.09734038	0.1119849	0.130397	0.1533823	0.1763292	0.2027349	0.2285022	0.2518127	0.2717327	0.2831248	0.2979604	0.3094154	0.3191914	0.326077	0.3324599	0.3376458	0.3420329	0.3420514	0.3403189	0.3361327	0.330269	0.3228327	0.3117203	0.2993283	0.2875991	0.2802307	0.2707018	0.264336	0.2574476	0.2528584	0.2510467	0.2493518	0.2465534	0.2440949	0.2377894	0.2292636	0.2182684	0.2074154	0.1983389	0.1895937	0.1846379	0.1814908	0.1804486	0.1806932	0.1809649	0.1795605	0.1770469	0.1723698	0.1678927	0.158326	0.1479128	0.1350346	0.1189713	0.1007014	0.08419207	0.07247354	0.06413742	0.05982336	0.05823692	0.05942587	0.06341188	0.07813647	0.1055754	0.1501239	0.2053541	0.263724	0.3181993	0.3628639	0.4025799	0.4349592	0.4607065	0.4836022	0.5037443	0.5205218	0.5339394	0.5463749	0.5539979	0.561401	0.5670054	0.5721751	0.5743166	0.5752654	0.5778379	0.5787435	0.5787977	0.5797263	0.5795427	0.5797633	0.5791012	0.5787823	0.5787035	0.5786818	0.5775817	0.5771292	0.578116	0.5770157	0.5784693	0.57712
Lupine	2025-02-24 09:11:08	21.0	 +N-Fe	0.06009758	0.06133926	0.06217408	0.06311537	0.06326388	0.06308557	0.06355175	0.06396225	0.06443893	0.06436001	0.06433343	0.06300554	0.06348874	0.06376332	0.06495124	0.0671075	0.07046368	0.07788724	0.08734407	0.1004278	0.1159909	0.1372195	0.1606251	0.1868316	0.2132189	0.2396249	0.2629537	0.2826546	0.2934298	0.3070528	0.3179448	0.3251686	0.3307571	0.3372273	0.3412018	0.3442467	0.3446789	0.3408829	0.3363097	0.3307196	0.3228555	0.3112495	0.2984585	0.2873038	0.2798531	0.2711251	0.2631646	0.2570275	0.252821	0.2498604	0.2488401	0.2464868	0.2435852	0.2372127	0.2290049	0.2176839	0.2070337	0.198568	0.1898387	0.1858174	0.1819217	0.181251	0.1814031	0.1818191	0.1790505	0.1756663	0.1693737	0.1644462	0.1543834	0.1436536	0.132465	0.1174475	0.1005092	0.08293088	0.07123184	0.06386507	0.06036345	0.0587782	0.06011352	0.0655389	0.08048912	0.1093362	0.1555522	0.2117575	0.2705287	0.3244355	0.3697988	0.4077123	0.439444	0.464856	0.4875101	0.5068317	0.5225101	0.536132	0.5470275	0.5550593	0.561775	0.5667874	0.571345	0.5738327	0.5754826	0.576626	0.5800137	0.578384	0.5790366	0.5789607	0.5779184	0.5767587	0.5764553	0.5773877	0.5753304	0.5777355	0.5763817	0.5747964	0.5759609	0.5772369	0.5783014
Lupine	2025-02-24 09:11:18	22.0	 +N-Fe	0.1075547	0.1120073	0.1140722	0.1186216	0.120371	0.1249748	0.1284559	0.1302264	0.1328451	0.1322939	0.1292992	0.1284587	0.1292578	0.1311203	0.1367931	0.1409041	0.1516353	0.1637434	0.1797311	0.2008598	0.2241552	0.2491431	0.2762758	0.3038436	0.3299473	0.3544771	0.3749298	0.3927945	0.4022438	0.4148393	0.4227598	0.4282377	0.4336425	0.4373477	0.4410349	0.4431922	0.4435566	0.4405187	0.4379046	0.4347044	0.4301414	0.4215505	0.4129793	0.4038776	0.3981157	0.3907945	0.3840338	0.3800533	0.3759363	0.3742499	0.3734251	0.3723479	0.3708585	0.3647167	0.3561133	0.3448536	0.3327165	0.3235439	0.3142302	0.310195	0.3060753	0.3053269	0.3058819	0.3088893	0.3098027	0.310487	0.3089342	0.3055491	0.296669	0.2831393	0.2659637	0.2402265	0.211441	0.1820111	0.1581842	0.1411044	0.1302897	0.1265082	0.1270986	0.1353651	0.1612705	0.2056175	0.2638105	0.3257073	0.3812848	0.4271276	0.4609677	0.488641	0.5090991	0.5265855	0.5392957	0.5510417	0.5600538	0.5688357	0.5733583	0.5776137	0.5813546	0.5848057	0.5858023	0.5893756	0.5901818	0.591165	0.5912797	0.5913002	0.5926364	0.5921717	0.592096	0.5915124	0.5916109	0.591107	0.5896718	0.5921273	0.5900405	0.5921443	0.592281	0.5911181	0.5907719
Lupine	2025-02-24 09:11:29	23.0	 +N-Fe	0.0623152	0.06405884	0.06205643	0.0640551	0.06395054	0.06282965	0.06496661	0.06446622	0.06424286	0.06369237	0.06370575	0.06292951	0.0628098	0.06318214	0.065572	0.06680643	0.07076216	0.07497675	0.08383084	0.09356862	0.1064209	0.1233619	0.1422313	0.1634808	0.1858319	0.2077025	0.228536	0.2463582	0.2560624	0.2687404	0.2779518	0.2843763	0.2900045	0.2951281	0.2990354	0.3014259	0.3010056	0.2986857	0.293417	0.2879697	0.2794517	0.269191	0.2578659	0.2465461	0.2400024	0.2317079	0.2243319	0.2187017	0.2140589	0.2117467	0.2100045	0.2077159	0.2048174	0.1999458	0.1927248	0.1839479	0.1744753	0.1674013	0.1604325	0.1562425	0.1539148	0.1525091	0.1524638	0.1515861	0.149418	0.1450593	0.1388067	0.1329646	0.1244641	0.1160107	0.108512	0.09777461	0.08566326	0.07287213	0.06457903	0.05969693	0.0566781	0.05595075	0.0566699	0.06098574	0.07229996	0.09490202	0.1298137	0.1802004	0.2329886	0.2842239	0.3287655	0.3668621	0.3988959	0.4260187	0.4500743	0.46809	0.4859841	0.5022119	0.513772	0.5223333	0.5298638	0.5372878	0.5418398	0.5448369	0.5473452	0.5492952	0.5511642	0.5510633	0.5526552	0.5525016	0.5503781	0.5504889	0.5507411	0.5501119	0.5500029	0.551841	0.5505785	0.5507354	0.549978	0.5493852	0.5512602
Lupine	2025-02-24 09:11:38	24.0	 +N-Fe	0.08515671	0.08804922	0.09291518	0.09482599	0.09633499	0.09786266	0.09877552	0.1011672	0.1020625	0.1008959	0.09958729	0.1006594	0.1003785	0.10301	0.1073712	0.1132045	0.1211612	0.132546	0.1486233	0.1675476	0.1894729	0.2133169	0.2395995	0.2645681	0.2901598	0.3138045	0.3326633	0.349323	0.3571162	0.3677882	0.3752038	0.3808663	0.3834517	0.3876092	0.3900792	0.3923284	0.3920258	0.3889494	0.3849424	0.3807169	0.375036	0.3667461	0.3574903	0.3472274	0.3411557	0.3332933	0.3264146	0.3217655	0.3180885	0.3148884	0.3138366	0.3123299	0.3096303	0.3049795	0.2969586	0.287089	0.2780736	0.2689318	0.261284	0.2569158	0.252616	0.2524293	0.2525167	0.2518409	0.2511102	0.2477861	0.2413112	0.2356638	0.2245794	0.2144338	0.2013409	0.1838344	0.1627247	0.1412224	0.1221863	0.1091928	0.1018554	0.098089	0.09870116	0.1070491	0.1288087	0.1676161	0.2191414	0.2768116	0.3297885	0.3739027	0.4097996	0.4389545	0.4625564	0.4820373	0.4979569	0.5103512	0.5220399	0.532289	0.5396761	0.5455953	0.5509011	0.5544407	0.557947	0.5600257	0.5611099	0.5612106	0.5640038	0.563107	0.5637305	0.562851	0.5629647	0.5626842	0.5624102	0.5628139	0.5626534	0.562296	0.5621002	0.5633237	0.5631825	0.5623009	0.5620898
Lupine	2025-02-24 09:11:45	25.0	 +N-Fe	0.06179775	0.06119151	0.06074099	0.0613312	0.0626199	0.06093195	0.06194885	0.06110324	0.06182945	0.06194553	0.06148933	0.06031786	0.06067224	0.06097209	0.06261273	0.06369237	0.06633969	0.07065837	0.07819005	0.08813285	0.1020809	0.1190511	0.139813	0.1626408	0.1865443	0.2112806	0.2331245	0.2513478	0.2611278	0.2748396	0.2843067	0.2904861	0.2958459	0.3002565	0.3044373	0.3064159	0.3069606	0.3034554	0.2979733	0.2914878	0.2832404	0.2730685	0.2608063	0.2487443	0.2426041	0.2332226	0.2259077	0.2206768	0.2161089	0.214074	0.2124245	0.2104404	0.2080669	0.2023439	0.1944047	0.1839675	0.1741945	0.1664984	0.1587485	0.1542446	0.1516681	0.1507099	0.1516079	0.1505911	0.1504332	0.1467475	0.1426386	0.138699	0.1293173	0.120526	0.1116132	0.09793257	0.08489423	0.0717955	0.06308616	0.05750811	0.05550261	0.05547689	0.05740905	0.06165044	0.07337431	0.09748026	0.1359922	0.1866302	0.2410313	0.2922595	0.3375956	0.3755485	0.4082687	0.434648	0.4593528	0.4797454	0.4992409	0.5146059	0.5262382	0.5366619	0.5446059	0.5519033	0.5565531	0.5600304	0.562833	0.5628195	0.5663359	0.5658815	0.5678757	0.5668964	0.5657543	0.5647681	0.564549	0.5643395	0.5645291	0.5635373	0.5624667	0.5635836	0.5644563	0.5636902	0.5654371
Lupine	2025-02-24 09:35:50	52.0	 +N+Fe	0.05095448	0.04997092	0.04979428	0.04907197	0.04956529	0.04852955	0.04872077	0.04764398	0.04690137	0.04654694	0.04651228	0.04617839	0.04564449	0.04587648	0.04543977	0.04560486	0.04435291	0.04410075	0.04516719	0.04541407	0.04595723	0.04668128	0.04835095	0.05244956	0.05703735	0.06311961	0.06949085	0.07581664	0.07965547	0.08234611	0.08613073	0.08799848	0.089701	0.08986031	0.09148112	0.09153016	0.09184444	0.09005197	0.08638369	0.08217956	0.07759079	0.07246932	0.06710129	0.06313748	0.06058031	0.05840507	0.05552401	0.05470629	0.05306907	0.05222739	0.05131884	0.05061158	0.05017882	0.04930869	0.048348	0.04739208	0.04573764	0.04404537	0.04406935	0.04356229	0.04291962	0.04329755	0.04277623	0.04244783	0.0419415	0.04141967	0.04017794	0.04065156	0.03935058	0.03976115	0.03917502	0.03911393	0.03839876	0.0380024699999999	0.03824777	0.0387264	0.0393028	0.03971493	0.04030081	0.0414362	0.04215217	0.04281992	0.04517873	0.04959935	0.0602668	0.07808002	0.1023145	0.1320126	0.1652723	0.2024336	0.2422876	0.2854206	0.3288383	0.3707197	0.4103338	0.4456676	0.4777675	0.5034451	0.5251462	0.5425914	0.553115	0.5662334	0.5727865	0.5773598	0.5807211	0.582982	0.585799	0.5873356	0.5872365	0.5887504	0.5892389	0.5894539	0.5900758	0.5908823	0.5906881	0.5907371	0.5933802
Lupine	2025-02-24 09:36:41	53.0	 +N+Fe	0.04787078	0.04747917	0.04788082	0.04735756	0.04638273	0.04567146	0.04533071	0.04571375	0.04556858	0.04496485	0.04398138	0.04334053	0.04293659	0.0431119	0.04303165	0.04340049	0.04344308	0.04365443	0.04417327	0.04533732	0.047422	0.05089983	0.05629232	0.06312629	0.07070244	0.08089657	0.09194759	0.1017497	0.1071889	0.1144935	0.1188052	0.1220116	0.1237006	0.1252378	0.1273432	0.1283045	0.1273472	0.126076	0.1207716	0.1149931	0.1080322	0.1009343	0.09324511	0.08658612	0.08316694	0.07828139	0.07475641	0.07195301	0.06982224	0.06732159	0.06674726	0.06597687	0.06497612	0.06247769	0.05999224	0.05774146	0.05541255	0.05223316	0.05091877	0.04980745	0.04865028	0.04774223	0.04797641	0.04770616	0.04669621	0.04512085	0.0439751	0.0427762	0.04131149	0.03990793	0.03914622	0.03865548	0.03780713	0.03725083	0.03606919	0.0358832	0.03647549	0.03690328	0.03799246	0.03862203	0.0396255	0.04223482	0.04622129	0.05744875	0.07812441	0.1055892	0.1388129	0.1756304	0.212583	0.252242	0.2896125	0.3287254	0.3646339	0.3991141	0.4283434	0.4548269	0.4776954	0.495233	0.509745	0.5207821	0.5283959	0.5354659	0.5400478	0.5435552	0.545942	0.5465151	0.5483346	0.5489905	0.5496649	0.550931	0.5511838	0.5511365	0.5501258	0.5513247	0.5516712	0.5526421	0.553003
Lupine	2025-02-24 09:36:50	54.0	 +N+Fe	0.04948605	0.04755428	0.04802207	0.04709291	0.04771293	0.04653266	0.04654066	0.04423058	0.04435404	0.04429424	0.04522301	0.04494531	0.04442078	0.04389354	0.04411637	0.04490526	0.04363677	0.04330268	0.04416015	0.04520348	0.04573751	0.04897093	0.05233994	0.05693578	0.06533343	0.07323861	0.08170138	0.09029535	0.09542139	0.101466	0.1056745	0.1088019	0.1099212	0.1116382	0.1126417	0.1124349	0.112642	0.1101726	0.1060593	0.1014943	0.09518568	0.08815995	0.08065634	0.07559652	0.07232279	0.06802858	0.06489213	0.06252093	0.06055497	0.05938116	0.05807381	0.05800146	0.05670393	0.05494087	0.05315194	0.05011674	0.0492568	0.04744153	0.04578711	0.04497827	0.04364349	0.04341858	0.04377569	0.04346948	0.04222766	0.04083665	0.03905936	0.03926346	0.03782899	0.0373302	0.03733149	0.03625252	0.03592177	0.03604822	0.03576317	0.03623233	0.03622693	0.03715662	0.03823198	0.03956008	0.04058561	0.04098076	0.04420708	0.05290945	0.06999948	0.09397472	0.1256197	0.161322	0.1987827	0.237924	0.2791974	0.3203309	0.3601808	0.3980175	0.4321169	0.4616212	0.4883867	0.5088447	0.5240281	0.5386337	0.547591	0.5568848	0.5619918	0.5651025	0.5677266	0.5689904	0.5698388	0.5713508	0.5727829	0.5721588	0.5738998	0.5721626	0.5743892	0.5738865	0.5734674	0.5738273	0.5755965
Lupine	2025-02-24 09:36:56	55.0	 +N+Fe	0.05080764	0.04990502	0.04943449	0.04939162	0.0505851	0.04859314	0.0491251	0.04794756	0.04814453	0.04706665	0.04621702	0.04607026	0.04598909	0.04626045	0.04625226	0.04669318	0.04537092	0.04645335	0.04637632	0.04708666	0.04863044	0.05013478	0.05372013	0.05718811	0.06242747	0.07026844	0.07745968	0.08515801	0.0897256	0.09535428	0.09909444	0.1013069	0.1029616	0.1044592	0.1046897	0.1057949	0.10561	0.1033069	0.0997879	0.09563143	0.08988975	0.08345166	0.07824275	0.07291442	0.06982681	0.066454	0.06381925	0.06193995	0.06056507	0.05930188	0.05792691	0.05815773	0.05737331	0.05528395	0.0549761	0.05321193	0.05082291	0.04936662	0.0485225	0.0476979	0.04714221	0.04715879	0.04665049	0.04580612	0.04585234	0.04465324	0.04388996	0.04303116	0.04303378	0.04160432	0.04150824	0.04122369	0.04089558	0.04043775	0.04037901	0.04069688	0.04085627	0.04159617	0.0426202	0.04273007	0.04382791	0.04501186	0.04796375	0.05504838	0.06952596	0.09096332	0.119396	0.1514028	0.1855027	0.223846	0.2646016	0.3055404	0.3471094	0.3845927	0.4208785	0.4535369	0.4803251	0.5032606	0.5199009	0.5352698	0.5462586	0.5548985	0.5618036	0.5649893	0.5690273	0.5706119	0.573566	0.5737014	0.5752097	0.5760374	0.5768038	0.5741936	0.5758999	0.5759888	0.577548	0.5783963	0.5784444
Lupine	2025-02-24 09:37:04	56.0	 +N+Fe	0.04464023	0.04584066	0.04575817	0.04375198	0.0437886	0.04386722	0.04374152	0.04383697	0.04267458	0.04193792	0.04154674	0.04115	0.04134388	0.04063693	0.04091465	0.04071791	0.04101478	0.04074931	0.04093169	0.04231556	0.04288121	0.04573461	0.04863282	0.05289673	0.05972906	0.06716321	0.07608359	0.08501281	0.08927961	0.09430377	0.09868743	0.1007229	0.1035723	0.1041495	0.1052174	0.1059657	0.1049742	0.1033682	0.09959788	0.09462581	0.08854688	0.0821901	0.07574464	0.07049114	0.06742835	0.06352034	0.06097907	0.05885974	0.0566978	0.05604991	0.05511481	0.05419514	0.05359859	0.05232034	0.04987324	0.0485146	0.04677967	0.04469322	0.04388138	0.04277778	0.04240688	0.04198111	0.04149868	0.04138129	0.0407954	0.03953046	0.0390321	0.03787535	0.03680156	0.03646887	0.03640972	0.03574665	0.03521123	0.03535672	0.03451767	0.03484663	0.03517057	0.03594573	0.03661565	0.03664888	0.03790489	0.03920538	0.04115139	0.0497512	0.06526166	0.08658158	0.115027	0.147842	0.1833079	0.2224966	0.2610767	0.3011333	0.3409768	0.3781883	0.4124421	0.4431735	0.4700198	0.4893303	0.5073627	0.5203226	0.5316924	0.5395819	0.5455767	0.5491871	0.55083	0.5546815	0.5546457	0.5562477	0.5568198	0.5584467	0.5588296	0.5583092	0.5572388	0.560234	0.5613176	0.5606525	0.5609772
Lupine	2025-02-24 09:37:10	57.0	 +N+Fe	0.05323054	0.05343955	0.05243506	0.05312443	0.05217824	0.0522454	0.05210419	0.05300475	0.05108143	0.05087514	0.05070233	0.05040151	0.0499312	0.05003222	0.04923522	0.04953364	0.04962634	0.04920052	0.04927409	0.05024329	0.05038816	0.05115697	0.05254928	0.05517523	0.05892521	0.06470074	0.06920553	0.07448154	0.07700634	0.08223245	0.08360499	0.08552638	0.08643136	0.0875724	0.08872721	0.08901429	0.0884309	0.08686148	0.0839314	0.08015652	0.07609777	0.07152873	0.06720217	0.06329791	0.06116062	0.05858585	0.05717367	0.05515896	0.05430819	0.05407359	0.05279468	0.05185265	0.0520073	0.05088628	0.04998234	0.04887412	0.04790974	0.04723255	0.0459759	0.04572528	0.04518172	0.04489021	0.04441804	0.04402662	0.04339472	0.04346366	0.04228246	0.04135977	0.0417267	0.04146421	0.04029842	0.04142867	0.04068843	0.04079853	0.04072218	0.04096395	0.04091841	0.04141445	0.04181222	0.04253599	0.04344256	0.0440508	0.04559392	0.05017963	0.05977725	0.07430785	0.09567106	0.1222972	0.1523248	0.185867	0.2226798	0.2608784	0.3004078	0.3392791	0.3758185	0.4094173	0.439395	0.4631749	0.4824491	0.4986578	0.5109889	0.522602	0.5288565	0.5332068	0.5379486	0.5393114	0.5425263	0.5426157	0.5435351	0.5453713	0.5459258	0.5459934	0.5462489	0.5461831	0.5476214	0.5462325	0.5476236
Lupine	2025-02-24 09:37:18	58.0	 +N+Fe	0.04977974	0.05029347	0.048907	0.04813428	0.0489496	0.04761207	0.04777966	0.0476443	0.04704204	0.04582334	0.04619267	0.04560204	0.04539046	0.0457285	0.04538579	0.04458168	0.04477343	0.04510804	0.0450294	0.04631526	0.04782481	0.04923896	0.0523935	0.05597396	0.06282519	0.06936677	0.07691693	0.08437744	0.08890317	0.09496405	0.09693966	0.09991536	0.1012916	0.102472	0.1036322	0.1042704	0.1039983	0.1021882	0.09846253	0.09417496	0.08823467	0.08242241	0.0770049	0.0716767	0.06837345	0.06510439	0.06273937	0.06070219	0.05963022	0.05789062	0.05667403	0.0568031	0.05562486	0.05435707	0.05311204	0.05136461	0.04908094	0.04840797	0.04654121	0.04585154	0.04503092	0.04506872	0.04544858	0.04464355	0.04347917	0.04293604	0.04191823	0.04127479	0.04054106	0.03970409	0.03954949	0.03925043	0.03876433	0.03848351	0.0381987	0.0382955	0.03821537	0.03871044	0.03984525	0.04078926	0.04134999	0.04254432	0.04593395	0.0532872	0.06719148	0.08980565	0.1167422	0.149098	0.1845465	0.2214996	0.2598486	0.2995121	0.3389482	0.37625	0.4104399	0.4420985	0.4677444	0.4888354	0.5053753	0.5209463	0.5304971	0.539408	0.5457238	0.549322	0.5533658	0.5546053	0.5564445	0.557765	0.5579572	0.5594142	0.5602421	0.5598178	0.5590445	0.5603721	0.560851	0.5609227	0.5633821
Lupine	2025-02-24 09:37:25	59.0	 +N+Fe	0.04126285	0.04095069	0.04096992	0.04127421	0.04024192	0.04039754	0.0388911	0.03999547	0.03906198	0.03699607	0.03805487	0.03768071	0.03668172	0.03685126	0.03757074	0.03726093	0.03720899	0.03742427	0.03845044	0.03954348	0.040977	0.04477669	0.04981305	0.05717029	0.0654662	0.07626724	0.08822759	0.09818454	0.1036174	0.1110521	0.1162512	0.1191663	0.1219013	0.1235155	0.1249081	0.1260555	0.1253274	0.1236116	0.1184363	0.1123649	0.106	0.09810562	0.09021028	0.08268695	0.07916843	0.07432215	0.0701509	0.06739804	0.06553984	0.06355905	0.06244831	0.06156565	0.0601868	0.05901605	0.05637183	0.05360815	0.05095002	0.04777016	0.0467635	0.04572456	0.04500075	0.04449424	0.04472678	0.04387893	0.04233527	0.04048188	0.03875879	0.0374221	0.03660145	0.03559736	0.03491186	0.03494651	0.03347434	0.03412405	0.03279249	0.0328657	0.03299571	0.03434199	0.03444824	0.03558143	0.03672614	0.03946224	0.04394829	0.05673527	0.07778391	0.1072533	0.1425596	0.181372	0.2218904	0.2606258	0.3017604	0.3418485	0.3788691	0.4136186	0.4446499	0.4720705	0.4935094	0.5109434	0.5249364	0.5360423	0.5445451	0.5509499	0.5554679	0.5588299	0.5611657	0.5624745	0.5635811	0.5647629	0.5641169	0.5658061	0.5675558	0.5652385	0.5668705	0.5671601	0.5673649	0.5668483	0.5677489
Lupine	2025-02-24 09:37:32	60.0	 +N+Fe	0.04596182	0.04437412	0.04367745	0.04396092	0.04510018	0.04304569	0.04357368	0.04364041	0.04270987	0.04281142	0.04093022	0.04063242	0.0408911	0.04043028	0.04174385	0.04173306	0.04012818	0.04119474	0.04167444	0.04246977	0.0434305	0.04644133	0.05100383	0.05638334	0.0640667	0.07259697	0.08308055	0.0919522	0.09688173	0.1033318	0.1074404	0.1104739	0.1123228	0.1139828	0.1155113	0.1163955	0.1152032	0.1123855	0.1086302	0.103725	0.09650858	0.09012768	0.08317523	0.07659819	0.07352293	0.06953004	0.06612407	0.06328315	0.06149642	0.05972608	0.05870581	0.05833378	0.05784902	0.0556316	0.05381372	0.05175356	0.04938511	0.04721739	0.04597396	0.04485871	0.04445785	0.0442172	0.04369316	0.04321139	0.04255702	0.04081618	0.03978093	0.03912181	0.03760786	0.03681472	0.03600645	0.03595847	0.03485624	0.03499594	0.03461893	0.03446673	0.03579196	0.03591646	0.03698634	0.03784571	0.03845089	0.03940292	0.04369313	0.05383997	0.07148223	0.09781593	0.1290916	0.1657431	0.2034228	0.2432194	0.283793	0.3250628	0.3629441	0.3995214	0.4325408	0.4606751	0.4852473	0.5043244	0.5205111	0.5331522	0.5415045	0.5508475	0.5545169	0.5574191	0.5604011	0.5622018	0.563944	0.5647353	0.5645899	0.5649912	0.5667322	0.565803	0.5663601	0.5670925	0.5675366	0.5667716	0.567116
Lupine	2025-02-24 09:37:40	61.0	 +N+Fe	0.05198238	0.05236373	0.05013041	0.05122622	0.05041412	0.04949814	0.04813681	0.04859059	0.04764382	0.04815236	0.04706607	0.0471905	0.04616409	0.04592009	0.04642532	0.0464183	0.04576478	0.04562555	0.04619418	0.0470427	0.04756848	0.04885829	0.05139999	0.05590168	0.06161062	0.06918896	0.0766148	0.08390214	0.08806254	0.09405496	0.09734204	0.0995676	0.1015773	0.1030089	0.1046121	0.1051678	0.1048186	0.1027629	0.09834271	0.0942467	0.0881742	0.08254798	0.07644511	0.07116079	0.06820009	0.06511912	0.06210526	0.05998507	0.05899439	0.05788718	0.05631569	0.05614834	0.05521932	0.05431247	0.05268525	0.05056379	0.04908065	0.04749685	0.04724657	0.04603268	0.04626753	0.04539658	0.04537083	0.04444495	0.04417669	0.04364028	0.04244238	0.04141643	0.0407816	0.04073346	0.03914622	0.03896604	0.03925768	0.03809266	0.03862274	0.03936302	0.03911639	0.03972937	0.0402894	0.04095099	0.04221798	0.04292563	0.0458507	0.05224751	0.06676891	0.08703522	0.1154609	0.1476186	0.1844516	0.2232951	0.263075	0.3058238	0.3481724	0.3883576	0.424869	0.4592131	0.4885893	0.5121357	0.531222	0.545954	0.557796	0.5665702	0.5739394	0.5783668	0.5816482	0.582904	0.5864084	0.5869452	0.5878213	0.5889824	0.5905457	0.5883233	0.5898977	0.589383	0.5908056	0.5910088	0.5928106
Lupine	2025-02-24 09:37:47	62.0	 +N+Fe	0.04471366	0.04692882	0.0471589	0.04570124	0.04411547	0.04627316	0.04454746	0.04432013	0.04343706	0.04364795	0.04275598	0.0434713	0.04402092	0.04223533	0.04217665	0.04296283	0.04258222	0.04286806	0.04340376	0.04588375	0.04731214	0.0504758	0.05549829	0.06166348	0.07021819	0.08033901	0.09187375	0.1016475	0.107313	0.1141897	0.1191278	0.1221411	0.124115	0.1263193	0.1279665	0.1282531	0.1275169	0.1252171	0.1211807	0.1151427	0.1081139	0.1002308	0.09328934	0.08609914	0.08243634	0.07810833	0.0742703	0.07123899	0.0693022	0.06782317	0.06639396	0.06515239	0.06406679	0.06239879	0.05980601	0.05789674	0.05522171	0.05289678	0.05122551	0.05023367	0.04892173	0.0492022	0.04887308	0.04816335	0.04670416	0.04555949	0.04310158	0.04260623	0.04108448	0.03992854	0.03998156	0.03875739	0.03776727	0.03752142	0.03722241	0.03672458	0.03728329	0.03904946	0.0396372	0.04127446	0.04222919	0.04513627	0.04962226	0.06093039	0.08100265	0.1100808	0.1445075	0.1830625	0.222551	0.2622938	0.3024536	0.3436493	0.3818434	0.4167006	0.4491103	0.4760267	0.4998094	0.5180881	0.5320897	0.544548	0.5530848	0.560431	0.5647196	0.5669494	0.5697656	0.5711094	0.57299	0.5718969	0.573558	0.5738788	0.5757337	0.57302	0.5735264	0.5751563	0.5751124	0.5744369	0.5767356
Lupine	2025-02-24 09:37:54	63.0	 +N+Fe	0.05227606	0.04986989	0.05041408	0.04998144	0.04979568	0.04935513	0.05012124	0.04766182	0.0476915	0.04710028	0.04706877	0.04781153	0.04750244	0.04616069	0.04688006	0.04688521	0.0472064	0.04736794	0.04782744	0.04998532	0.0515966	0.05446221	0.0589839	0.06502386	0.07308601	0.08244078	0.09265684	0.1022707	0.1069446	0.1132344	0.1167174	0.119518	0.1212713	0.1225075	0.1234275	0.1243011	0.1238463	0.1213741	0.1170055	0.1119697	0.1048013	0.09791075	0.09070285	0.0845644	0.08185524	0.07747201	0.07339365	0.07107939	0.06913244	0.06698187	0.06624888	0.06519987	0.06371877	0.06205971	0.06059385	0.05849745	0.05622583	0.05445267	0.05283224	0.05159475	0.05085206	0.05090275	0.05045177	0.04957854	0.04883064	0.04646504	0.0452832	0.04379603	0.04317713	0.04247201	0.04165226	0.04118312	0.04045163	0.04067827	0.04002219	0.03972176	0.04051451	0.04163502	0.04187083	0.04331231	0.04492868	0.04706862	0.0527477	0.06284947	0.08275044	0.1082955	0.1405206	0.1778345	0.2162024	0.2544057	0.2945749	0.3341474	0.3726803	0.4084075	0.4413761	0.4685444	0.4921956	0.5122824	0.5282754	0.5395457	0.5472125	0.5548223	0.5604178	0.5644394	0.5658223	0.5668348	0.5691403	0.5691511	0.5695494	0.569707	0.5704364	0.569615	0.5703849	0.5706743	0.5710347	0.5719934	0.5719258
Lupine	2025-02-24 09:38:00	64.0	 +N+Fe	0.04706314	0.04801698	0.04882198	0.04877594	0.04790862	0.0458938	0.04724347	0.04641029	0.04564773	0.04602326	0.04455894	0.04373367	0.0452765	0.04471223	0.04466455	0.04439291	0.04544065	0.04519482	0.0455677	0.04610871	0.04848396	0.05073542	0.05454588	0.05938736	0.06694342	0.07480054	0.08459639	0.09364999	0.09816423	0.1046045	0.1089895	0.1123106	0.1130991	0.1144842	0.1157669	0.1165188	0.1156385	0.113719	0.1093576	0.1043737	0.09798273	0.09141474	0.08396293	0.07860723	0.0751316	0.07122893	0.06794674	0.0653208	0.06364525	0.06205264	0.06105035	0.05996969	0.05920457	0.05772494	0.05559647	0.05418181	0.05135697	0.04994235	0.04874757	0.04677227	0.0477756	0.0470034	0.04667255	0.04619102	0.04510324	0.04328961	0.04271913	0.04235127	0.04021408	0.04051979	0.03931905	0.03949036	0.03822152	0.03779201	0.03824846	0.03856248	0.03765612	0.0394717	0.03970722	0.0414362	0.04223674	0.04353079	0.04695112	0.05681584	0.07465617	0.09893981	0.1296633	0.1657384	0.2043456	0.2429944	0.2826087	0.3243265	0.361941	0.4005834	0.4323291	0.4596431	0.4862892	0.5052321	0.5201631	0.5321983	0.5422483	0.5501725	0.5557275	0.5584728	0.560993	0.5622544	0.5642198	0.564317	0.5647864	0.5655245	0.5669647	0.5651574	0.5663241	0.5669137	0.5666878	0.5663798	0.5705968
Lupine	2025-02-24 09:38:07	65.0	 +N+Fe	0.04853157	0.04847048	0.04745778	0.04771333	0.04760058	0.04724837	0.0461935	0.04569645	0.04513177	0.04573374	0.04517603	0.04509547	0.04451847	0.04391805	0.04346024	0.04333058	0.0439823	0.04315294	0.04438586	0.04505401	0.04511498	0.04642389	0.04850166	0.05250251	0.05760301	0.0639224	0.07139234	0.07706885	0.08116594	0.08666458	0.08933545	0.09171599	0.09219051	0.09385117	0.09447135	0.0951622	0.09445904	0.09236509	0.08926394	0.08589655	0.07996637	0.07452625	0.06859995	0.06455347	0.0621918	0.05930738	0.05694514	0.05576798	0.05342923	0.05187532	0.05118709	0.0515674	0.05059419	0.05009605	0.04794554	0.04721989	0.04593318	0.04407016	0.0438548	0.04319024	0.04255768	0.04224169	0.04294691	0.04276515	0.04071932	0.04033953	0.03960843	0.03949008	0.03897859	0.0384062	0.03871414	0.03790643	0.03749102	0.03794233	0.03779177	0.03837762	0.03914746	0.03963575	0.03970938	0.04166262	0.04169733	0.04220047	0.04472774	0.05072329	0.06264042	0.08187755	0.1076707	0.1386957	0.1738884	0.2108817	0.2520693	0.2930102	0.3340591	0.3744234	0.4109108	0.4439045	0.4734201	0.4966553	0.5146254	0.5304897	0.5412568	0.5517557	0.5575784	0.5622893	0.5659514	0.5671865	0.5690417	0.5697727	0.5709503	0.5715231	0.5728447	0.5711714	0.5722897	0.5734911	0.5731064	0.5747802	0.5755965
Lupine	2025-02-24 09:38:14	66.0	 +N+Fe	0.05425844	0.0535364	0.05311082	0.05360189	0.05233883	0.05239417	0.05301203	0.05264767	0.05297309	0.05149276	0.05093109	0.05072283	0.05062548	0.05127907	0.05113665	0.05037645	0.05108903	0.05006505	0.05095091	0.05153929	0.0529149	0.0540279	0.05598642	0.06011618	0.06446405	0.0715802	0.07855766	0.0849171	0.08904277	0.09441117	0.09711252	0.09948948	0.1002638	0.1011742	0.1027623	0.1038518	0.1030345	0.1012556	0.09735072	0.09390478	0.08860886	0.08257929	0.07748823	0.07308661	0.07072978	0.06783132	0.06598012	0.06364906	0.0616378	0.0606852	0.06056713	0.06015049	0.05944451	0.05781643	0.05685085	0.05584806	0.05389197	0.05280745	0.05219577	0.05075898	0.05064093	0.0509417	0.0507106	0.0494572	0.04904622	0.04806053	0.04798879	0.0468272	0.04645512	0.04592696	0.04562738	0.04563126	0.04559334	0.04530832	0.04531625	0.0459626	0.04604486	0.04714529	0.04827829	0.05000809	0.05005904	0.05117111	0.05247572	0.05889888	0.07136004	0.0916777	0.1157471	0.1462348	0.1797296	0.2159078	0.2553675	0.2966049	0.3362587	0.3748346	0.4124248	0.4447646	0.4737683	0.49629	0.5148986	0.5300037	0.5415072	0.5502947	0.5568494	0.5611958	0.5642844	0.5668385	0.5680442	0.5694697	0.5689395	0.5704827	0.5717476	0.5701943	0.5718937	0.5720107	0.5724721	0.5714101	0.5728751
Lupine	2025-02-24 09:38:22	67.0	 +N+Fe	0.05	0.04704932	0.0460718	0.04643948	0.04694195	0.0470509	0.0457438	0.04510606	0.04403981	0.04464406	0.04463143	0.04331584	0.04390457	0.04369171	0.04301596	0.04388359	0.04258683	0.04274074	0.04276022	0.04409407	0.04518822	0.04689691	0.0498234	0.05343437	0.05937652	0.06561974	0.07315663	0.07957836	0.08394227	0.08976877	0.09316837	0.09478416	0.09620202	0.09780393	0.09836556	0.09962338	0.09834433	0.09686043	0.09318764	0.08920995	0.08330456	0.07782537	0.07241891	0.06772529	0.06485753	0.06147567	0.05928521	0.05721619	0.05531607	0.05484439	0.0539863	0.05326147	0.05265839	0.05191208	0.05005976	0.04875666	0.0471989	0.04600345	0.04503827	0.04396787	0.0434022	0.04364354	0.04361864	0.04326827	0.0422356	0.0410349	0.04057274	0.03949008	0.03936998	0.03905608	0.03845489	0.03776351	0.037422	0.0372809	0.03748558	0.03758722	0.03830858	0.03863463	0.03894645	0.04004529	0.04051736	0.04160467	0.04481802	0.05104127	0.06541963	0.08568506	0.1133554	0.1455501	0.1808332	0.218827	0.2597047	0.2999918	0.3419367	0.3817216	0.4175625	0.4504408	0.4780752	0.5006855	0.5190896	0.5344077	0.5456702	0.5550999	0.5605353	0.5647106	0.5694436	0.5718743	0.572678	0.5740675	0.5736051	0.575234	0.5751805	0.5746478	0.5751245	0.577197	0.5775206	0.5778736	0.5783178
Lupine	2025-02-24 09:38:29	68.0	 +N+Fe	0.04464023	0.0442051	0.04441178	0.04506905	0.04391468	0.04319359	0.04301331	0.04272952	0.04168465	0.04093783	0.04229247	0.04150642	0.04128486	0.04138326	0.04089525	0.04096028	0.04079257	0.04143037	0.04207075	0.04203547	0.04236854	0.04485283	0.04671861	0.050958	0.05700924	0.06327821	0.07117399	0.07885379	0.08225506	0.08744728	0.09121363	0.09397256	0.09446885	0.09598874	0.0970705	0.09808612	0.09692293	0.09558013	0.09168922	0.08750712	0.08151898	0.07592505	0.06953392	0.06517423	0.06258408	0.05949798	0.05691398	0.05498855	0.05351529	0.05216918	0.05174859	0.05075796	0.04972695	0.04886213	0.04790426	0.04642296	0.04471649	0.04256631	0.04261903	0.04164909	0.04080832	0.04109855	0.0404666	0.04057309	0.03934505	0.0385862	0.037496	0.0368272	0.0362996	0.03598157	0.03609287	0.03460633	0.03478705	0.0344247	0.0346604	0.03578103	0.0351395	0.03631685	0.0363991	0.03681061	0.03778911	0.03855694	0.04091166	0.04780222	0.06109072	0.0815197	0.1080167	0.1407816	0.1757827	0.2147679	0.2548114	0.2945601	0.3358228	0.37622	0.4123134	0.4449366	0.4725252	0.4967914	0.513669	0.52909	0.5399659	0.5501514	0.5549603	0.5600116	0.5645553	0.5664269	0.5682588	0.5693895	0.5700591	0.5700609	0.5723855	0.5712866	0.572399	0.5720504	0.5727961	0.5736098	0.5736346
Lupine	2025-02-24 09:38:39	69.0	 +N+Fe	0.04970631	0.04880746	0.05009154	0.0481971	0.0489496	0.04804023	0.04760274	0.0469822	0.04635251	0.04572307	0.04573514	0.04638525	0.04581069	0.04524476	0.04657949	0.04646876	0.04525966	0.04629019	0.04637684	0.0476758	0.04885015	0.05319821	0.05720334	0.06379311	0.07129215	0.08182036	0.09177377	0.1016677	0.1066623	0.1132953	0.1187782	0.1214181	0.1233882	0.1250227	0.1266319	0.1275532	0.1265691	0.1240881	0.1200055	0.1148308	0.1081159	0.1003821	0.09233729	0.08628242	0.08224189	0.0782223	0.07440216	0.07093789	0.069282	0.06748008	0.06695178	0.06599032	0.06466739	0.06267553	0.06063721	0.0582867	0.05543927	0.05270131	0.05162803	0.05021157	0.04913286	0.04984251	0.0491911	0.04810908	0.04704189	0.045284	0.04429384	0.04359773	0.04179257	0.04059525	0.04055767	0.03962708	0.03898111	0.03767175	0.03751945	0.03871601	0.03899211	0.039646	0.04086166	0.04201844	0.04316517	0.04423942	0.04898941	0.05996673	0.07910771	0.1059034	0.1373894	0.1741783	0.2127035	0.2527219	0.2916807	0.3325471	0.3712201	0.4083625	0.4414467	0.4703075	0.4961502	0.514463	0.5307346	0.5432472	0.5525747	0.5602892	0.5661537	0.5693098	0.5720098	0.5720072	0.5750381	0.5751631	0.5753072	0.5766076	0.5784785	0.5759169	0.5768854	0.5761906	0.5778172	0.5778857	0.5790773
Lupine	2025-02-24 09:39:26	70.0	 +N+Fe	0.04273128	0.0447977	0.0437838	0.04242945	0.0419684	0.0419415	0.04171474	0.04247875	0.04227357	0.04075826	0.04074369	0.04049491	0.0401931	0.040274	0.0402769	0.03991426	0.04046844	0.03988096	0.04085742	0.0420816	0.04452908	0.04630247	0.05041098	0.0560106	0.0638636	0.07237896	0.08286273	0.09105902	0.09617924	0.1022428	0.1059285	0.108252	0.1096506	0.1112627	0.1132883	0.1128563	0.1121207	0.110189	0.1062894	0.1001033	0.09396849	0.08682405	0.08042554	0.07440588	0.07059954	0.06683958	0.06330701	0.06107715	0.05867092	0.05684345	0.05548837	0.05508847	0.05352978	0.05274461	0.05084023	0.04878371	0.046511	0.04448751	0.04330419	0.04285423	0.04204494	0.04172969	0.04104388	0.04001936	0.03874212	0.03759727	0.03621859	0.03521246	0.03392186	0.03316104	0.03352921	0.03302218	0.03189535	0.03192929	0.03182087	0.03294793	0.03215684	0.03487298	0.03560215	0.03739285	0.03873875	0.03998132	0.04281862	0.0539578	0.07224577	0.0987266	0.1296514	0.1658012	0.2036616	0.2421931	0.2813371	0.3214776	0.3595866	0.394759	0.4258746	0.4540959	0.4787798	0.4976117	0.5124787	0.5240409	0.5329818	0.5407281	0.5445384	0.5481335	0.5501958	0.5519418	0.5526602	0.5528511	0.552683	0.5529482	0.5556674	0.5522953	0.554591	0.5537073	0.5533128	0.5542546	0.5546484
Lupine	2025-02-24 09:39:39	71.0	 +N+Fe	0.07048458	0.070709	0.07115774	0.07228625	0.07088714	0.06961267	0.06977153	0.07050013	0.06929608	0.0687512	0.06981007	0.06972141	0.06909131	0.06838079	0.06857408	0.0692117	0.06948573	0.06901497	0.07060958	0.0718965	0.07448367	0.07757041	0.08245899	0.08853809	0.09675637	0.1043057	0.1131163	0.120897	0.1258826	0.1315442	0.1341781	0.1367855	0.1380347	0.139519	0.140321	0.1418324	0.1409804	0.1396868	0.1363849	0.1322237	0.1263347	0.120913	0.1147549	0.1095713	0.1063244	0.1025055	0.09945674	0.0973242	0.09538525	0.0941807	0.09306238	0.0919936	0.09180349	0.08964136	0.08775844	0.08506566	0.08287911	0.08055674	0.07939633	0.0777363	0.07706228	0.07662324	0.07625647	0.07612143	0.07482998	0.07316299	0.07159307	0.06991501	0.06872472	0.06712255	0.06674156	0.06602462	0.06421534	0.06265596	0.06264663	0.06210823	0.06291555	0.06282891	0.06374241	0.06462882	0.06561757	0.067716	0.07305817	0.08410295	0.1015196	0.1233697	0.1483613	0.174747	0.202125	0.2275962	0.2526736	0.2766701	0.3008314	0.3228933	0.3408927	0.3568265	0.3714624	0.3807801	0.3898485	0.39594	0.4015975	0.4053758	0.4081693	0.4105286	0.4119933	0.4118942	0.4134744	0.4140214	0.4141057	0.4154119	0.4161455	0.4146884	0.4158891	0.4157696	0.4165245	0.4174968	0.4185178
Lupine	2025-02-24 09:39:49	72.0	 +N+Fe	0.0469163	0.04574884	0.0456879	0.04619213	0.04451978	0.04520364	0.04325282	0.04247967	0.04276614	0.0423267	0.04145859	0.04127017	0.04140323	0.04212843	0.04176543	0.04136054	0.04143497	0.04272823	0.04403443	0.04470038	0.04771496	0.05143465	0.05633361	0.06343732	0.0734445	0.08343072	0.0949057	0.1040839	0.1104394	0.1171737	0.1222126	0.1242408	0.1262993	0.1283534	0.1290778	0.1300734	0.1299907	0.1266119	0.1230235	0.1174051	0.1102869	0.1020663	0.0945272	0.08821151	0.084288	0.07906587	0.07486005	0.07236579	0.06900712	0.06784971	0.06566944	0.06422821	0.06356445	0.06226327	0.05951055	0.05739184	0.05528395	0.05259846	0.05048746	0.04944934	0.04862012	0.04832276	0.04776579	0.04674113	0.0447869	0.04210857	0.03972077	0.0392068	0.03701651	0.03628053	0.03603526	0.03539552	0.03483661	0.03475542	0.0340005	0.03483646	0.03523271	0.03614255	0.03738619	0.03852499	0.04113598	0.04365386	0.04975991	0.06419456	0.08737179	0.1179372	0.1553514	0.1948117	0.2354251	0.2743476	0.3153191	0.3531611	0.390737	0.4239247	0.4538621	0.4786928	0.5001947	0.5170727	0.5294762	0.5405201	0.5482004	0.5554279	0.5580139	0.5610658	0.5627655	0.5647117	0.5657428	0.5657284	0.5654311	0.5647019	0.5667022	0.5648169	0.5656556	0.5658983	0.5657718	0.5665663	0.5673059
Lupine	2025-02-24 09:39:57	73.0	 +N+Fe	0.05528634	0.0562549	0.05722682	0.05575297	0.05476139	0.05540017	0.05359902	0.05309468	0.05304746	0.05204611	0.05178227	0.05239842	0.05216053	0.05224517	0.05126467	0.05172006	0.05170759	0.05187431	0.05185875	0.05255219	0.05247547	0.05559488	0.05718888	0.06194844	0.06810545	0.07430695	0.08226375	0.0890242	0.0938115	0.0984103	0.1015104	0.1036635	0.1047738	0.1058183	0.1070599	0.107304	0.1073856	0.1046833	0.1011058	0.09671418	0.09188223	0.08554603	0.07959293	0.07515221	0.07290471	0.06886286	0.06675507	0.06508704	0.06261437	0.06198594	0.06158557	0.06072415	0.05958482	0.05790391	0.05682668	0.05436413	0.05382504	0.0529441	0.05113359	0.04990943	0.05067109	0.04985875	0.04972238	0.04922728	0.04815341	0.04727992	0.04642328	0.04549575	0.0445689	0.04427716	0.04395668	0.04377216	0.04268184	0.04302336	0.04297317	0.04263685	0.04324862	0.04436979	0.04531863	0.04674106	0.04730373	0.04854705	0.05139883	0.05691785	0.07090588	0.08957049	0.1169043	0.1466848	0.1819378	0.2178735	0.2569197	0.2968695	0.3384127	0.3760364	0.4127176	0.4445496	0.4738754	0.4959178	0.5142123	0.5299114	0.5409212	0.5495862	0.5559532	0.5608996	0.5645744	0.5656854	0.5680989	0.5686953	0.5693916	0.5696899	0.571678	0.5699982	0.5717111	0.5714145	0.5726558	0.572803	0.5738877
Lupine	2025-02-24 09:40:12	74.0	 +N+Fe	0.05022026	0.050784	0.05007022	0.04975054	0.04883745	0.0491569	0.04771585	0.04823367	0.04644311	0.04683844	0.04692438	0.04587073	0.0457286	0.04582631	0.04454024	0.04532334	0.04595755	0.04509513	0.04669415	0.04780447	0.04998535	0.05368589	0.05791738	0.06564685	0.07478962	0.08399082	0.09670114	0.1062411	0.1119676	0.1195933	0.1253161	0.1275672	0.1306032	0.1312741	0.1338492	0.1349102	0.1339822	0.1312483	0.1267378	0.1216121	0.1144817	0.1061767	0.09801717	0.09081412	0.08717406	0.08238529	0.07889194	0.07578535	0.07354813	0.07183225	0.07042579	0.06970881	0.06816427	0.06613146	0.06391006	0.06070868	0.05824995	0.05538099	0.05436202	0.05263993	0.05305384	0.05117666	0.05087285	0.05069518	0.04915426	0.04825385	0.04654814	0.04543909	0.04326109	0.042621	0.04156585	0.04059249	0.03979068	0.03941553	0.03842402	0.03888041	0.03952029	0.03985982	0.04151968	0.04298884	0.04343134	0.04599028	0.05019207	0.06304333	0.08444871	0.1131521	0.1490998	0.1847591	0.2242104	0.2635211	0.3019676	0.3406979	0.3781624	0.4128577	0.4421826	0.4697484	0.4931255	0.5103351	0.5231175	0.535216	0.5430822	0.5507755	0.5552018	0.5583826	0.5608435	0.5625615	0.5625451	0.5630669	0.5623334	0.5644151	0.5651043	0.5642521	0.5650815	0.5655237	0.565911	0.5663342	0.5677489
Lupine	2025-02-24 09:40:22	75.0	 +N+Fe	0.05682819	0.05372507	0.05425999	0.05303252	0.05310158	0.05250414	0.05149451	0.05064599	0.05096364	0.05123626	0.04975325	0.05074324	0.04953606	0.04949911	0.05010067	0.0498119	0.04918475	0.04965025	0.04993889	0.05184638	0.0540501	0.05696403	0.06216419	0.06880698	0.07699044	0.08695352	0.09699755	0.1061918	0.1117872	0.1185634	0.1219198	0.125364	0.1271281	0.128457	0.1300899	0.1302547	0.1301955	0.1274095	0.1230464	0.1182514	0.1103934	0.1031529	0.09523642	0.08890007	0.08579816	0.08081351	0.07741448	0.07473522	0.07231933	0.07060566	0.06919318	0.06791267	0.06779245	0.06536068	0.06388936	0.06100985	0.05775758	0.05584977	0.05328459	0.05327411	0.05232997	0.05116479	0.05130543	0.04972467	0.04932951	0.04780414	0.04566664	0.04524079	0.04311435	0.04219747	0.04208434	0.04063797	0.0401556	0.0386639	0.03859405	0.03898302	0.03908532	0.03981746	0.0408812	0.04133916	0.04233668	0.04480937	0.04919689	0.06097847	0.08121629	0.1090735	0.1418558	0.1780107	0.2152808	0.2539011	0.2913246	0.3297672	0.3666707	0.4008899	0.4320156	0.4590841	0.4811122	0.4991765	0.5127375	0.5246753	0.5327428	0.5398462	0.5437691	0.5470811	0.5508463	0.5523122	0.5535365	0.5532679	0.5539057	0.5539495	0.5554517	0.5539278	0.5555359	0.5569026	0.5571772	0.5577438	0.5586988
Lupine	2025-02-24 09:40:29	76.0	 +N+Fe	0.04875184	0.04542524	0.04572983	0.04454442	0.04376468	0.04507139	0.04461701	0.04367651	0.04371841	0.04306694	0.04253747	0.04208909	0.04299799	0.04349277	0.04248667	0.04240329	0.04260638	0.04307046	0.0430085	0.04351031	0.04507837	0.04669377	0.04899507	0.0526184	0.05817865	0.0648979	0.07197275	0.07947776	0.08354666	0.0889648	0.09264411	0.09472939	0.09596727	0.09722365	0.09805397	0.09917811	0.09807874	0.09589101	0.09250163	0.08870055	0.08282625	0.07728802	0.07175604	0.06650192	0.06433844	0.06161805	0.05848908	0.05668935	0.05574703	0.05447644	0.05380943	0.05309927	0.05267662	0.05089657	0.04986227	0.04850709	0.04640971	0.04665826	0.04486941	0.0441423	0.04364349	0.04267224	0.04296701	0.04220279	0.04199332	0.04100303	0.04028452	0.04008499	0.03875305	0.03773061	0.03767715	0.03783559	0.03759951	0.03655933	0.03732557	0.03727908	0.03790468	0.03816867	0.03897284	0.04010998	0.04131246	0.04209656	0.04510381	0.05177316	0.0654715	0.08528871	0.1120474	0.143522	0.1789697	0.2165441	0.2560964	0.2970129	0.3380564	0.3783385	0.4145724	0.4475597	0.4758864	0.4981917	0.5179719	0.5319031	0.5433355	0.5521897	0.558962	0.5630133	0.5664143	0.5694046	0.5708231	0.5734017	0.5734875	0.5740633	0.5751984	0.5739588	0.5766983	0.5756292	0.5752106	0.5773752	0.5769888
Lupine	2025-02-24 09:40:43	77.0	 +N+Fe	0.04478708	0.04376205	0.04618121	0.04370251	0.04326135	0.04393253	0.0423861	0.04222901	0.0423632	0.04311992	0.041908	0.04016727	0.04128046	0.0409964	0.04081345	0.04046739	0.04081489	0.04199492	0.04194372	0.04221864	0.04291783	0.04514864	0.04865955	0.05384979	0.05991591	0.06786113	0.07580267	0.08346512	0.08815892	0.09440352	0.09735111	0.1001503	0.1020759	0.1031921	0.1050678	0.1055605	0.1050312	0.1024111	0.09913461	0.09348104	0.08836272	0.08226365	0.07566819	0.07052994	0.06801649	0.06372497	0.06065497	0.05897262	0.05700478	0.05569066	0.0553313	0.05433955	0.05423284	0.05271316	0.05131384	0.04914161	0.04704214	0.0455064	0.04510636	0.04322682	0.04264817	0.04289699	0.0422836	0.04233718	0.04140518	0.04041864	0.03911264	0.0388102	0.03774959	0.03758669	0.03678419	0.0369535	0.03617862	0.03550705	0.03672684	0.03628342	0.03728329	0.03776409	0.03857918	0.03910723	0.04084179	0.04211351	0.04452859	0.05208875	0.06769611	0.08917939	0.1177621	0.1504746	0.1854819	0.2232867	0.2616644	0.3016688	0.3412405	0.376779	0.4109698	0.4409804	0.4678536	0.4881195	0.5045578	0.5178518	0.5272868	0.535593	0.5401603	0.5440745	0.54736	0.5496591	0.5510734	0.5512024	0.551709	0.5515749	0.5544959	0.5528696	0.5532835	0.5542618	0.5541655	0.5561359	0.5552813
Lupine	2025-02-24 09:40:50	78.0	 +N+Fe	0.0469163	0.04753984	0.04496176	0.04732461	0.04477154	0.04521853	0.04614026	0.04440931	0.0435062	0.04354967	0.04420473	0.04314895	0.04321336	0.04208734	0.04315647	0.04230903	0.04310808	0.04237778	0.04363839	0.04513335	0.04632342	0.04950105	0.05372702	0.0596524	0.06817201	0.07744103	0.08772128	0.09766016	0.1032409	0.1099027	0.1142202	0.1171254	0.1191405	0.1214335	0.12306	0.1233771	0.1223356	0.120057	0.1152947	0.1107627	0.1037462	0.09595443	0.08874374	0.08178512	0.07860539	0.07463286	0.07014483	0.06768846	0.06583751	0.06426826	0.06336815	0.06226313	0.0609572	0.06017908	0.05758313	0.05506652	0.05269611	0.05037301	0.0489574	0.04810274	0.04687076	0.04693611	0.04652802	0.04633872	0.04475537	0.04393401	0.04195236	0.0409915	0.03999765	0.03932555	0.03859892	0.03761281	0.03702724	0.03664953	0.03660658	0.03684783	0.03681725	0.03747851	0.03779201	0.0394307	0.04012664	0.04257777	0.04680159	0.0566796	0.07494195	0.1020616	0.1342279	0.1711481	0.2099725	0.2511166	0.2919176	0.3325157	0.3727952	0.4099639	0.4427821	0.4705655	0.4971989	0.516243	0.5331575	0.5452749	0.5538915	0.562768	0.567639	0.5714324	0.5744852	0.5748159	0.5779932	0.5786507	0.5779433	0.5787316	0.5804248	0.5790341	0.5802943	0.5815965	0.5808962	0.5807218	0.5807227
Lupine	2025-02-24 09:22:05	26.0	 +N+Fe-P	0.05030196	0.0493556	0.04998119	0.04898559	0.04995206	0.04797187	0.04689781	0.04772132	0.04756649	0.04671662	0.04607528	0.04512625	0.04527339	0.04557835	0.04564105	0.04515104	0.04455254	0.04559617	0.04576815	0.04687984	0.0472163	0.04867269	0.05060925	0.05477573	0.05887011	0.06470318	0.07149667	0.07778239	0.08143034	0.08570977	0.08916932	0.09190728	0.09252048	0.09360959	0.09504947	0.09504047	0.0950958	0.09275421	0.08996136	0.0859627	0.08106148	0.07683376	0.07155017	0.0671909	0.06556385	0.06276968	0.06121119	0.05877431	0.05723643	0.0563109	0.05489869	0.05433427	0.05390946	0.05327443	0.05142409	0.05093003	0.04903016	0.04800744	0.0468607	0.04699725	0.04612293	0.04565404	0.04583144	0.04576602	0.0445341	0.04389914	0.04289977	0.04172498	0.04088147	0.04076666	0.04156977	0.04080472	0.03982875	0.04020131	0.04054621	0.04081909	0.04201786	0.04233104	0.04349524	0.04475273	0.0452803	0.046452	0.04872959	0.05509544	0.06692115	0.08481877	0.1089409	0.1388931	0.1719087	0.209185	0.2495724	0.2913457	0.3355747	0.3771846	0.4184129	0.454502	0.4852849	0.5133725	0.5366535	0.554527	0.5686049	0.578561	0.5863647	0.5929948	0.5964741	0.5994227	0.6002486	0.6008532	0.6029634	0.6037891	0.6034418	0.604704	0.604058	0.6049243	0.6061468	0.6053337	0.6087851
Lupine	2025-02-24 09:22:13	27.0	 +N+Fe-P	0.05000736	0.04990954	0.05065314	0.04958959	0.04837365	0.04856362	0.04746542	0.04702306	0.04725987	0.04581867	0.04614385	0.04517952	0.04582338	0.045546	0.04616482	0.04602916	0.04535892	0.04522899	0.04619625	0.04659533	0.04839303	0.04974648	0.05412726	0.06074605	0.06875214	0.07746399	0.08985212	0.100334	0.1063925	0.1148629	0.1207511	0.1247643	0.1284345	0.1316203	0.1331801	0.1353469	0.1352893	0.1333138	0.1294863	0.1239669	0.1171796	0.1093652	0.1011818	0.09473452	0.09095821	0.08583453	0.08182219	0.0793215	0.07654961	0.07445194	0.07340062	0.07232712	0.07085362	0.06920243	0.06715672	0.06350692	0.06086563	0.05845473	0.05639258	0.05461386	0.0541602	0.05330551	0.05361804	0.05241295	0.05128382	0.04940862	0.04737291	0.04586606	0.04384447	0.04270541	0.04218023	0.04077413	0.03963999	0.03886733	0.03846106	0.03793488	0.03822654	0.03774083	0.03824333	0.03988902	0.04056472	0.04341618	0.05067222	0.06359171	0.08555891	0.1140147	0.1494645	0.1873041	0.2266348	0.2657827	0.3062706	0.3446067	0.3826385	0.4172776	0.4497967	0.4767619	0.4991987	0.5180608	0.5332447	0.5444715	0.5537115	0.5617253	0.5648246	0.5688471	0.5703628	0.5729797	0.5737903	0.5740606	0.575659	0.575902	0.5769408	0.5770076	0.5758804	0.5778597	0.5783451	0.577178	0.578751
Lupine	2025-02-24 09:22:21	28.0	 +N+Fe-P	0.0505229	0.05012778	0.04995644	0.04897951	0.05039965	0.04933413	0.04906592	0.04940467	0.04842301	0.04731808	0.04787277	0.04731324	0.04824649	0.04710391	0.04601336	0.04622005	0.04635755	0.04691277	0.0473527	0.04857349	0.05037876	0.0515928	0.05515557	0.05926561	0.06498103	0.0727673	0.08066532	0.08784742	0.09225432	0.09832951	0.1012734	0.1043045	0.1042729	0.1067559	0.1080494	0.1081407	0.1075896	0.1053782	0.1022224	0.09766109	0.09223363	0.0855677	0.07994452	0.07464699	0.0715132	0.06888275	0.06645954	0.06387638	0.06190659	0.06026088	0.05968476	0.05807295	0.05763385	0.05670686	0.05502532	0.05314374	0.05118253	0.05023762	0.04923635	0.04753611	0.0476147	0.04703407	0.04693967	0.04576443	0.04530142	0.04388705	0.04205548	0.04195345	0.04042085	0.0398693	0.03997093	0.03994865	0.03824473	0.03862479	0.03859324	0.03890664	0.0389472	0.04004523	0.04156034	0.04299004	0.04362918	0.04442952	0.04774679	0.05561419	0.0695108	0.09140429	0.1178039	0.1481583	0.1817713	0.2175894	0.2557406	0.2945315	0.3336668	0.3712698	0.4070243	0.4372853	0.4639975	0.4860687	0.5045645	0.5180219	0.5287121	0.5387574	0.5439987	0.5475058	0.5508869	0.5529187	0.552979	0.5545258	0.5543305	0.554654	0.5559891	0.5556602	0.5570075	0.5564768	0.5564077	0.5570118	0.5588784
Lupine	2025-02-24 09:22:29	29.0	 +N+Fe-P	0.04919723	0.04911254	0.04615495	0.0463165	0.04650818	0.04657572	0.04594654	0.04419376	0.04506534	0.04476708	0.04469926	0.04445586	0.04344515	0.04314472	0.04373474	0.04356765	0.04336223	0.04370214	0.04509173	0.04643117	0.0480253	0.05168567	0.05757969	0.06454011	0.07313777	0.0846829	0.09575766	0.1058607	0.1122337	0.119421	0.1247246	0.1281587	0.130949	0.1329052	0.1346996	0.1355538	0.1347382	0.1322836	0.1274534	0.1218062	0.1140214	0.1059953	0.09776879	0.09119079	0.08719108	0.08301915	0.07837064	0.07514462	0.07303278	0.07129234	0.06927469	0.06838454	0.06771722	0.065528	0.06303553	0.05997636	0.05716354	0.054339	0.05274883	0.05115625	0.05011112	0.05030298	0.04985909	0.04885288	0.04726613	0.0460156	0.04410215	0.04235328	0.04073862	0.03990801	0.03863372	0.0382682	0.03639112	0.03562333	0.03580152	0.0361978	0.03606455	0.03686221	0.03731815	0.03855068	0.04004361	0.04265378	0.04786687	0.06070754	0.08130834	0.110128	0.1458305	0.1848333	0.2251387	0.2658686	0.3075819	0.348403	0.388412	0.4241895	0.4585704	0.4873701	0.5103724	0.5296525	0.5449646	0.5570807	0.5674904	0.5745773	0.5797696	0.5818888	0.5846598	0.5868458	0.5866514	0.5881082	0.5887714	0.5894391	0.5889962	0.5897691	0.5899632	0.5900513	0.5898233	0.591349	0.5937359
Lupine	2025-02-24 09:22:39	30.0	 +N+Fe-P	0.04801885	0.04651305	0.04733054	0.04580279	0.04607397	0.04536821	0.04554127	0.04313732	0.04396149	0.04439847	0.04306711	0.04331586	0.04294283	0.04286022	0.04226404	0.04203818	0.04217333	0.04240504	0.04321458	0.04495116	0.04670148	0.04899718	0.05257771	0.05820145	0.06490787	0.07416292	0.08287277	0.09159197	0.09626029	0.1029648	0.1062235	0.1091173	0.1110215	0.1117007	0.1132408	0.1142939	0.114244	0.1114466	0.1074626	0.1025482	0.09675624	0.08985549	0.08306693	0.07746752	0.07439746	0.07014661	0.06629413	0.06472891	0.06279332	0.06127638	0.06005387	0.05976482	0.05816671	0.05703591	0.05541892	0.05306924	0.0511008	0.04922796	0.04830719	0.04642487	0.04551405	0.04564916	0.04540606	0.04440155	0.0437266	0.04241565	0.04081649	0.0400971	0.03878058	0.03801985	0.03732558	0.03697496	0.03682972	0.03616905	0.03646778	0.03670422	0.03687921	0.03715715	0.03780207	0.03939938	0.03978862	0.04203308	0.04511145	0.05615026	0.07342435	0.0985858	0.1300581	0.1655034	0.2014447	0.2407448	0.279323	0.3182547	0.3566184	0.3922072	0.424759	0.4534151	0.4768988	0.495655	0.5117504	0.5214934	0.5318432	0.5395634	0.5442914	0.5474276	0.550592	0.5528506	0.5518295	0.5528124	0.5538698	0.5546565	0.5534213	0.5546346	0.5540066	0.5543129	0.55613	0.5548964	0.5575921
Lupine	2025-02-24 09:22:47	31.0	 +N+Fe-P	0.04927088	0.04897925	0.04869175	0.0474604	0.04764722	0.04766815	0.04577936	0.04657533	0.0453919	0.04577675	0.04603795	0.04586982	0.04518322	0.04494281	0.04462608	0.04526998	0.04452174	0.04523291	0.04758045	0.04941466	0.0522174	0.05666992	0.06354336	0.07167001	0.08214168	0.09397445	0.1060602	0.1176505	0.1233187	0.1301067	0.1358692	0.1390077	0.1413887	0.1427398	0.1447071	0.1458017	0.1453566	0.1422015	0.1369606	0.1323135	0.1243448	0.1155889	0.1067718	0.1000946	0.09494121	0.09043414	0.08588055	0.08228684	0.07994989	0.07747521	0.07633015	0.07533925	0.073884	0.07120371	0.06879718	0.06539745	0.0627331	0.05984241	0.05716827	0.05568394	0.05510397	0.05477183	0.05380337	0.05350802	0.05129457	0.04926964	0.04680888	0.04472369	0.04285498	0.04132455	0.04052326	0.03991675	0.03838458	0.0365935	0.03601692	0.03632156	0.03678521	0.0378318	0.03827746	0.03979109	0.04110183	0.04512489	0.05149152	0.06645352	0.09000186	0.1210832	0.1579046	0.1948129	0.232887	0.2710268	0.3108593	0.3471001	0.3823198	0.4138042	0.4434436	0.4683709	0.4877484	0.5050367	0.5180506	0.5280752	0.5358092	0.5410076	0.5442535	0.5485585	0.5494116	0.5517257	0.5525927	0.5517772	0.5519806	0.5529366	0.5534324	0.5523983	0.5538464	0.5521964	0.5538369	0.5535851	0.5558557
Lupine	2025-02-24 09:23:01	32.0	 +N+Fe-P	0.05273236	0.05260335	0.0536874	0.05176481	0.05162455	0.05099598	0.05111886	0.05021044	0.04998901	0.04927204	0.04965391	0.0485885	0.0497959	0.04932607	0.04834167	0.04969502	0.04958694	0.0503272	0.05090089	0.05249741	0.05365154	0.05852923	0.06330423	0.07101888	0.0796627	0.08995148	0.1003293	0.1094485	0.1150233	0.1216728	0.1257135	0.1290466	0.1307571	0.1320441	0.1340421	0.1349352	0.134252	0.1319668	0.1277821	0.1230722	0.115715	0.1076175	0.1009979	0.09374186	0.09038872	0.08602964	0.08277796	0.07912234	0.07720825	0.07513597	0.0734605	0.07214103	0.07100061	0.07010221	0.06779443	0.06488671	0.06336524	0.06119625	0.05893251	0.05764246	0.05714373	0.05626933	0.05586613	0.05508281	0.05331926	0.05144202	0.04997899	0.04843638	0.04674839	0.04559714	0.04587209	0.04443031	0.04434331	0.0432634	0.04291952	0.04355903	0.04439919	0.04580211	0.04701094	0.04844133	0.05068716	0.05247552	0.05860553	0.07066779	0.09101375	0.1186159	0.1506324	0.1869933	0.2241009	0.2623635	0.2990204	0.3357068	0.3721374	0.4033411	0.4335203	0.4571975	0.4782196	0.4961795	0.5107395	0.5188012	0.5277227	0.5332615	0.5382146	0.5391002	0.5406246	0.5416644	0.5417431	0.542948	0.5437738	0.5441032	0.5433685	0.5437056	0.5438603	0.5428088	0.5437623	0.5449177	0.5471091
Lupine	2025-02-24 09:23:10	33.0	 +N+Fe-P	0.04941818	0.05022393	0.04880065	0.04970652	0.04932505	0.04794292	0.04771228	0.04709461	0.04750486	0.04594076	0.04592792	0.04618428	0.046239	0.04543575	0.04556237	0.04563245	0.04604295	0.04647752	0.04816539	0.04993875	0.05236449	0.05676859	0.06313598	0.07151533	0.08176676	0.09248139	0.1046672	0.1152911	0.12134	0.1293369	0.1348436	0.1383578	0.1409534	0.1437222	0.1459078	0.1464016	0.1465944	0.1430159	0.1392847	0.1336452	0.1267453	0.11837	0.1103937	0.1027215	0.09804307	0.09300665	0.0888897	0.08631958	0.08298878	0.08178166	0.07956467	0.07890848	0.07774548	0.07579207	0.07319334	0.0692218	0.06677529	0.06373107	0.06045397	0.05935742	0.05893993	0.05725043	0.05756405	0.05733672	0.05501914	0.05322765	0.05089992	0.04892189	0.04657978	0.04544435	0.04438953	0.04320131	0.04158352	0.04047417	0.03987081	0.03922714	0.03919787	0.04021889	0.04059398	0.04086829	0.04317326	0.04598615	0.05305484	0.06712539	0.09017592	0.1205065	0.1557355	0.1933016	0.2313232	0.2699485	0.3072147	0.3444079	0.3800941	0.411528	0.4408621	0.4651102	0.4859837	0.5025192	0.5173467	0.5262985	0.5345579	0.5396508	0.5445005	0.5478623	0.5492531	0.5515025	0.5518973	0.5535529	0.5527406	0.5541011	0.554127	0.5549895	0.5544634	0.553972	0.5552609	0.5549325	0.5574635
Lupine	2025-02-24 09:23:17	34.0	 +N+Fe-P	0.04882899	0.04788717	0.04882293	0.0475381	0.04708177	0.04602036	0.0453957	0.04517863	0.04671068	0.0461317	0.04499705	0.04487145	0.04465236	0.04376282	0.04385729	0.04479003	0.0447037	0.04530268	0.04623552	0.04819813	0.05137163	0.05571359	0.06185909	0.07027356	0.08035675	0.09290397	0.1050099	0.1160078	0.1220232	0.1294845	0.1345441	0.1377455	0.1405859	0.1420885	0.1436638	0.1445842	0.1438968	0.1412371	0.1363397	0.130167	0.1235007	0.1141999	0.1058312	0.09874522	0.09472524	0.08880954	0.08447325	0.08195327	0.07880592	0.07773582	0.07564723	0.07448246	0.07295114	0.07084205	0.06749733	0.06538853	0.06094264	0.05867066	0.05605531	0.05464103	0.05406886	0.05377562	0.05331874	0.0520222	0.05081698	0.04873032	0.04517634	0.0430387	0.0417872	0.04104963	0.03886628	0.03847146	0.03727864	0.03619937	0.03572973	0.03519446	0.03600188	0.03682155	0.03793259	0.03874653	0.041106	0.04351227	0.05018421	0.06603538	0.08940593	0.1192298	0.1557499	0.1940888	0.2317239	0.2696607	0.3083737	0.3448059	0.3800234	0.4116233	0.4417718	0.4658058	0.4852945	0.501904	0.5155529	0.5250489	0.5319074	0.5381294	0.5428	0.5445895	0.5474601	0.5474467	0.5493096	0.5480349	0.549259	0.5493449	0.5497711	0.5500646	0.5498789	0.5505245	0.549559	0.5497205	0.5543122
Lupine	2025-02-24 09:23:27	35.0	 +N+Fe-P	0.04654588	0.04766415	0.0480755	0.04759063	0.04560514	0.04595582	0.04751058	0.04433701	0.04541426	0.04431003	0.04317984	0.04417822	0.04340303	0.0439533	0.04447279	0.04453066	0.04460523	0.04360764	0.04481231	0.04628175	0.04710598	0.04999966	0.05456972	0.05934012	0.06646709	0.07498099	0.08403879	0.09280525	0.09736734	0.103481	0.1070089	0.1102165	0.1116248	0.1142218	0.1153254	0.1157161	0.1154008	0.1131081	0.1097768	0.1054066	0.09830026	0.09189082	0.08442949	0.07977677	0.07641681	0.07295154	0.06916033	0.0672206	0.06548311	0.06409763	0.06219367	0.06182025	0.06140769	0.05929858	0.05822891	0.05618323	0.05419269	0.05252677	0.05101637	0.05014333	0.04965446	0.04903479	0.04851357	0.04776781	0.04690114	0.04534639	0.04356328	0.04329573	0.04216333	0.04153805	0.04078488	0.04029879	0.0401188	0.03907955	0.03919766	0.03965115	0.0396052	0.04058413	0.04185672	0.04243512	0.04332796	0.04591358	0.04946983	0.05857335	0.0759328	0.09870017	0.12994	0.1635657	0.1992193	0.237575	0.276183	0.3142503	0.3524375	0.3880606	0.4201717	0.4482414	0.472986	0.4918634	0.5092477	0.5203165	0.5305235	0.5377018	0.5433525	0.5460278	0.5490004	0.5508107	0.5517455	0.552459	0.5527639	0.5536016	0.5550728	0.5555194	0.555852	0.554798	0.5551933	0.5568868	0.5568847
Lupine	2025-02-24 09:23:36	36.0	 +N+Fe-P	0.05295331	0.05347261	0.05318994	0.05114214	0.05236418	0.05173091	0.05044207	0.04954789	0.05116298	0.0507251	0.05014608	0.04939834	0.04922537	0.04894268	0.05043675	0.04806663	0.04853924	0.04908258	0.04942918	0.05119065	0.05199676	0.055231	0.05852688	0.06501004	0.07124486	0.08076666	0.09050585	0.09884403	0.1040748	0.1096057	0.1147247	0.1174338	0.1197642	0.1215766	0.1228281	0.1237682	0.1231783	0.1215925	0.1172976	0.1125807	0.1063449	0.09945039	0.09180233	0.08732012	0.08338254	0.07989568	0.07666109	0.07350698	0.07181335	0.06950061	0.0692134	0.06767957	0.06696528	0.06561563	0.06346683	0.06135354	0.05925654	0.05693374	0.05568419	0.05528354	0.05452553	0.05398106	0.05325994	0.05280818	0.05166465	0.05025763	0.04860846	0.04766529	0.04654361	0.04635871	0.04540698	0.0443815	0.04362544	0.04283895	0.04265386	0.04286634	0.04370985	0.04365276	0.04523607	0.04543822	0.04724796	0.04848026	0.05297433	0.06250608	0.08024756	0.1047028	0.1348104	0.167535	0.2014635	0.2399489	0.2768865	0.3147572	0.3520609	0.3861957	0.4182465	0.4468936	0.4702313	0.4888261	0.506409	0.517856	0.5257968	0.5354476	0.5398941	0.5437489	0.546062	0.5484377	0.5490955	0.5490701	0.5501917	0.5513487	0.5502994	0.5511732	0.5503834	0.5510857	0.5518326	0.5537474	0.5527044
Lupine	2025-02-24 09:23:46	37.0	 +N+Fe-P	0.04831345	0.0486303	0.04729589	0.04652762	0.04824476	0.04736857	0.04634103	0.04655742	0.04644028	0.04607651	0.04513652	0.04412691	0.04484591	0.04487811	0.04440416	0.0446057	0.04412284	0.04524457	0.04436656	0.04532059	0.04736339	0.05001569	0.05331465	0.05853486	0.06486587	0.07248216	0.0810041	0.0892893	0.09385035	0.0990138	0.1024475	0.1057094	0.1069853	0.1084546	0.1099984	0.1104479	0.1104024	0.1082057	0.1046554	0.1003661	0.09397802	0.08741988	0.08158291	0.07605215	0.07361827	0.0700699	0.06742748	0.06435991	0.06288106	0.06210231	0.06057247	0.05915084	0.05829392	0.05735081	0.05567428	0.05357866	0.05138597	0.05127695	0.04839462	0.04840739	0.04691448	0.04678964	0.04646897	0.04578729	0.04444979	0.04400036	0.04172712	0.04195345	0.04039966	0.03960716	0.0390407	0.03909237	0.03810494	0.0374424	0.03861445	0.03763438	0.03879054	0.0392431	0.04008246	0.04109678	0.04290645	0.04425588	0.04821751	0.05740672	0.07283844	0.09598824	0.1245958	0.1580913	0.191225	0.2291181	0.266408	0.3039113	0.341162	0.3769545	0.4097197	0.4377636	0.461737	0.4810782	0.497983	0.5104155	0.5201253	0.527744	0.5328095	0.5365668	0.5386096	0.5411218	0.5416469	0.5426073	0.5431663	0.5441401	0.543797	0.5435355	0.5463088	0.5437393	0.5445798	0.5448742	0.5476236
Lupine	2025-02-24 09:23:53	38.0	 +N+Fe-P	0.04941818	0.05070912	0.05017795	0.04989391	0.04952336	0.04897579	0.04716345	0.0485272	0.04744627	0.0476511	0.04770906	0.04747329	0.04733067	0.04709671	0.04693129	0.04670656	0.04726265	0.04720455	0.04839606	0.05046665	0.05170258	0.05580673	0.06116579	0.06892537	0.07777365	0.08851258	0.09930439	0.1097697	0.1150539	0.1222901	0.1271779	0.1298186	0.1320043	0.1337874	0.1354278	0.1373009	0.1361153	0.1332502	0.1294339	0.1237558	0.1167281	0.1097855	0.1007488	0.09506442	0.09089083	0.08656334	0.08270693	0.08000449	0.07726272	0.07589995	0.07437835	0.07331853	0.0719886	0.07054182	0.06791922	0.0658851	0.06274562	0.05987497	0.0581103	0.05696542	0.05680884	0.05596813	0.05521011	0.05490136	0.05294974	0.05169732	0.04992751	0.04837927	0.0464803	0.04556845	0.0444186	0.04344864	0.04217085	0.04174751	0.04060789	0.04184313	0.04001253	0.04163296	0.04211835	0.04383875	0.04445205	0.04724661	0.05302398	0.06672538	0.08689024	0.1150751	0.1480186	0.1844739	0.2204265	0.2574951	0.2958828	0.3334173	0.3698953	0.4028581	0.4330202	0.4594583	0.4810038	0.4974526	0.5137666	0.5235813	0.5306449	0.5379865	0.5420106	0.5462941	0.5483218	0.5496977	0.5512806	0.5522082	0.5516489	0.5519572	0.5525014	0.5532198	0.5529587	0.5546227	0.5542373	0.5546905	0.5581066
Lupine	2025-02-24 09:23:59	39.0	 +N+Fe-P	0.05479452	0.05456855	0.05484567	0.05364149	0.05287892	0.05319081	0.0524803	0.05235922	0.05209884	0.0526058	0.05113313	0.05186958	0.05175921	0.05062941	0.05029119	0.05107604	0.05098028	0.05026697	0.05130185	0.05214877	0.05354122	0.05546427	0.05846105	0.06359009	0.06970595	0.07768399	0.08640583	0.09372097	0.09815645	0.104198	0.1076492	0.1096463	0.1114302	0.1129294	0.1147531	0.1150566	0.1146781	0.1122651	0.1083965	0.104332	0.09872044	0.0930549	0.08619428	0.08139178	0.07816575	0.07468595	0.07207217	0.06984385	0.06798361	0.06673455	0.06506609	0.06491449	0.06421617	0.0625543	0.06170703	0.05896145	0.05712154	0.05594729	0.05510767	0.05392011	0.05406886	0.05236511	0.05246036	0.05165957	0.05045765	0.04865479	0.04718529	0.04658004	0.04586272	0.04556433	0.0447093	0.04487462	0.04435284	0.04420325	0.04411469	0.04438609	0.04486918	0.04546858	0.04698734	0.04759262	0.04893227	0.05039889	0.05401035	0.06140817	0.07823148	0.09849004	0.1263727	0.1581429	0.1930698	0.228851	0.2668068	0.3071193	0.3458457	0.3844443	0.4198762	0.4508065	0.4771925	0.4986576	0.5166725	0.5315421	0.5415587	0.5508616	0.5562633	0.5594772	0.5631636	0.5650084	0.5655718	0.566394	0.567207	0.5675579	0.5679187	0.5681984	0.5692729	0.5690997	0.5684021	0.570656	0.5716766
Lupine	2025-02-24 09:24:08	40.0	 +N+Fe-P	0.04853439	0.04940082	0.04896524	0.04916228	0.04886408	0.04844196	0.04767492	0.04833015	0.04749717	0.04694562	0.04692593	0.04631021	0.04699889	0.04576518	0.04686025	0.04617615	0.04633227	0.04679615	0.04691195	0.04715221	0.04890785	0.05077246	0.05431305	0.05909993	0.06562903	0.07387713	0.08307132	0.09223988	0.09708932	0.1040464	0.1092871	0.1124055	0.1160285	0.1183203	0.1203955	0.1214895	0.1214126	0.1206053	0.1160182	0.1124256	0.1058505	0.09855992	0.09250074	0.08613637	0.08303846	0.07908757	0.07534314	0.07309148	0.07101499	0.06917652	0.06811679	0.06719058	0.06584726	0.06415449	0.06213068	0.06031948	0.05816541	0.05690028	0.0549031	0.05390857	0.05315554	0.05213288	0.05193794	0.05105242	0.05020866	0.04782845	0.04625176	0.04460945	0.0436501	0.04275513	0.04206395	0.04209164	0.04045685	0.04011036	0.03962522	0.03895803	0.0394172	0.04016583	0.04040574	0.04126	0.04243506	0.04475854	0.05078386	0.06276988	0.08262247	0.1101852	0.1426615	0.1784133	0.2156801	0.2540527	0.2919649	0.3300099	0.36858	0.4037224	0.436273	0.4626321	0.4859948	0.5042238	0.5214651	0.5312172	0.5414376	0.548415	0.5545226	0.5581175	0.5603373	0.5621674	0.5642624	0.5643345	0.564185	0.5656978	0.5647562	0.5664823	0.5668199	0.5656132	0.566505	0.5678779	0.5696186
Lupine	2025-02-24 09:24:16	41.0	 +N+Fe-P	0.05074385	0.05209298	0.05025714	0.04920468	0.04957958	0.05017168	0.04933343	0.04911807	0.04770512	0.0470408	0.047398	0.04612364	0.04587664	0.04621085	0.04600505	0.04565212	0.04608124	0.04694314	0.04778028	0.05060697	0.05387218	0.05770198	0.06549414	0.07535133	0.08736478	0.1013101	0.1165598	0.1301287	0.1375747	0.1468068	0.1531352	0.15818	0.1618018	0.1641028	0.1660626	0.1672282	0.1673275	0.1644285	0.1586466	0.1537824	0.1450473	0.1348761	0.1260988	0.1174217	0.112767	0.1057365	0.1013253	0.09770146	0.09403735	0.0909237	0.08929808	0.08859924	0.08719988	0.08377664	0.08087973	0.07617273	0.07212349	0.06883467	0.06573693	0.06365388	0.06259324	0.06167201	0.06127103	0.06062686	0.05814671	0.05595747	0.05218348	0.05103527	0.04725311	0.04522987	0.0440407	0.04091751	0.03955058	0.03765462	0.0367638	0.035846	0.03543788	0.0363688	0.03740478	0.03845275	0.03953083	0.04411957	0.05403373	0.07358031	0.1023549	0.1382933	0.179046	0.2194598	0.2595723	0.3005422	0.3392078	0.3748368	0.4095572	0.4390999	0.4676845	0.4887614	0.5077349	0.5226971	0.5351342	0.5437355	0.5502306	0.5551267	0.5591789	0.5615338	0.5639718	0.5649093	0.5647327	0.5649141	0.5668501	0.566306	0.5672426	0.56744	0.5670446	0.5673927	0.5676833	0.5685296	0.5703261
Lupine	2025-02-24 09:24:26	42.0	 +N+Fe-P	0.05273236	0.05157617	0.05154535	0.0514152	0.05187112	0.05114664	0.05182119	0.05051483	0.04931039	0.04949912	0.04964314	0.04783365	0.04890719	0.04870676	0.04815107	0.04903893	0.0481656	0.05012692	0.05071742	0.05233037	0.05490182	0.05807898	0.06433454	0.07207766	0.08248599	0.09381357	0.1065213	0.1177661	0.1246053	0.132814	0.1384702	0.1423993	0.1451262	0.1475741	0.1492175	0.1514544	0.1505905	0.1480744	0.1437695	0.1381641	0.1312721	0.1225562	0.1146447	0.106753	0.1026698	0.09781573	0.09301599	0.08956676	0.08796771	0.08579542	0.08419483	0.08303277	0.08101191	0.07950881	0.07618664	0.07354691	0.07021429	0.067362	0.06568854	0.06351679	0.06247146	0.06248303	0.0624045	0.06122531	0.05915566	0.05732464	0.05403453	0.05323433	0.05152289	0.04942897	0.04819767	0.04721242	0.04535008	0.0441123	0.04419789	0.04454146	0.04399185	0.04507096	0.04619598	0.04729884	0.04916588	0.05293428	0.06048472	0.07474067	0.09852278	0.1277962	0.164663	0.2017611	0.2399002	0.2802088	0.3166926	0.3551406	0.3907829	0.4230079	0.4532674	0.4774575	0.4994357	0.5157352	0.5306734	0.5403094	0.5476094	0.5537036	0.5578926	0.5615021	0.5639179	0.5650275	0.5653549	0.5668614	0.5663047	0.5667223	0.5667956	0.5672116	0.5676098	0.5674379	0.5679135	0.5681027	0.5703261
Lupine	2025-02-24 09:24:35	43.0	 +N+Fe-P	0.05000736	0.04853378	0.04893677	0.04967917	0.04763936	0.0480563	0.04766802	0.04630675	0.04654198	0.04562831	0.0458678	0.04567589	0.04570467	0.0444373	0.0446083	0.04413085	0.04485932	0.04380792	0.04539329	0.04544361	0.04747371	0.04964062	0.05325852	0.05845704	0.06531433	0.07341521	0.08182963	0.09042698	0.09539364	0.1004172	0.1050763	0.1080483	0.1092393	0.1106967	0.1114042	0.1126949	0.1120103	0.1098837	0.1064021	0.1018276	0.09590231	0.08874144	0.08253128	0.07685752	0.07290078	0.06981948	0.06678828	0.06435109	0.06258533	0.06085107	0.06019365	0.05952332	0.05849886	0.05728584	0.05538464	0.0534942	0.05111319	0.04998727	0.04825901	0.04718941	0.04721892	0.04645579	0.04586786	0.04510112	0.04422061	0.04279634	0.04132215	0.04078252	0.03969635	0.03903925	0.03834302	0.03825408	0.03740825	0.03726049	0.03717241	0.0373555	0.03797587	0.03781732	0.03939924	0.04021544	0.04110493	0.0426827	0.04749949	0.05561392	0.07291857	0.09663797	0.1278321	0.1612588	0.1986436	0.2374768	0.2767693	0.3159468	0.3566207	0.3932008	0.4268689	0.4557628	0.4803296	0.5016436	0.5183119	0.5295655	0.5392315	0.5480361	0.5527322	0.556139	0.5580908	0.5607561	0.5624419	0.561983	0.5630461	0.5623624	0.5633227	0.5628167	0.5640291	0.5632339	0.5640655	0.5638486	0.5683967
Lupine	2025-02-24 09:24:42	44.0	 +N+Fe-P	0.0480925	0.04816386	0.04864225	0.04847985	0.04810557	0.04619829	0.04578129	0.04589484	0.04630549	0.04533681	0.04472206	0.04356795	0.04483998	0.0447146	0.04426566	0.04280719	0.04371701	0.04490293	0.04523695	0.04660413	0.04894462	0.05183437	0.05761134	0.06387496	0.07292544	0.0829047	0.09401815	0.1038032	0.1088571	0.1151023	0.119776	0.1231413	0.1246841	0.1271311	0.1284214	0.1285341	0.1282473	0.1260322	0.1211793	0.1155877	0.1088651	0.1006743	0.09353213	0.08702302	0.08296442	0.0780799	0.07499823	0.07107241	0.06947865	0.06814328	0.06612878	0.06534048	0.06448896	0.06188179	0.05969916	0.05710476	0.05500121	0.05184084	0.05043902	0.04937634	0.04868024	0.04805954	0.04787078	0.04668275	0.04542309	0.04366348	0.04170196	0.04046837	0.03906824	0.0378878	0.0375	0.03673177	0.03634151	0.03541111	0.03457359	0.03536013	0.03581388	0.03643771	0.0380382	0.03832218	0.04017224	0.04204451	0.04740643	0.05958659	0.07999943	0.1080045	0.1418126	0.1779824	0.2159709	0.2559625	0.2946103	0.3338018	0.3717088	0.4062775	0.4386868	0.4665449	0.4883316	0.5064614	0.5227068	0.5328303	0.542342	0.549109	0.5528491	0.5561244	0.5592823	0.5621488	0.560471	0.562661	0.5616103	0.5620717	0.5623954	0.5639152	0.5638243	0.563061	0.5640567	0.5650925	0.5651167
Lupine	2025-02-24 09:24:52	45.0	 +N+Fe-P	0.04470467	0.04295385	0.04255888	0.04416863	0.04247743	0.04296645	0.04149437	0.04170473	0.04126929	0.04041384	0.04010704	0.03900522	0.04054406	0.03938139	0.03903201	0.04085115	0.04076081	0.0405803	0.04140487	0.04286751	0.04574539	0.04957153	0.05416357	0.06133972	0.06954568	0.08096027	0.09131686	0.1021296	0.1075635	0.1140122	0.1191247	0.1215633	0.1242498	0.1258957	0.1276191	0.1280859	0.1280813	0.1257116	0.120613	0.1156605	0.107892	0.1007722	0.09311898	0.08616061	0.0823703	0.07784984	0.07338502	0.0709223	0.06860942	0.0662399	0.06442538	0.06387482	0.06240699	0.06060385	0.05839526	0.0565691	0.05299035	0.05138335	0.04949698	0.04824903	0.04767559	0.04742716	0.04699882	0.04601758	0.04443168	0.04250779	0.04083938	0.03924033	0.03754703	0.0366836	0.03563953	0.03567026	0.03439886	0.0338649	0.03334742	0.0333128	0.03318189	0.03451715	0.03535774	0.0361025	0.03801964	0.0401686	0.04609397	0.05934527	0.0809543	0.1098221	0.1449144	0.1828202	0.22002	0.2595895	0.2997024	0.3373265	0.3748176	0.4076272	0.4389939	0.4657624	0.4866744	0.5045246	0.5192985	0.5295814	0.5372961	0.5438265	0.5498545	0.5525278	0.554589	0.5546914	0.5563122	0.5570869	0.5576931	0.5594709	0.5576996	0.5593551	0.5593459	0.5583276	0.5589509	0.561204	0.5642807
Lupine	2025-02-24 09:25:02	46.0	 +N+Fe-P	0.04927088	0.04993473	0.04965326	0.05134039	0.04839525	0.04902378	0.04958623	0.04761398	0.04837757	0.04736691	0.047088	0.04706408	0.04758823	0.04594846	0.04708574	0.04577634	0.04546266	0.04618706	0.04777709	0.04820117	0.0492388	0.05282359	0.05598094	0.06058189	0.06765163	0.07552383	0.08419467	0.09232391	0.09714324	0.1023945	0.1068096	0.1100515	0.1112667	0.1136626	0.1143801	0.115704	0.1145556	0.1121108	0.1089351	0.1044014	0.09820664	0.09220083	0.08531353	0.08039741	0.07706151	0.07293851	0.06987053	0.0679308	0.06590843	0.06424458	0.06272663	0.06185336	0.06143879	0.06022043	0.05807372	0.05662655	0.05462691	0.05312174	0.05188198	0.05039236	0.05011112	0.04972591	0.04963926	0.04812153	0.04712975	0.04572102	0.04410901	0.04318149	0.04202345	0.04148932	0.0406686	0.04092296	0.03998895	0.04023163	0.04022979	0.04015767	0.04041987	0.04193273	0.04287758	0.04419781	0.04611272	0.04780501	0.05152952	0.06117817	0.0784325	0.1037424	0.1329317	0.1674076	0.2048436	0.2428834	0.2850102	0.3242587	0.365228	0.4043164	0.4399591	0.4711534	0.4968162	0.5181584	0.5362379	0.5498105	0.5607026	0.5691217	0.5741654	0.5788118	0.5804168	0.581836	0.5829197	0.5842507	0.5839744	0.5856888	0.5845368	0.5853403	0.5863173	0.585797	0.5859515	0.5871384	0.5871117
Lupine	2025-02-24 09:25:10	47.0	 +N+Fe-P	0.04588305	0.04819126	0.0471771	0.04622837	0.045597	0.04689599	0.04664204	0.04671857	0.04551211	0.04484226	0.04441782	0.04498905	0.04347266	0.04409529	0.04407506	0.04345673	0.04361467	0.0440641	0.04415328	0.04487512	0.04633375	0.04845046	0.05250896	0.05679361	0.06474199	0.07383251	0.08241335	0.09135477	0.09622928	0.1029517	0.1067085	0.1103308	0.1125459	0.1142117	0.1151754	0.1166257	0.116173	0.1142515	0.1105601	0.1055991	0.09916108	0.09209898	0.0857394	0.07943075	0.07604667	0.07274651	0.06919786	0.06739074	0.06497093	0.06341695	0.06240493	0.06153529	0.06085221	0.05872844	0.05724866	0.0549923	0.05285638	0.05083625	0.04929699	0.04835787	0.04816269	0.04739522	0.04736367	0.04789939	0.04666235	0.04417561	0.04347063	0.04235328	0.04193587	0.04056818	0.03944767	0.0394384	0.03858306	0.03832161	0.03857204	0.03884458	0.0392292	0.040345	0.04096044	0.04174963	0.04311883	0.04413652	0.04847859	0.05771362	0.07376496	0.09862508	0.1290185	0.1625158	0.1992451	0.2374832	0.2771117	0.3172593	0.356917	0.393332	0.4275554	0.4573714	0.4836529	0.503622	0.5225252	0.5345024	0.5448294	0.5528721	0.5592259	0.5620793	0.5656638	0.5685472	0.5688291	0.5688441	0.5704071	0.5698741	0.5699951	0.5721266	0.5712428	0.5714909	0.5719526	0.5737967	0.5759856
Lupine	2025-02-24 09:25:20	48.0	 +N+Fe-P	0.05494182	0.05556632	0.05433088	0.05467353	0.05339086	0.05328685	0.05207696	0.05241288	0.05243319	0.0527777	0.0510328	0.05096303	0.05056591	0.05117204	0.05019298	0.0507398	0.05183384	0.05218875	0.0530833	0.05453704	0.05666691	0.06032718	0.06574576	0.07334679	0.08365232	0.0927272	0.1039071	0.1147102	0.1200875	0.1277229	0.1321366	0.1352639	0.1376512	0.1386894	0.1418142	0.1416215	0.1412275	0.1388146	0.1353287	0.1293519	0.1225908	0.1146258	0.1069591	0.1004394	0.09683158	0.09143973	0.08786904	0.08522079	0.08288202	0.08094152	0.08002622	0.07860164	0.07746986	0.07555092	0.07285413	0.07045968	0.06758798	0.06533846	0.06338019	0.06167374	0.06110147	0.06023617	0.06029322	0.05994566	0.05906908	0.05693942	0.05525638	0.05312009	0.05081536	0.05068977	0.04982558	0.04908468	0.04769177	0.04623454	0.04728483	0.04577136	0.04643585	0.04826847	0.04853671	0.04902889	0.05020516	0.05278574	0.05893018	0.07142663	0.0921748	0.1200573	0.1537969	0.1897489	0.2255546	0.263582	0.300937	0.3383627	0.3742722	0.4059294	0.4370291	0.4622842	0.4827255	0.4998871	0.5152009	0.5240857	0.5330347	0.5393088	0.5435	0.5465411	0.5489793	0.5512614	0.5514649	0.5523887	0.5516811	0.5528799	0.5537243	0.5545032	0.5534982	0.5525084	0.5544749	0.555123	0.5558557
Lupine	2025-02-24 09:25:28	49.0	 +N+Fe-P	0.05818235	0.05872362	0.05726986	0.05752684	0.05756641	0.056157	0.05630098	0.05597638	0.055405	0.05540445	0.05564513	0.05456691	0.0545642	0.05464662	0.05401392	0.0541481	0.05494285	0.05494683	0.05610322	0.05691363	0.05905714	0.06198085	0.06760889	0.0740499	0.08264026	0.09190283	0.1023849	0.112337	0.1176291	0.123714	0.1286307	0.1322067	0.1345374	0.1360877	0.1376721	0.1390942	0.1378777	0.1364785	0.1322431	0.1264714	0.1200307	0.1131875	0.1050471	0.09888398	0.09532728	0.09076489	0.08755047	0.08464291	0.08259749	0.08099122	0.07928612	0.07868535	0.07755325	0.07596053	0.07357331	0.0709914	0.06833416	0.06643451	0.06359658	0.06340449	0.06314123	0.0620383	0.06205245	0.06142962	0.0593622	0.05807999	0.05674019	0.05506212	0.05352169	0.05270104	0.05174419	0.05093306	0.04970425	0.04872059	0.04847293	0.04915282	0.0496945	0.05033512	0.05175672	0.05229313	0.05380673	0.05543089	0.06064636	0.07242584	0.09177378	0.1179214	0.1517124	0.1862847	0.2246292	0.262133	0.3012918	0.3404215	0.3789287	0.4136703	0.4471059	0.4739794	0.4975423	0.5164868	0.5318395	0.5445284	0.5538006	0.5609951	0.565137	0.5690574	0.5726976	0.5743948	0.5751919	0.5766559	0.5765388	0.5758191	0.5768669	0.5771293	0.5785694	0.5780629	0.5793724	0.5800039	0.5813879
Lupine	2025-02-24 09:25:35	50.0	 +N+Fe-P	0.04846075	0.05005644	0.04884643	0.04938382	0.04934376	0.04796445	0.04839894	0.04831231	0.04775825	0.04659548	0.04683455	0.04698774	0.04553586	0.0456029	0.04532799	0.0456667	0.04557554	0.04572627	0.04732187	0.04788494	0.04968008	0.05319258	0.05661494	0.06420753	0.07233996	0.08136797	0.09166873	0.1009542	0.1060738	0.1120166	0.1169823	0.1203378	0.1225223	0.1246737	0.1254401	0.1268586	0.1259495	0.1237909	0.1193553	0.1144691	0.1078607	0.1005242	0.09275234	0.08682255	0.08359637	0.07947	0.07572565	0.0726833	0.07054716	0.06912695	0.06872548	0.06684596	0.06603949	0.0638519	0.06199096	0.05937539	0.0570841	0.05550748	0.05347468	0.05258247	0.05166377	0.05062197	0.05075595	0.04985837	0.04892413	0.04749609	0.04513632	0.04403827	0.04256113	0.04215539	0.04116279	0.04067651	0.03949116	0.0400194	0.03932086	0.03945431	0.03944854	0.0405414	0.0419767	0.04227191	0.04404304	0.04683793	0.05083214	0.060883	0.0805917	0.1055213	0.1379542	0.1725992	0.2092179	0.2488619	0.2868075	0.3249785	0.3633884	0.3983047	0.4293542	0.4584149	0.4805292	0.4991667	0.5162021	0.526528	0.5355626	0.5422988	0.546854	0.5515264	0.5531644	0.5558125	0.5553091	0.5567505	0.5572657	0.5570811	0.5569164	0.558378	0.5576009	0.5570232	0.5582089	0.5594071	0.5626085
Lupine	2025-02-24 09:25:44	51.0	 +N+Fe-P	0.06628369	0.06567196	0.06771282	0.0653748	0.06623114	0.06500005	0.06549362	0.06439253	0.06505521	0.06479431	0.06451728	0.06263975	0.06323193	0.06325978	0.06271397	0.06345863	0.06295207	0.06373476	0.06407188	0.0637506	0.06563948	0.06839212	0.07179599	0.0763671	0.0831706	0.09046292	0.09862398	0.1059254	0.110566	0.116075	0.1192723	0.1227198	0.1243996	0.126656	0.1276064	0.1290484	0.1287364	0.1276054	0.1245589	0.1203895	0.1154204	0.1094654	0.1035002	0.09935604	0.09662324	0.09331705	0.09005237	0.0881945	0.08614869	0.08437058	0.08373382	0.08269734	0.081843	0.08069088	0.07922538	0.07683849	0.07472435	0.0733647	0.07097857	0.07068313	0.06901696	0.06966175	0.06889046	0.06872362	0.06678814	0.06516966	0.06378394	0.06240183	0.06095195	0.06023559	0.05973837	0.05902819	0.0581446	0.0574521	0.05654228	0.05692791	0.05683848	0.05721181	0.05771875	0.05862575	0.05947918	0.06270594	0.06854697	0.07903988	0.09641932	0.1190838	0.1445617	0.1722926	0.2013849	0.2309716	0.2596626	0.289573	0.3175035	0.3433276	0.3688525	0.3885918	0.4059753	0.4208078	0.4326631	0.4421195	0.4479741	0.4527324	0.4574072	0.4595196	0.4616847	0.4643791	0.46334	0.4643241	0.4649773	0.4641592	0.4660046	0.4663869	0.4663027	0.4670861	0.4668871	0.468443	0.4692263
