Treatments	Species	Thesis	Leaf	X397.32	X400.20	X403.09	X405.97	X408.85	X411.74	X414.63	X417.52	X420.40	X423.29	X426.19	X429.08	X431.97	X434.87	X437.76	X440.66	X443.56	X446.45	X449.35	X452.25	X455.16	X458.06	X460.96	X463.87	X466.77	X469.68	X472.59	X475.50	X478.41	X481.32	X484.23	X487.14	X490.06	X492.97	X495.89	X498.80	X501.72	X504.64	X507.56	X510.48	X513.40	X516.33	X519.25	X522.18	X525.10	X528.03	X530.96	X533.89	X536.82	X539.75	X542.68	X545.62	X548.55	X551.49	X554.43	X557.36	X560.30	X563.24	X566.18	X569.12	X572.07	X575.01	X577.96	X580.90	X583.85	X586.80	X589.75	X592.70	X595.65	X598.60	X601.55	X604.51	X607.46	X610.42	X613.38	X616.34	X619.30	X622.26	X625.22	X628.18	X631.15	X634.11	X637.08	X640.04	X643.01	X645.98	X648.95	X651.92	X654.89	X657.87	X660.84	X663.81	X666.79	X669.77	X672.75	X675.73	X678.71	X681.69	X684.67	X687.65	X690.64	X693.62	X696.61	X699.60	X702.58	X705.57	X708.57	X711.56	X714.55	X717.54	X720.54	X723.53	X726.53	X729.53	X732.53	X735.53	X738.53	X741.53	X744.53	X747.54	X750.54	X753.55	X756.56	X759.56	X762.57	X765.58	X768.60	X771.61	X774.62	X777.64	X780.65	X783.67	X786.68	X789.70	X792.72	X795.74	X798.77	X801.79	X804.81	X807.84	X810.86	X813.89	X816.92	X819.95	X822.98	X826.01	X829.04	X832.07	X835.11	X838.14	X841.18	X844.22	X847.25	X850.29	X853.33	X856.37	X859.42	X862.46	X865.50	X868.55	X871.60	X874.64	X877.69	X880.74	X883.79	X886.84	X889.90	X892.95	X896.01	X899.06	X902.12	X905.18	X908.24	X911.30	X914.36	X917.42	X920.48	X923.55	X926.61	X929.68	X932.74	X935.81	X938.88	X941.95	X945.02	X948.10	X951.17	X954.24	X957.32	X960.40	X963.47	X966.55	X969.63	X972.71	X975.79	X978.88	X981.96	X985.05	X988.13	X991.22	X994.31	X997.40	X1000.49	X1003.58
Cs_-N+Fe	Cs	-N+Fe	35.886	0.12920516	0.111001597	0.099699684	0.090395389	0.083830952	0.079968738	0.075615823	0.072534533	0.069287715	0.066339548	0.063787385	0.061681029	0.059846655	0.057842522	0.05574245	0.053737948	0.051403721	0.049186006	0.047435893	0.047216695	0.048417102	0.04932482	0.050505808	0.050309704	0.050010399	0.050061223	0.049781753	0.049742878	0.049315101	0.049042952	0.049135464	0.049086258	0.049146144	0.049494385	0.050276193	0.051441337	0.053339931	0.056384958	0.060829465	0.066931903	0.075000612	0.085324367	0.097722093	0.111458137	0.125767917	0.138948093	0.150028083	0.158708457	0.164857992	0.169036012	0.171685151	0.173569764	0.175317985	0.177193964	0.177852399	0.17658879	0.173000741	0.167579133	0.160432111	0.151952289	0.142786112	0.13418347	0.126548529	0.119885421	0.114631123	0.110274157	0.106593182	0.103638142	0.101386753	0.099424991	0.097692666	0.095647727	0.093152689	0.090016814	0.08655106	0.083147337	0.080159027	0.077835887	0.076361575	0.075538786	0.074493455	0.073324564	0.071200098	0.068151036	0.064296527	0.060396361	0.057362025	0.055010746	0.053609616	0.052250785	0.050731906	0.049103879	0.047778043	0.047064929	0.047118914	0.047624777	0.048722127	0.049970246	0.051989689	0.055595273	0.063208572	0.077623868	0.100939097	0.131951922	0.168058121	0.205594874	0.242871493	0.279078851	0.313234945	0.345818919	0.377579298	0.407255402	0.430863402	0.452921734	0.472930649	0.48962122	0.503267224	0.515313534	0.527805337	0.538148758	0.549577859	0.56131868	0.575837003	0.589441919	0.604770203	0.619350158	0.632815724	0.644160969	0.654994125	0.663438457	0.670022194	0.675997553	0.682170994	0.686933384	0.690771911	0.693230604	0.694608333	0.695901853	0.6974282	0.699398398	0.701438287	0.70391939	0.70834516	0.711454275	0.711909389	0.711377722	0.711478224	0.711397621	0.712004138	0.711496194	0.711984932	0.711817725	0.711677883	0.711366444	0.711601737	0.711204136	0.711443005	0.712573161	0.712596586	0.711755579	0.712649083	0.712582719	0.710488693	0.710737952	0.709398381	0.709585609	0.708649216	0.708332448	0.708232339	0.707984569	0.708402276	0.707448335	0.706979525	0.706262344	0.706930607	0.706692026	0.706224037	0.705833559	0.704473393	0.703754989	0.700133081	0.699723312	0.700690633	0.697862205	0.697339337	0.696463948	0.69397094	0.690637709	0.687314552	0.689385011	0.686577127	0.68373367	0.686122435	0.684152568	0.683760454	0.679674387	0.681633914	0.680631094	0.682614684	0.681804672	0.678698758	0.679962759	0.677683155	0.546716973
Cs_-N+Fe	Cs	-N+Fe	26.099	0.132893373	0.11330887	0.101061654	0.091361504	0.084679062	0.0804745	0.075672931	0.073168212	0.069400644	0.065951998	0.063817578	0.061355592	0.059190321	0.057244101	0.054987055	0.053125015	0.050778578	0.048864144	0.047334172	0.04742096	0.048661971	0.049894764	0.050792862	0.050526317	0.050383923	0.049905762	0.049880987	0.049578044	0.049259137	0.049106466	0.049235042	0.049153213	0.049443413	0.050210409	0.05130949	0.053297443	0.05613488	0.060475049	0.066284791	0.074155299	0.084209017	0.096785907	0.111311441	0.126968616	0.142641359	0.157027244	0.169036244	0.178351292	0.184766155	0.189002635	0.192172901	0.194267606	0.196350199	0.197623353	0.198049491	0.196639155	0.193202393	0.187702926	0.180439704	0.171395095	0.161446153	0.152271808	0.143909117	0.136824028	0.130890905	0.12596375	0.121769941	0.118461071	0.115927601	0.113919478	0.112044702	0.109682385	0.106645135	0.102728379	0.098441141	0.094123044	0.090382016	0.087272194	0.085345711	0.084668553	0.084391139	0.083465109	0.081483992	0.077499481	0.072803331	0.067597011	0.063123973	0.060061498	0.057923219	0.05599829	0.053622689	0.051074424	0.048943596	0.047587119	0.047151422	0.047429882	0.048411807	0.049842976	0.05258417	0.057644947	0.068086906	0.086814243	0.115069739	0.149942999	0.188756067	0.227417171	0.264577638	0.298759635	0.330720736	0.360116629	0.385229024	0.411847289	0.435107039	0.454599592	0.471127666	0.485874025	0.497930368	0.508915113	0.519353195	0.528954414	0.539067422	0.55020949	0.563236833	0.576341192	0.590572953	0.604686709	0.618861015	0.630500642	0.641389435	0.649374135	0.656073002	0.66068744	0.665843783	0.669019872	0.672998837	0.675243157	0.677494787	0.679997287	0.68172892	0.683160456	0.683335095	0.68214303	0.682015013	0.685162851	0.685723356	0.687271832	0.688360478	0.689007857	0.689761805	0.690632674	0.692085456	0.691963614	0.692766174	0.692280211	0.692443194	0.691005657	0.6913061	0.690636562	0.690962294	0.689025464	0.690403578	0.689948998	0.689121705	0.689256727	0.688541963	0.689275184	0.688876765	0.68869957	0.687751535	0.687332682	0.687103994	0.68541161	0.684095412	0.683175779	0.682940497	0.68262148	0.682692673	0.682860434	0.682923617	0.682235332	0.67929417	0.678600552	0.680110015	0.677200917	0.676675814	0.675319774	0.672897565	0.669666234	0.666921147	0.668965875	0.6667391	0.664169154	0.666901165	0.665303815	0.665111829	0.661825543	0.664071872	0.662934352	0.664865659	0.664086418	0.661647299	0.661693351	0.659416392	0.532733324
Cs_-N+Fe	Cs	-N+Fe	17.353	0.129072583	0.110508488	0.098494561	0.089325902	0.082776449	0.0787224	0.074583704	0.071246525	0.067821097	0.064880954	0.062366976	0.060023738	0.05801707	0.056039378	0.054012428	0.051778207	0.049257012	0.047028168	0.045249867	0.044687604	0.045725489	0.046861297	0.048155646	0.047966497	0.047827464	0.047902801	0.047639857	0.047646674	0.047312362	0.047002868	0.047089053	0.047101975	0.046949272	0.047229017	0.047701593	0.048604431	0.049950695	0.052175073	0.055289742	0.05955577	0.065505643	0.073272494	0.082817594	0.093570984	0.105127322	0.116169358	0.125450925	0.133090374	0.138531528	0.142094941	0.144377701	0.146157781	0.147641703	0.149309535	0.14968729	0.148496342	0.145348556	0.14060775	0.134368342	0.126870226	0.119108483	0.111670639	0.105177304	0.09975012	0.095521773	0.092002005	0.088969102	0.086513423	0.084637736	0.08307928	0.081780896	0.08017463	0.078207414	0.075942208	0.073204766	0.070582277	0.068414192	0.066642919	0.065439028	0.064844703	0.064121898	0.063264883	0.061808182	0.059561984	0.056687206	0.053865694	0.051639758	0.049903318	0.049010012	0.048117574	0.047135201	0.045878798	0.045003998	0.044421342	0.044572518	0.045090181	0.045978446	0.047225957	0.04899999	0.052037585	0.058015261	0.069282317	0.087840475	0.113675291	0.145063939	0.179733032	0.21547452	0.251526567	0.287140925	0.321463829	0.356219337	0.3882768	0.415901824	0.443108735	0.466362524	0.485756932	0.502614319	0.516872729	0.530908692	0.543053765	0.55612638	0.568957147	0.584023482	0.598181022	0.613250974	0.627681415	0.640826581	0.652312406	0.662951632	0.671054954	0.677581913	0.683366594	0.688747083	0.693422157	0.69688014	0.699433018	0.701062103	0.702314536	0.704350011	0.706101487	0.708320998	0.709910971	0.713956513	0.715776371	0.715753103	0.715876506	0.716576119	0.716562421	0.716973935	0.716853807	0.717469155	0.717453273	0.717243656	0.717691059	0.717826407	0.71736195	0.718063062	0.718715547	0.719014479	0.717767153	0.718883104	0.718266183	0.716586566	0.716867482	0.71571753	0.715575374	0.716011793	0.715414415	0.715519696	0.715133346	0.715294983	0.714531288	0.713895444	0.713669922	0.714335748	0.714272297	0.713333757	0.713159044	0.712490034	0.711878804	0.708498417	0.708162864	0.708474385	0.705535947	0.705290943	0.704171775	0.701434663	0.697717296	0.694337007	0.695897998	0.692883477	0.690170711	0.692971924	0.69126706	0.690598074	0.686609007	0.688973602	0.688832464	0.690516435	0.689885249	0.686724961	0.687999531	0.685844746	0.553131326
Cs_-N+Fe	Cs	-N+Fe	38.161	0.122264151	0.104450677	0.092372726	0.083332542	0.077147645	0.072955569	0.068916162	0.066420567	0.062682377	0.059601002	0.057773592	0.055346743	0.053240232	0.051433636	0.049544655	0.047895436	0.045645351	0.043940995	0.042524863	0.042521867	0.043684806	0.044630636	0.045313312	0.045031182	0.044929809	0.044432555	0.04434007	0.044000505	0.043756647	0.043542001	0.043649396	0.043553108	0.043721462	0.044262733	0.044995381	0.046583339	0.048646662	0.051981559	0.056471847	0.062659306	0.070898572	0.081148283	0.093295427	0.106608331	0.120345902	0.133065098	0.143856346	0.15210354	0.15784896	0.161545533	0.164149068	0.165932638	0.167480557	0.168380867	0.168576907	0.167261862	0.164122585	0.15899432	0.152227063	0.143917439	0.135043704	0.126796413	0.119463219	0.113246574	0.108031111	0.103875291	0.100138388	0.09724204	0.095093565	0.093296949	0.09174966	0.089775901	0.087302748	0.084134067	0.080677668	0.077116772	0.074130998	0.071567505	0.070087611	0.069674754	0.069419796	0.068659452	0.066963227	0.063726391	0.060029685	0.055987419	0.052602445	0.050375344	0.048844727	0.047596303	0.045899194	0.044282886	0.042945981	0.042230571	0.042336729	0.042986431	0.044286119	0.045959525	0.048514232	0.052570407	0.060643761	0.075305444	0.098457341	0.128524206	0.163503559	0.19977982	0.235783889	0.270134794	0.303215527	0.333675719	0.361020515	0.390351191	0.415540383	0.437017157	0.455537327	0.472129269	0.485776537	0.497897042	0.509580643	0.519981547	0.530626053	0.54227249	0.555875571	0.569199838	0.583726631	0.597963221	0.612292325	0.623816449	0.634923746	0.642691589	0.649409607	0.654207951	0.659107921	0.662243086	0.666421768	0.6690401	0.671248717	0.673732149	0.675403808	0.676828597	0.676761458	0.675283336	0.674710784	0.678096951	0.678701706	0.680485648	0.681569919	0.682065389	0.683240586	0.683596741	0.685013691	0.685323287	0.686010046	0.685333	0.685656895	0.684355853	0.684698817	0.684199427	0.684570365	0.682933131	0.68415086	0.683966586	0.682863715	0.683416887	0.682535837	0.683555684	0.682770843	0.682848284	0.682014235	0.681438794	0.681429754	0.679747163	0.678591778	0.677481783	0.678040176	0.677834662	0.67802213	0.67758383	0.677902892	0.677249632	0.674361058	0.673837934	0.674921663	0.671906775	0.671569673	0.669874377	0.667528331	0.663915701	0.660679739	0.662878067	0.660754353	0.657915824	0.660744035	0.659087344	0.659095572	0.656203219	0.658228367	0.656753933	0.659726349	0.658076977	0.655505604	0.655512157	0.653117157	0.526129721
Cs_-N+Fe	Cs	-N+Fe	47.99	0.133634826	0.114328101	0.102147304	0.092533085	0.085685276	0.08138211	0.077140042	0.073623452	0.070339688	0.067220863	0.064675542	0.062262858	0.060223456	0.058027536	0.055962784	0.053734934	0.051305466	0.049187383	0.047526383	0.047381789	0.048762108	0.049942306	0.051286188	0.051085283	0.050860598	0.050892952	0.050650857	0.050707034	0.050488459	0.050387826	0.050596535	0.050733583	0.051055728	0.051862708	0.053286492	0.055322345	0.058536047	0.063248804	0.069731062	0.078201826	0.089037431	0.102443877	0.117833581	0.134379434	0.150813358	0.165568475	0.177692537	0.187082861	0.193733938	0.198257312	0.20126469	0.203400836	0.205310623	0.207408054	0.208130066	0.206965084	0.203351142	0.197637284	0.190156363	0.180956082	0.171049491	0.161516595	0.152958395	0.145496002	0.139447566	0.134394495	0.130087061	0.126532322	0.123836052	0.121523894	0.119420584	0.11696926	0.113939095	0.110171592	0.105885136	0.101611686	0.097815495	0.094812452	0.092870067	0.091756817	0.090508293	0.089040394	0.086228327	0.082021596	0.076535244	0.070931576	0.06626962	0.062733297	0.060551553	0.058414602	0.055941161	0.05314351	0.05073858	0.049128823	0.048588773	0.048720521	0.049631696	0.050986231	0.053604136	0.059069933	0.070346775	0.090489968	0.120624073	0.157840795	0.19844203	0.238691919	0.276422459	0.311421794	0.343149935	0.372298982	0.400519459	0.425276622	0.444958785	0.463485469	0.479896298	0.493195959	0.504332544	0.514071936	0.524539263	0.533318947	0.543489497	0.553873501	0.566995669	0.579344174	0.593245332	0.606547555	0.619085396	0.629560014	0.639435339	0.647314548	0.653307785	0.658878529	0.664243978	0.668524554	0.672117619	0.674601664	0.676108156	0.67751934	0.679088928	0.680882627	0.683098917	0.685088825	0.689206225	0.691330176	0.691841804	0.691535079	0.692013624	0.692200453	0.692884928	0.692466901	0.693326316	0.693366083	0.693259468	0.693188324	0.693517783	0.692788491	0.693518993	0.694385705	0.694734508	0.693877505	0.69484525	0.694646358	0.692918376	0.692963894	0.692081019	0.692015281	0.691805441	0.691333137	0.691389595	0.691299216	0.691634584	0.69052185	0.690172855	0.689618567	0.690080767	0.690215944	0.689657099	0.68947756	0.688491387	0.688102806	0.684738301	0.684679246	0.685905189	0.683424059	0.683205611	0.682480719	0.68075014	0.677552069	0.675421955	0.677146252	0.674866702	0.672129018	0.674742735	0.672772292	0.67262535	0.668455773	0.670542607	0.669441876	0.670833918	0.670076927	0.66700726	0.668349096	0.66595384	0.539845716
Cs_-N+Fe	Cs	-N+Fe	40.771	0.129186095	0.110872782	0.097935366	0.08851845	0.082039648	0.077799529	0.074019017	0.071509826	0.06795336	0.064754926	0.062943303	0.060504004	0.058421477	0.056314702	0.054398766	0.05236477	0.05003827	0.048137219	0.046414198	0.046332474	0.047500907	0.048404804	0.049193778	0.048960529	0.048860911	0.048377367	0.048368481	0.048082244	0.047834248	0.047561417	0.047697196	0.047587808	0.047728242	0.048227226	0.049010121	0.050507719	0.05265026	0.055885183	0.060419449	0.066617025	0.074895829	0.085265592	0.097671176	0.111106974	0.124938062	0.137784696	0.148662531	0.157107603	0.163016146	0.166904156	0.169734407	0.171786222	0.173497106	0.174546535	0.174971198	0.173867943	0.170810087	0.165746469	0.159007904	0.150724462	0.141769073	0.133487456	0.126035344	0.119768757	0.114495892	0.110186556	0.106478433	0.103527692	0.101390068	0.099568908	0.097995342	0.095896724	0.093304377	0.089967455	0.086362637	0.082625163	0.079396817	0.076687754	0.075217574	0.074818057	0.074630886	0.073901323	0.072090854	0.068856845	0.064943726	0.060668594	0.057144874	0.054719685	0.05307107	0.051617606	0.049787522	0.04787122	0.046321087	0.04533367	0.045076761	0.04529378	0.046160112	0.047113297	0.049087546	0.052689884	0.06048972	0.075215173	0.098531159	0.12891683	0.163814313	0.19950901	0.234517852	0.267330244	0.29871544	0.326880501	0.352533477	0.379765852	0.403083891	0.42271104	0.439641366	0.454987741	0.467422198	0.477989092	0.488590404	0.497995607	0.507468977	0.517701974	0.529981687	0.541786358	0.55504907	0.567901331	0.581440144	0.592281828	0.602910093	0.610020059	0.616435257	0.620919731	0.625461068	0.628648548	0.632394851	0.635260327	0.637395482	0.639902299	0.641269607	0.642703393	0.642183464	0.640423522	0.639967525	0.643335283	0.644397159	0.646103479	0.647325229	0.64804332	0.649277773	0.64974781	0.651132147	0.651215984	0.652048557	0.651186643	0.651706645	0.650549211	0.65071099	0.650439166	0.650514316	0.649286757	0.650310691	0.650248637	0.649344826	0.649954984	0.64902589	0.650138737	0.649663524	0.649450811	0.64836978	0.647868837	0.647960792	0.646002545	0.644903637	0.643536771	0.644187366	0.643468127	0.643764168	0.643483354	0.643587549	0.643010518	0.640041457	0.639578313	0.640791145	0.637758305	0.637595005	0.635904308	0.633784287	0.630478079	0.627566615	0.629536403	0.627362071	0.624492047	0.627398311	0.625823075	0.62566481	0.622379076	0.624433004	0.623084244	0.625777517	0.624145043	0.621701575	0.621577751	0.619512161	0.504345921
Cs_-N+Fe	Cs	-N+Fe	2.297	0.129842148	0.112059533	0.099165027	0.089713143	0.085230217	0.082194083	0.078985785	0.072604346	0.07069308	0.068559711	0.066077584	0.065177089	0.062967532	0.06093673	0.059123208	0.056876975	0.054222926	0.0520274	0.050330651	0.049583664	0.050634757	0.051873015	0.05312996	0.05302902	0.052852382	0.052866227	0.052724588	0.052242209	0.052133926	0.051730149	0.051932478	0.051246257	0.051242884	0.051135539	0.051448345	0.051845633	0.052242585	0.053813704	0.055294294	0.057963324	0.061718741	0.066431661	0.07257559	0.079837247	0.08826671	0.096340311	0.103497722	0.109460738	0.113731529	0.116336455	0.11816315	0.119797957	0.120814826	0.122099162	0.122456259	0.121764417	0.118902654	0.114906024	0.110001687	0.103992946	0.098058215	0.092598531	0.087671913	0.083754788	0.080358167	0.078056576	0.075838425	0.074102375	0.072988066	0.071823694	0.070935618	0.069585297	0.068400584	0.066673189	0.064878881	0.063251778	0.061624036	0.060574708	0.059971317	0.059650151	0.058880427	0.058450168	0.057170969	0.056070276	0.054285998	0.052663683	0.051620951	0.050499147	0.050069657	0.049496876	0.048876691	0.048303078	0.047884719	0.047891406	0.048254708	0.048724594	0.049797494	0.050901682	0.052472524	0.05455215	0.058341645	0.065884577	0.078723005	0.097525298	0.122114767	0.150665849	0.182149102	0.215409127	0.251090615	0.287050754	0.325323096	0.363494804	0.397108082	0.431689817	0.461836343	0.488706172	0.510789979	0.530855632	0.549919932	0.565488423	0.581076838	0.596446997	0.613611025	0.628592193	0.644609464	0.65932956	0.672979866	0.684115849	0.693677413	0.702346342	0.708328377	0.713550984	0.71921811	0.724156612	0.727486227	0.729946465	0.731652885	0.732899853	0.734534447	0.736387237	0.739090888	0.741583672	0.74577185	0.748673443	0.747730028	0.746789175	0.748161697	0.748162674	0.748042517	0.747983436	0.748734456	0.748455549	0.748237749	0.747836694	0.748041129	0.748720802	0.748724093	0.749980764	0.750129361	0.748322989	0.749919932	0.749082887	0.746762538	0.746644448	0.74631651	0.745237123	0.744722214	0.744618033	0.744608561	0.743334579	0.744024067	0.741403526	0.742007305	0.741799364	0.741965069	0.741702681	0.740164565	0.740092516	0.738607964	0.737160924	0.732393823	0.730291481	0.730635884	0.726492773	0.723765479	0.722735038	0.717619143	0.712659598	0.705873536	0.705884663	0.701522107	0.699260291	0.702304411	0.699268845	0.696594596	0.69395225	0.697045503	0.696224381	0.696422466	0.696903567	0.694592372	0.696176841	0.694714371	0.558332269
Cs_-N+Fe	Cs	-N+Fe	7.726	0.118916585	0.103541508	0.091186674	0.082661171	0.078073809	0.075218622	0.071450074	0.067802742	0.06546785	0.062930906	0.060934501	0.059368761	0.057323181	0.055450422	0.053664664	0.052177828	0.049868995	0.04777468	0.04640413	0.045997276	0.047110634	0.048072766	0.048942956	0.048693412	0.048487759	0.048305063	0.048062409	0.047777796	0.047527773	0.047207616	0.047219734	0.047141376	0.047224032	0.047563868	0.048435682	0.049575874	0.051618087	0.054779974	0.059109722	0.065415961	0.073614992	0.083831518	0.096028324	0.109745516	0.123896142	0.136950079	0.148047146	0.156749296	0.16280401	0.166723827	0.169794976	0.171815069	0.173519701	0.174640896	0.175025187	0.173695085	0.170516392	0.165264427	0.158412398	0.149838539	0.14064118	0.132218264	0.124548171	0.118266323	0.112886203	0.108553002	0.104787067	0.101830257	0.099534474	0.097683456	0.096036701	0.093978669	0.091408404	0.088326297	0.084670348	0.081306287	0.078251617	0.075621593	0.073994971	0.073591176	0.073232252	0.072556999	0.070567241	0.067031411	0.063100333	0.058866356	0.055567259	0.053165899	0.051753861	0.050476063	0.048914143	0.047350666	0.045905188	0.045160188	0.045069348	0.045247665	0.046143431	0.047391696	0.049497156	0.053446257	0.061668991	0.076839619	0.10134249	0.132940298	0.169472533	0.206890599	0.243901867	0.278439942	0.311679022	0.342375415	0.369558779	0.398309871	0.423514205	0.445016659	0.463410738	0.479538703	0.492978771	0.505154993	0.516643001	0.526934113	0.537739638	0.549190958	0.562758597	0.576163115	0.590573193	0.60489969	0.619127098	0.630558748	0.641588579	0.649636423	0.656432178	0.661066473	0.666210498	0.669398785	0.67326504	0.675683399	0.677898791	0.680524104	0.682050681	0.683599839	0.683824398	0.682852254	0.682501867	0.685689729	0.686350529	0.687935448	0.688993905	0.68967918	0.690568848	0.691021812	0.69263445	0.692587485	0.693593417	0.692792876	0.693082856	0.691972916	0.691993037	0.691511348	0.69192207	0.689973032	0.691006644	0.690618622	0.689529532	0.690168503	0.689157903	0.690083724	0.689693828	0.689111413	0.688396009	0.687804837	0.687307626	0.685756177	0.684582744	0.683322492	0.683267774	0.683245486	0.683346336	0.683182224	0.68318408	0.682293273	0.679035739	0.678657377	0.679635638	0.676423566	0.67620261	0.67490386	0.671951929	0.668300337	0.664771051	0.66718282	0.664331568	0.662091714	0.663692666	0.662211847	0.661940036	0.65906115	0.660935609	0.659529205	0.661596536	0.661333785	0.657537979	0.657324386	0.655366564	0.526025849
Cs_-N+Fe	Cs	-N+Fe	23.499	0.130854634	0.115089332	0.102344017	0.093716142	0.089029865	0.084491095	0.079711079	0.075341848	0.073033768	0.070773821	0.068047722	0.06624427	0.063866869	0.061978162	0.060468972	0.058327659	0.056012877	0.054030018	0.052550986	0.052561967	0.053792629	0.055390728	0.056272234	0.056086683	0.056262479	0.056013099	0.055999467	0.055534532	0.055619063	0.055387588	0.055578516	0.055495363	0.055677714	0.056091032	0.057242322	0.058879868	0.06133992	0.065043796	0.069931972	0.076912727	0.085547388	0.09648375	0.109252123	0.123717607	0.138435358	0.151931178	0.163593138	0.172848058	0.179479043	0.183859275	0.18675586	0.1888454	0.190918201	0.192976202	0.193587261	0.192410909	0.1889921	0.18357777	0.176902723	0.16834334	0.159321393	0.150576289	0.142504313	0.135836788	0.130316582	0.125886386	0.122003118	0.119059951	0.116590505	0.114645196	0.112904221	0.110848274	0.108175666	0.105019211	0.101132146	0.097441	0.094059689	0.091429224	0.089876735	0.088861852	0.087929615	0.086683544	0.084358701	0.080929452	0.076468388	0.072037898	0.068311227	0.065461453	0.063751482	0.062007824	0.059934684	0.057501694	0.055362987	0.054121485	0.053991136	0.054302995	0.055366951	0.057302565	0.060172975	0.065373246	0.075234592	0.092599775	0.118766188	0.151747287	0.188920021	0.227608401	0.26580442	0.302806245	0.338347819	0.372074403	0.40625167	0.436344749	0.463012333	0.488499733	0.510442767	0.528332457	0.543951831	0.557061834	0.570320764	0.581501564	0.593695523	0.605850167	0.620335795	0.634130556	0.648562013	0.662488244	0.675043111	0.686106528	0.696104482	0.704241847	0.710075466	0.715689182	0.720846729	0.725538387	0.729031144	0.731329523	0.733037484	0.734559603	0.736484956	0.73791413	0.740046807	0.741690261	0.745418868	0.746803849	0.746950403	0.747304725	0.748209108	0.747770515	0.748252503	0.748673553	0.749140553	0.749261257	0.748961635	0.749641562	0.74972868	0.749027244	0.749428024	0.750050441	0.750553827	0.749000808	0.750136128	0.748928633	0.747565165	0.746859247	0.746237908	0.746170224	0.746164886	0.745523047	0.745431982	0.744952687	0.745289683	0.744299442	0.743583408	0.743667466	0.743229801	0.743470266	0.74313053	0.742496164	0.741482163	0.741476748	0.73723685	0.736498435	0.736577061	0.733079683	0.73163462	0.730662353	0.727127534	0.722824632	0.718648429	0.718971734	0.715844194	0.712536925	0.715264914	0.712592478	0.711990713	0.709271159	0.711087452	0.70994718	0.712110298	0.711247516	0.708192565	0.709687911	0.706788469	0.568069953
Cs_-N+Fe	Cs	-N+Fe	34.207	0.123947907	0.108973494	0.096089325	0.087062838	0.08192666	0.079375129	0.075393933	0.071599392	0.069273268	0.066632833	0.06455765	0.062671269	0.060392995	0.058608241	0.056619302	0.054966695	0.052864406	0.050778296	0.049593208	0.04951908	0.050873049	0.052140302	0.052894587	0.052644764	0.052523082	0.052307648	0.051992835	0.051751836	0.051562373	0.05138411	0.05156875	0.051602837	0.051952056	0.052551712	0.053953873	0.055794028	0.058725953	0.063271281	0.06914438	0.077191891	0.087412733	0.100048025	0.114488109	0.130149487	0.145933907	0.160202705	0.172231331	0.181507369	0.187787442	0.191818464	0.194936724	0.197054654	0.198684876	0.199746865	0.200012958	0.198790116	0.195452303	0.190055993	0.182756826	0.173844184	0.164025002	0.154870924	0.146575334	0.139611845	0.133622136	0.128812339	0.12458971	0.12123913	0.118771166	0.116663413	0.114840279	0.112410296	0.109447	0.10568543	0.10146345	0.09724948	0.093486265	0.090212454	0.088385495	0.087957963	0.08763844	0.08691699	0.08451918	0.080436196	0.075569619	0.070137684	0.065789144	0.062591466	0.060531426	0.058620629	0.056330798	0.053913846	0.051759055	0.050486984	0.050129783	0.050359182	0.051336087	0.052916693	0.05558537	0.060667169	0.070958543	0.089227206	0.117261059	0.152032415	0.190682728	0.229071376	0.265847847	0.299576277	0.331230521	0.359248464	0.384224934	0.411376992	0.434133654	0.453063829	0.469221101	0.48374562	0.495431731	0.505832177	0.51626241	0.525583771	0.535326383	0.545926469	0.558727842	0.571305144	0.585237859	0.598586522	0.612661556	0.623793506	0.634863569	0.642254274	0.648838582	0.653726134	0.658409091	0.661599201	0.665565238	0.668327712	0.670452187	0.67314485	0.67439538	0.675968284	0.675457767	0.673766376	0.673166835	0.676464856	0.677401881	0.679214746	0.68034686	0.68094501	0.682026354	0.682538746	0.684010207	0.684292062	0.685126451	0.68404727	0.684798606	0.683380384	0.683536914	0.683274701	0.683779477	0.682184372	0.682954924	0.682892379	0.681854458	0.6828634	0.681698319	0.682614642	0.682138719	0.681787625	0.681058433	0.680244496	0.680141698	0.678711006	0.677547738	0.676208863	0.676650459	0.676739826	0.676912891	0.676883774	0.67668436	0.675942993	0.673016226	0.672599292	0.673563855	0.670792831	0.67016201	0.668708868	0.666213062	0.662880689	0.659495821	0.661125655	0.658998938	0.656735178	0.659492766	0.657857478	0.657103052	0.654256509	0.65679979	0.655441217	0.657284276	0.65674485	0.653570358	0.653605439	0.651805876	0.525639906
Cs_-N+Fe	Cs	-N+Fe	37.28	0.128789546	0.110604535	0.098292865	0.089417845	0.083828759	0.080134985	0.07558468	0.071291143	0.068399977	0.066090194	0.063259713	0.061228723	0.058719478	0.056754909	0.054818365	0.052808048	0.050315777	0.048189223	0.046606343	0.046297203	0.047426967	0.048873871	0.049792007	0.049730749	0.049729762	0.049587283	0.049566267	0.049135306	0.049140691	0.048963504	0.049177877	0.049060233	0.049352546	0.04992843	0.051253787	0.053060733	0.055954144	0.060278584	0.066070952	0.074179377	0.084309211	0.096928545	0.1115112	0.127669178	0.143745021	0.158264689	0.170363492	0.179731673	0.186155272	0.190441959	0.193240536	0.195234867	0.197098292	0.198826854	0.199204052	0.197705623	0.194120104	0.188403352	0.181044284	0.172036387	0.16239952	0.153023369	0.144429006	0.137348339	0.131414576	0.126543437	0.12222137	0.11884651	0.116149667	0.113999771	0.112027744	0.109655203	0.10674495	0.103282583	0.099071242	0.095046542	0.091454608	0.088518837	0.086702419	0.085601033	0.084705657	0.08336478	0.080803815	0.076733481	0.071699923	0.066611103	0.062415278	0.05927828	0.057437274	0.055627472	0.053548693	0.051251323	0.049287029	0.048183981	0.048214159	0.048827319	0.050162805	0.052134683	0.055126248	0.060573162	0.071099418	0.08999449	0.118536116	0.153955306	0.192608351	0.231898675	0.269127881	0.303839462	0.336204026	0.365746316	0.394753139	0.419125627	0.441345198	0.461115663	0.478612331	0.49238138	0.504652634	0.515098333	0.526012083	0.535431141	0.545917051	0.556947244	0.570487856	0.583739	0.597961915	0.611723075	0.624573952	0.63578218	0.645814334	0.653766503	0.660030919	0.665739621	0.670847716	0.67479924	0.678417025	0.680719229	0.682502187	0.684447023	0.686291112	0.687918203	0.689868045	0.691494535	0.694410593	0.695840318	0.696565945	0.696814915	0.697139014	0.69733292	0.698089074	0.69801099	0.698678962	0.6986624	0.698615123	0.69880249	0.698935214	0.698321267	0.69847899	0.698717499	0.699196628	0.697884853	0.698873469	0.698226294	0.696802419	0.696737459	0.695983121	0.695819324	0.696327002	0.695571018	0.695695947	0.695201063	0.695331829	0.694424568	0.693880768	0.693124802	0.693419151	0.693949441	0.693357771	0.693124878	0.692202291	0.692125027	0.688549816	0.688669635	0.689855115	0.686800811	0.686536875	0.685535852	0.683752848	0.680473226	0.677546262	0.679439698	0.67695998	0.674952269	0.676964948	0.674614518	0.673992853	0.671368636	0.672950492	0.672507714	0.673369419	0.673300654	0.670258834	0.671375183	0.669481511	0.539851058
Cs_-N+Fe	Cs	-N+Fe	44.567	0.117801293	0.102818445	0.090356841	0.081462934	0.076420162	0.074004505	0.070315849	0.066625437	0.064218987	0.061581413	0.059663395	0.057903529	0.055773096	0.053959053	0.052046186	0.050416123	0.048320831	0.04633872	0.045180242	0.044913214	0.046091935	0.047206554	0.047737493	0.047486469	0.047333115	0.047126617	0.046802704	0.046506409	0.046321782	0.046161316	0.046320401	0.046290161	0.046571336	0.047062305	0.048290409	0.049820069	0.05236493	0.056286318	0.061462356	0.068599885	0.077723633	0.089010308	0.102041823	0.116318383	0.130905074	0.144136203	0.155289207	0.163866097	0.169672767	0.173373766	0.176208767	0.178134558	0.179565685	0.180530101	0.180757671	0.179573304	0.176390687	0.171263217	0.164469374	0.156073974	0.146991109	0.138537046	0.130848826	0.124449232	0.118923672	0.114456707	0.110606648	0.107491939	0.105235037	0.103316474	0.101674356	0.099454605	0.096810477	0.093429534	0.089585598	0.085785323	0.082413671	0.079510234	0.077901627	0.077529133	0.077254711	0.076588061	0.074358278	0.070662586	0.066335939	0.061543202	0.057812078	0.055028268	0.053299294	0.051696406	0.04974592	0.047705661	0.045859676	0.044822557	0.044604054	0.044869401	0.045843424	0.047322712	0.049727898	0.05428822	0.063452458	0.079920179	0.105151312	0.137037255	0.172896398	0.208911844	0.243759239	0.276065548	0.30666042	0.333558149	0.358431251	0.38484176	0.40720262	0.426013522	0.442048952	0.456677515	0.468497744	0.478637581	0.489071041	0.498146941	0.507750495	0.518060924	0.530527704	0.542547368	0.55612339	0.569262141	0.583077564	0.59409116	0.604794127	0.612199719	0.61869004	0.623252587	0.627836237	0.631056777	0.634843273	0.637670812	0.639682756	0.642081398	0.643310738	0.644786814	0.644259297	0.642213022	0.641938669	0.64523912	0.646442143	0.647911116	0.649203794	0.649733356	0.651198446	0.651189653	0.65272664	0.652986397	0.653773648	0.652636115	0.653192683	0.651840742	0.651913326	0.65162649	0.651674392	0.650418536	0.651132911	0.650928962	0.650023649	0.650636232	0.649697759	0.65067271	0.650053993	0.64984003	0.648724855	0.647849392	0.647704979	0.645825927	0.644912419	0.643408231	0.64370387	0.643465088	0.643576548	0.643236627	0.642902997	0.642332651	0.639237689	0.638744642	0.639698245	0.636549882	0.636215599	0.634430462	0.63181431	0.628682645	0.625724619	0.626929277	0.624853291	0.622280183	0.62494436	0.622001625	0.621854295	0.618879456	0.621074209	0.619791206	0.621344316	0.620310811	0.617858728	0.617599986	0.615254039	0.498977247
Cs_-N+Fe	Cs	-N+Fe	41.067	0.130952881	0.114165331	0.10092277	0.093683995	0.086128559	0.081192338	0.077514496	0.073986163	0.070812399	0.068139694	0.065887261	0.0636941	0.061926546	0.059842193	0.057676393	0.055477646	0.053627758	0.050908829	0.0493048	0.049195721	0.050295019	0.05161585	0.052804462	0.052912808	0.052662824	0.052509226	0.05250015	0.052472161	0.052116582	0.052054861	0.052221452	0.052101355	0.052288491	0.052898247	0.053837982	0.055461239	0.05791433	0.061494834	0.066881456	0.074252508	0.083635442	0.095362262	0.109303621	0.124671293	0.140302399	0.154506272	0.166425122	0.175762696	0.182207291	0.18643656	0.189208874	0.191275378	0.192987917	0.194837091	0.195517225	0.194205279	0.190243136	0.184514608	0.176911755	0.167882388	0.158142997	0.148941242	0.140672193	0.133502723	0.127668157	0.122898575	0.11889695	0.115719476	0.113229255	0.111032598	0.109066703	0.106840991	0.104136465	0.100569638	0.096639971	0.092797476	0.089426068	0.086837733	0.08528124	0.084202934	0.083100004	0.081700125	0.07908271	0.075541807	0.071073721	0.066630071	0.062974966	0.060358466	0.058655378	0.057193851	0.055393461	0.053400349	0.051908958	0.051289978	0.051460601	0.052377956	0.054000437	0.056026883	0.058953992	0.063714734	0.073036602	0.090161735	0.116757309	0.150662701	0.188824412	0.227536932	0.265016752	0.300741548	0.334382273	0.365841248	0.396558637	0.425178132	0.447316195	0.46804457	0.486783418	0.502524309	0.515191078	0.526383386	0.538097058	0.547745262	0.558738372	0.570111751	0.584282103	0.597748343	0.612889283	0.627374733	0.64088709	0.651931185	0.662674128	0.670912781	0.67729047	0.683113447	0.689179018	0.694087651	0.697660989	0.700196601	0.701575931	0.702765992	0.704087237	0.705988074	0.708231877	0.710697543	0.715047948	0.718360791	0.718800927	0.718207028	0.718382912	0.718366818	0.718830003	0.718249008	0.718614027	0.718443019	0.718009808	0.717683758	0.717902857	0.717113203	0.71745851	0.718331693	0.718614289	0.717674954	0.718194874	0.718421005	0.715970598	0.716356825	0.714924698	0.714848356	0.714446758	0.713619299	0.71344261	0.71314291	0.713605644	0.712364361	0.712060919	0.711191978	0.711854839	0.711451731	0.711114072	0.710988887	0.709677169	0.70882312	0.705339629	0.705223079	0.706015444	0.703424342	0.703199732	0.702530992	0.700286519	0.697057989	0.694215645	0.695876637	0.693401772	0.690826157	0.69341993	0.691033201	0.690728059	0.686629813	0.688769416	0.687515791	0.688771925	0.68859279	0.684591591	0.685834637	0.684040477	0.551324154
Cs_-N+Fe	Cs	-N+Fe	29.308	0.127525142	0.109932648	0.097350571	0.087886912	0.081890266	0.076481438	0.073058194	0.070258178	0.066915025	0.064441172	0.062157423	0.059875161	0.057517037	0.055683495	0.053713757	0.051696666	0.049778991	0.047477596	0.045963948	0.04582063	0.046780475	0.047896915	0.048805923	0.048553454	0.048246956	0.048043659	0.047926358	0.047504559	0.047490807	0.047113444	0.04737699	0.047109476	0.047401206	0.047893294	0.048871458	0.050558675	0.053077882	0.056708012	0.062148099	0.069662063	0.0790738	0.09094869	0.104880253	0.120345014	0.135554657	0.149755657	0.161697113	0.170932079	0.1773877	0.181517172	0.184702233	0.186739425	0.188755652	0.189932881	0.190271962	0.188854691	0.185519103	0.179911848	0.172596462	0.163603248	0.153916582	0.144833048	0.136596767	0.129706486	0.123859747	0.119100933	0.115009073	0.111824309	0.109317473	0.107342817	0.105469281	0.103250691	0.100390418	0.096630466	0.092589343	0.08855175	0.085010509	0.08205773	0.080365201	0.079646709	0.07933939	0.078287596	0.076127764	0.072225615	0.067687188	0.062915979	0.05883379	0.05615194	0.054292598	0.05270265	0.05076133	0.048630713	0.046831892	0.0459281	0.045829417	0.046358967	0.047550621	0.049264512	0.051895831	0.056646928	0.066287005	0.083854801	0.111151328	0.145098433	0.183469932	0.221992601	0.25948655	0.294280114	0.327384462	0.35814841	0.384981165	0.412624233	0.437270557	0.457877901	0.475495448	0.491139484	0.503975409	0.515537616	0.526519616	0.536101814	0.546252529	0.557076064	0.569881398	0.582658971	0.596256925	0.609786623	0.623160446	0.634101385	0.644553127	0.652142266	0.658493334	0.663044287	0.66773609	0.670828081	0.674882433	0.676652735	0.67906115	0.681567802	0.68334435	0.684911908	0.685389847	0.684753513	0.684353828	0.687252103	0.68825013	0.689500518	0.690361294	0.690832758	0.691587866	0.692305917	0.69369627	0.693559366	0.69450934	0.694103294	0.694015728	0.693112878	0.693176635	0.692433383	0.692741923	0.690955922	0.692170109	0.691794067	0.69074111	0.690922245	0.690370817	0.690988845	0.690880813	0.690454321	0.689747351	0.689474342	0.689069073	0.687514864	0.686477179	0.685382791	0.685574135	0.685246239	0.685245018	0.685527083	0.685225074	0.684597496	0.681964828	0.68148015	0.682447621	0.679952074	0.67990272	0.678629436	0.67630052	0.672714386	0.669991026	0.672077203	0.669012958	0.667107826	0.669230917	0.667437349	0.667690222	0.665214693	0.667272182	0.666732277	0.667897749	0.668024544	0.664647659	0.665072235	0.662889471	0.535757385
Cs_-N+Fe	Cs	-N+Fe	35.621	0.129296365	0.112211391	0.099073208	0.092248456	0.085208486	0.080434945	0.076741928	0.073396771	0.070474739	0.067927537	0.065847704	0.063833078	0.062031389	0.06002024	0.057962316	0.055845592	0.054018119	0.051345455	0.049825314	0.049794156	0.050832864	0.052202867	0.053401546	0.05351327	0.053195876	0.053102445	0.053090955	0.053038278	0.052753378	0.052637615	0.052818676	0.052685729	0.052903809	0.053582513	0.054518808	0.056183295	0.058818514	0.062502485	0.068029492	0.075604335	0.085265543	0.09725768	0.111463745	0.126955304	0.142569319	0.156591881	0.168423147	0.17764844	0.184180321	0.188552907	0.191509	0.193808129	0.195660124	0.197666629	0.198419053	0.197152902	0.193356304	0.187729762	0.18016767	0.171102759	0.161384921	0.152114864	0.143778299	0.136555219	0.130752899	0.126049299	0.121992068	0.118805441	0.116294476	0.114086533	0.11204775	0.109773713	0.10691703	0.103273003	0.099197379	0.095231356	0.091731227	0.089049516	0.087423118	0.086241366	0.085111446	0.083830053	0.081187844	0.077602401	0.072942646	0.068260169	0.064330364	0.061390296	0.059508359	0.057727922	0.055655188	0.053334546	0.051492779	0.050480931	0.050183829	0.050578071	0.051542636	0.052916938	0.05526017	0.059829851	0.069524131	0.087520952	0.115434	0.150728739	0.190225296	0.230041292	0.268204412	0.304264109	0.337573335	0.368569781	0.39862342	0.426112238	0.447429905	0.46771622	0.485682624	0.500651566	0.512786344	0.523603653	0.535064197	0.544714558	0.555751276	0.567483136	0.581771159	0.595056365	0.610217198	0.624507143	0.637790932	0.649049604	0.659699214	0.668078693	0.67451693	0.680410628	0.686421163	0.691177383	0.694877771	0.697722793	0.699109543	0.700559529	0.702010068	0.704114761	0.706370998	0.708749903	0.713173941	0.71611002	0.716492626	0.715991628	0.716404386	0.716310882	0.716939671	0.716559961	0.71736749	0.717243236	0.716981546	0.717010817	0.717395783	0.717019478	0.717330654	0.718569442	0.718814863	0.717878429	0.71878028	0.718964717	0.716722711	0.717363437	0.716083901	0.715991678	0.715506611	0.715149121	0.715056454	0.714922583	0.715624972	0.714478912	0.714629292	0.714383553	0.715042775	0.714886511	0.714463089	0.714661449	0.713444465	0.712895518	0.709565089	0.709511233	0.710518543	0.707728914	0.707999692	0.707399694	0.705245255	0.701853225	0.699257949	0.700942003	0.69898899	0.696615012	0.699146511	0.697380993	0.696670548	0.692858665	0.695382684	0.69393966	0.695752127	0.695903098	0.691848666	0.693140471	0.690935552	0.556657379
Cs_-N+Fe	Cs	-N+Fe	20.607	0.133800384	0.116334972	0.103714047	0.093768438	0.088291775	0.082253048	0.078681323	0.07566718	0.072209793	0.069506076	0.067329994	0.064972282	0.06271916	0.060776537	0.058804274	0.056784549	0.054815515	0.052474935	0.050724777	0.050549599	0.051394465	0.052446213	0.053150504	0.052947687	0.052543935	0.052267198	0.05216989	0.051742344	0.051622298	0.051197764	0.051310037	0.050899786	0.051002377	0.051153322	0.05158732	0.052439604	0.053822737	0.055866545	0.059065999	0.063760173	0.069916842	0.078068402	0.088034385	0.099782299	0.11174176	0.12330386	0.133277172	0.141152327	0.146565497	0.150191158	0.152765568	0.154640881	0.156383685	0.157329736	0.157690276	0.156437241	0.153421249	0.148627013	0.142232767	0.134365284	0.126166782	0.118599839	0.111826386	0.106299264	0.101634244	0.097929419	0.094758392	0.092266101	0.090357532	0.088815513	0.087428774	0.085780112	0.083728642	0.081006949	0.078188488	0.075335701	0.072875123	0.070799404	0.069646726	0.069271809	0.069153625	0.068440303	0.066999625	0.064326914	0.061416301	0.058369577	0.055885142	0.054404214	0.053379159	0.052593362	0.051649202	0.050586535	0.049703687	0.049470347	0.049632677	0.050247181	0.051341585	0.052691741	0.054619552	0.057645865	0.063594517	0.07497587	0.094494988	0.120788945	0.153342162	0.187939619	0.223434828	0.258115552	0.292457357	0.325029132	0.354605977	0.386030156	0.413975943	0.437947361	0.458669363	0.477145342	0.492482963	0.506069939	0.518531336	0.529759139	0.540666902	0.552541654	0.565953369	0.579084625	0.593108889	0.606876696	0.620720983	0.631919731	0.642776237	0.650357974	0.656773768	0.661429023	0.666283442	0.669290835	0.673089969	0.675689675	0.67809649	0.680530108	0.682496409	0.684021829	0.684225227	0.682972909	0.682673764	0.68577234	0.686501637	0.688189899	0.688984788	0.689564008	0.690500538	0.691106612	0.692689511	0.692741397	0.693838847	0.69340096	0.693496619	0.692489345	0.692551283	0.692065852	0.692506553	0.690870814	0.691927956	0.692116719	0.690763785	0.691342461	0.690434838	0.691025708	0.691232154	0.690798048	0.68993626	0.689834303	0.689609833	0.688285665	0.687516106	0.686257638	0.686519002	0.686420068	0.686406593	0.686919826	0.686640633	0.685855984	0.683330984	0.683065049	0.684205758	0.681143528	0.680847537	0.679229541	0.677131978	0.673350536	0.670621506	0.672686156	0.670114717	0.668115458	0.670762285	0.668780443	0.668810258	0.666500037	0.669150579	0.668278829	0.670107203	0.669740177	0.666268399	0.66615324	0.664992353	0.538721468
Cs_-N+Fe	Cs	-N+Fe	37.039	0.12630841	0.109659805	0.096347532	0.089487105	0.082099751	0.077540728	0.073922343	0.070605525	0.067796183	0.065050943	0.063085241	0.061022906	0.059172131	0.057202062	0.055182503	0.053047433	0.051313307	0.048677712	0.047150258	0.047010703	0.0478504	0.048984658	0.050025278	0.050043554	0.049771951	0.049579604	0.049577292	0.049518789	0.049249521	0.049070592	0.04918815	0.049092825	0.04923403	0.049775731	0.050481466	0.051842729	0.053881631	0.05685066	0.061425863	0.067747576	0.07595361	0.08622786	0.098644776	0.112469791	0.126523705	0.139409078	0.150250115	0.158815081	0.164782406	0.168830196	0.171526915	0.173557462	0.175218071	0.177094238	0.177772035	0.176546916	0.173008268	0.167724428	0.16074228	0.152348779	0.143426189	0.134980322	0.127437493	0.120879984	0.115661518	0.111426113	0.107789895	0.104947967	0.102689166	0.100786703	0.099028644	0.097020275	0.094578165	0.091391683	0.08784491	0.084464789	0.081445785	0.079126353	0.077779236	0.076801145	0.075848505	0.074714963	0.072429558	0.069344896	0.065391976	0.061510247	0.058287286	0.055914181	0.054410898	0.053041181	0.051440859	0.049613829	0.048207317	0.047497041	0.047331128	0.047815606	0.048791631	0.050091761	0.052213279	0.055987172	0.063945077	0.078979682	0.102862056	0.13421735	0.170273288	0.20740794	0.243904985	0.278947306	0.311760783	0.34270513	0.372885371	0.400567935	0.422670161	0.44370904	0.462369513	0.477620749	0.490403268	0.50149723	0.513190838	0.522838666	0.533537683	0.544552397	0.558124026	0.570760708	0.58494326	0.598405972	0.610997204	0.621461765	0.631534694	0.639276408	0.64526974	0.650810751	0.656246567	0.660737359	0.664343455	0.666754803	0.668212031	0.669610089	0.671087682	0.672960395	0.675287344	0.677464561	0.681616576	0.684181751	0.684614862	0.684290972	0.684706714	0.684766586	0.685350481	0.685061822	0.685626177	0.685583311	0.685356917	0.685241386	0.685445481	0.685128987	0.685389078	0.686473069	0.686907665	0.68588092	0.686757011	0.687052442	0.68513446	0.685423446	0.684446134	0.684121045	0.683754644	0.683445499	0.683212193	0.683039306	0.683446295	0.682587704	0.682226581	0.681708213	0.682157402	0.682207353	0.68178199	0.681582632	0.680301831	0.679861124	0.676418063	0.676461988	0.677254413	0.674698712	0.674839012	0.673767755	0.671851448	0.668526475	0.666112539	0.667740172	0.66547465	0.663256376	0.665432915	0.663385038	0.662583335	0.65888886	0.660966003	0.659909266	0.66113793	0.661143577	0.657033374	0.65807178	0.656367782	0.529822684
Cs_-N+Fe	Cs	-N+Fe	24.839	0.123954068	0.107646594	0.095468465	0.085845413	0.08001468	0.074347141	0.071293721	0.06857781	0.065644121	0.062941615	0.060831224	0.058788543	0.056558948	0.054617581	0.05276044	0.050965904	0.049206824	0.04704315	0.045473154	0.045609754	0.046513284	0.047668254	0.048359259	0.04807368	0.0478255	0.047360648	0.047275841	0.046852784	0.046799691	0.04653554	0.046648418	0.046516334	0.046839277	0.047365291	0.048317636	0.049995796	0.052450211	0.056045467	0.061072176	0.068098005	0.076875576	0.087908763	0.100849703	0.114956837	0.12896029	0.141928276	0.152874544	0.161310523	0.167042068	0.170747399	0.17347377	0.175470556	0.177056283	0.178109541	0.178380619	0.177188859	0.174178159	0.16920329	0.162468305	0.154306283	0.145443279	0.137151586	0.129691753	0.123395645	0.117965557	0.113587373	0.109786676	0.106783815	0.104473421	0.102686715	0.100948717	0.098876254	0.096323014	0.092879552	0.089264803	0.085521518	0.08230731	0.079397215	0.077963452	0.077492901	0.07719371	0.076333582	0.074210083	0.070388884	0.066076605	0.0614783	0.057545266	0.055034327	0.053324221	0.051860244	0.050034743	0.047886725	0.046086839	0.045122828	0.044817668	0.045086697	0.046117556	0.047527545	0.049950511	0.054550414	0.063888717	0.080484224	0.106103102	0.137816402	0.173695571	0.209373883	0.243865185	0.275789798	0.30621198	0.333570222	0.357635556	0.383896117	0.406148623	0.424955347	0.440961285	0.455414255	0.467230134	0.477842809	0.488203106	0.49746775	0.507139684	0.517623136	0.530232459	0.542522492	0.556195522	0.569542631	0.583330643	0.594243838	0.604925669	0.612294336	0.61877646	0.623571507	0.628119945	0.631204174	0.634946617	0.637664564	0.639968987	0.642361221	0.643933136	0.645384935	0.645264176	0.643764687	0.643125364	0.646465504	0.64734551	0.649173099	0.650184354	0.650737642	0.651813613	0.652430878	0.6538966	0.654069727	0.654987774	0.654015604	0.654451518	0.653185955	0.653537917	0.653100921	0.653676644	0.652381729	0.653149711	0.653069387	0.651985253	0.652943566	0.651906659	0.652823401	0.652494673	0.652492334	0.651281987	0.650732849	0.650745182	0.649007672	0.648246402	0.646879171	0.647127796	0.646986423	0.647124723	0.646674496	0.646671695	0.646051821	0.643948241	0.643032121	0.643908814	0.641228371	0.641183015	0.639540663	0.637354625	0.633856867	0.631276985	0.633286792	0.630586123	0.628720115	0.631062538	0.629557987	0.629058166	0.62672113	0.629080221	0.628069443	0.629178964	0.628867038	0.625990194	0.625672693	0.625056291	0.506504295
Cs_-N+Fe	Cs	-N+Fe	18.477	0.121038136	0.106259412	0.095343843	0.086597563	0.079672801	0.075757458	0.071798587	0.068451367	0.064974334	0.062787428	0.06060463	0.058485062	0.057034858	0.055134981	0.052707042	0.050870394	0.049029147	0.04686022	0.04528631	0.045099728	0.046484228	0.047558402	0.048419666	0.048537708	0.04832701	0.047884945	0.047979168	0.047907456	0.047469267	0.047290349	0.047358369	0.047289921	0.047497505	0.047994046	0.049012508	0.050522194	0.053113142	0.056780953	0.062207253	0.069500858	0.078922228	0.09041163	0.103955712	0.118819401	0.13381262	0.147186204	0.158377053	0.166982306	0.173034484	0.177040686	0.17961961	0.181443233	0.182921423	0.184678314	0.185159443	0.183917809	0.180038785	0.174564262	0.167275017	0.158416978	0.149155345	0.14023991	0.132193075	0.125475418	0.119910438	0.115222813	0.111417498	0.108360517	0.105876045	0.103838551	0.101973029	0.099832363	0.097034113	0.093626258	0.089838634	0.086209113	0.08284541	0.080390902	0.078820812	0.077886546	0.076847012	0.075593774	0.073046016	0.069596715	0.065174897	0.060703229	0.057075797	0.054452218	0.052718265	0.051333802	0.049489953	0.047398395	0.045833255	0.045029573	0.045108031	0.045725761	0.047153452	0.048911175	0.051496407	0.056123505	0.065615539	0.082967451	0.10972291	0.143673534	0.181542729	0.219642728	0.256072119	0.290471424	0.322271011	0.351834102	0.380239353	0.406523611	0.426486537	0.44561186	0.46275038	0.477288533	0.489027268	0.499708572	0.511132876	0.520934533	0.532145991	0.544142947	0.559176119	0.573519368	0.589765903	0.605062385	0.619485064	0.63121638	0.642427724	0.651284893	0.658076854	0.664356054	0.67052662	0.675682891	0.679319559	0.68229558	0.683677218	0.684802099	0.686623705	0.688787679	0.690965833	0.693631374	0.697802514	0.701087581	0.701493281	0.700879451	0.701252075	0.701087087	0.701944236	0.70124793	0.701581175	0.701785001	0.70148465	0.701270237	0.701779931	0.701334539	0.701439413	0.702262184	0.703024556	0.702034643	0.703022066	0.703178694	0.7007933	0.701361795	0.699934999	0.699809372	0.6993342	0.69874019	0.698955374	0.698478456	0.69912004	0.698034446	0.69772565	0.69703047	0.697884422	0.697748151	0.696797566	0.696905257	0.695416898	0.694671273	0.691578169	0.69112282	0.69222122	0.689290892	0.68904656	0.688310017	0.685975478	0.683529865	0.679864706	0.680981058	0.679044148	0.676314943	0.678801262	0.676676873	0.675988597	0.672466352	0.673829145	0.673181403	0.674212742	0.673931039	0.670575039	0.670770095	0.668977223	0.538172776
Cs_-N+Fe	Cs	-N+Fe	11.808	0.121222757	0.105281128	0.094900135	0.086812842	0.079110911	0.075975906	0.070589342	0.068225634	0.063947307	0.061690329	0.059389236	0.057143208	0.055033827	0.053588806	0.051249554	0.049827703	0.048031842	0.045919082	0.044452674	0.044279648	0.045350776	0.0463631	0.046877613	0.046570739	0.04632245	0.045769307	0.045564321	0.045183907	0.044943799	0.0445882	0.044621748	0.044619139	0.044686257	0.045165284	0.046007668	0.047614869	0.050152311	0.053867427	0.059128148	0.066260244	0.075454135	0.086764571	0.099875827	0.11426152	0.12866723	0.14169913	0.152570622	0.160929076	0.166790844	0.170690402	0.173356157	0.175225674	0.176946566	0.177925032	0.178004388	0.176717745	0.173281272	0.168032065	0.161147847	0.152440223	0.143215733	0.134761308	0.126972931	0.120557106	0.115152713	0.110565009	0.106825003	0.103978153	0.101593619	0.09978775	0.098055434	0.095953446	0.093127061	0.089669757	0.085894734	0.082252374	0.078935387	0.076053071	0.074401553	0.073863209	0.073578348	0.072722437	0.070632724	0.06714399	0.062835466	0.058307214	0.054438323	0.051889701	0.050176795	0.048699222	0.04690343	0.044799604	0.04316869	0.042306105	0.04232676	0.042820393	0.043932136	0.045673853	0.048212801	0.052916926	0.062438415	0.079955519	0.106886431	0.14029871	0.177597165	0.214710842	0.250357559	0.282754041	0.313569925	0.341765554	0.366013896	0.390832235	0.413156674	0.431912532	0.44797616	0.462202056	0.474030927	0.485270764	0.496181589	0.505755578	0.516682913	0.528672707	0.543003169	0.557141223	0.572972937	0.588209462	0.603154551	0.615695891	0.627257493	0.635817336	0.643057038	0.648380903	0.653486458	0.657183426	0.661457969	0.663566756	0.666443267	0.668969026	0.670861853	0.672669451	0.673100338	0.672705839	0.67256371	0.675613266	0.676496537	0.677820993	0.679048007	0.679466348	0.680304725	0.681140106	0.682542188	0.682898323	0.68394555	0.683600268	0.683906965	0.682956458	0.682963448	0.682513373	0.683049056	0.681430867	0.682646839	0.682264207	0.681170273	0.682036266	0.681366057	0.681842896	0.681639943	0.681308167	0.680505476	0.680830521	0.680503546	0.679148421	0.677602654	0.676753886	0.676591091	0.67717101	0.676654853	0.676984332	0.677025667	0.676073566	0.673854153	0.67372619	0.674474692	0.671303985	0.672079087	0.670378794	0.668247103	0.66521915	0.662362836	0.664234826	0.661615268	0.659558575	0.661456115	0.65998969	0.659663755	0.657453371	0.659222339	0.658755781	0.660336115	0.659869144	0.656865793	0.655891191	0.653758804	0.52795183
Cs_-N+Fe	Cs	-N+Fe	24.442	0.129883457	0.113666668	0.101769265	0.092815301	0.085744324	0.081544099	0.077653502	0.074318643	0.070627934	0.068383123	0.066359951	0.064121823	0.062314098	0.060484744	0.057914571	0.055920677	0.053738051	0.051278573	0.049600439	0.049346793	0.050788335	0.052173569	0.053167204	0.05337886	0.053219373	0.052972547	0.053159187	0.053149513	0.05274118	0.052664854	0.052693061	0.052616256	0.052858021	0.053339372	0.054605057	0.056251487	0.059061184	0.063078476	0.069090027	0.076998897	0.087202751	0.099748953	0.114546213	0.130675546	0.146864836	0.161289355	0.173364109	0.182660311	0.189359244	0.193942156	0.196896566	0.199155007	0.201001716	0.203089272	0.20384244	0.202600776	0.198672388	0.192859992	0.185433553	0.176126094	0.166257684	0.156685697	0.148021373	0.140619045	0.134644884	0.12959842	0.12550907	0.122225747	0.119595147	0.117480103	0.1154896	0.113113495	0.109923468	0.106089625	0.101767256	0.097646542	0.093881638	0.09108521	0.089287048	0.088200808	0.087036842	0.085704115	0.083081996	0.07948251	0.074751626	0.069788021	0.065703312	0.062613243	0.060488598	0.058663919	0.056317082	0.053767502	0.05179574	0.050571133	0.050319478	0.050662152	0.051669515	0.053043589	0.055393704	0.060053084	0.070086555	0.088562084	0.116985348	0.152743328	0.192363016	0.232058916	0.269780723	0.305329082	0.337988348	0.368312622	0.397447097	0.424301314	0.444631183	0.46424912	0.481769904	0.495924026	0.507617354	0.518262212	0.529317558	0.538736888	0.549823922	0.561289387	0.575612265	0.589100413	0.60443441	0.618971568	0.632444555	0.643828853	0.654713422	0.663064851	0.66971751	0.675709263	0.681857256	0.686668038	0.690370995	0.693449384	0.694822299	0.696098939	0.697591753	0.699679141	0.70206322	0.704381099	0.708858098	0.711857353	0.712341464	0.71172702	0.711973844	0.712096154	0.712685027	0.712254131	0.71296126	0.712974523	0.712710054	0.712610382	0.713128952	0.712716728	0.713006188	0.714199939	0.71444781	0.713446134	0.71473039	0.71467556	0.712490476	0.713117768	0.711845755	0.711970274	0.711385473	0.711135379	0.711175754	0.711198405	0.712049881	0.710816472	0.711077419	0.710673306	0.711294918	0.711021076	0.710375109	0.710717863	0.709548556	0.708996624	0.705463759	0.70576189	0.706943351	0.704069755	0.703915553	0.703665142	0.701134663	0.698485139	0.695528008	0.697037998	0.69498812	0.69269834	0.695164574	0.692834071	0.692283055	0.689159528	0.691673406	0.690150396	0.691733707	0.692005982	0.687929533	0.689288918	0.687165513	0.555227012
Cs_-N+Fe	Cs	-N+Fe	27.931	0.127521625	0.110800793	0.10018116	0.092233952	0.085123645	0.082261689	0.077663973	0.075731898	0.071453648	0.069652218	0.067397977	0.065401937	0.063206449	0.061464155	0.059274723	0.057719055	0.055722915	0.053558919	0.052153526	0.052122508	0.053535674	0.054884891	0.055605942	0.055401232	0.055238763	0.054790809	0.054739134	0.054382405	0.054194686	0.053850221	0.053872716	0.053931373	0.054189606	0.054847407	0.055968546	0.057905704	0.060939263	0.06527553	0.071340045	0.079393878	0.089722769	0.10244789	0.117079286	0.132977304	0.148643921	0.162945863	0.174948798	0.184195014	0.190683207	0.195125748	0.198489486	0.2008946	0.203017924	0.204355875	0.204863981	0.203650225	0.200239692	0.194674149	0.187535342	0.178340464	0.168444264	0.159171173	0.150645199	0.143562684	0.137581063	0.132525587	0.128395908	0.125156951	0.122545199	0.120509942	0.118680202	0.116224888	0.112996884	0.108920033	0.104459673	0.100110008	0.09625012	0.092908343	0.090960456	0.090286854	0.090014886	0.089135023	0.086847832	0.082881355	0.077945494	0.072560384	0.067891958	0.06467565	0.062308404	0.060176465	0.057661271	0.054825516	0.052530089	0.05097492	0.050449817	0.050416376	0.05096963	0.052127275	0.054358594	0.059253413	0.069767152	0.088841088	0.118067097	0.153777968	0.193023286	0.232073345	0.269198482	0.303113878	0.334790363	0.363527687	0.387975773	0.413979133	0.436616083	0.455469142	0.471458417	0.48561095	0.497320429	0.50770741	0.51808975	0.527486916	0.537431241	0.548346365	0.561208943	0.574224686	0.588184267	0.601877452	0.615667462	0.626839986	0.637602304	0.645076303	0.651848343	0.656259098	0.660959926	0.664268262	0.668105305	0.670403991	0.672929999	0.67520401	0.677061859	0.678530356	0.678919666	0.67793716	0.677372421	0.680297594	0.681078285	0.682485439	0.683786653	0.684357791	0.685240439	0.685746438	0.687209258	0.68720915	0.688379348	0.688089787	0.688013176	0.686990617	0.687261081	0.687130659	0.687159201	0.685620338	0.686706176	0.686678751	0.685805048	0.68617398	0.685286249	0.686133336	0.685713233	0.685577441	0.684984858	0.684719933	0.684393043	0.683255805	0.682025758	0.681337017	0.681464612	0.681413623	0.681299986	0.681380965	0.681327432	0.680874495	0.678459802	0.677739183	0.678621129	0.67590428	0.675879326	0.67451074	0.672149977	0.668733809	0.666076663	0.667464539	0.66531193	0.662859352	0.665620551	0.663790254	0.663727749	0.661133602	0.6637638	0.662818281	0.664388551	0.663661933	0.661007317	0.660577839	0.659121034	0.533492342
Cs_-N+Fe	Cs	-N+Fe	34.557	0.123907601	0.107632139	0.096431756	0.087957261	0.08104108	0.077023749	0.07347416	0.070282712	0.066991834	0.064932962	0.062932763	0.060843242	0.059267467	0.057339568	0.054983546	0.05305713	0.051223851	0.04888415	0.047219889	0.047050136	0.048455018	0.049682694	0.050557382	0.050736786	0.050578189	0.050331594	0.05043571	0.050487845	0.050087053	0.050021614	0.050096256	0.050124083	0.050395418	0.051033262	0.052310586	0.054149104	0.057026345	0.061292211	0.067442429	0.075444789	0.085908448	0.098396609	0.113159771	0.129082429	0.145009987	0.159218852	0.171057175	0.180193929	0.186718258	0.191252342	0.194279765	0.196524885	0.198498477	0.200556275	0.201445432	0.200500445	0.196692438	0.191123459	0.183703243	0.174618008	0.164993239	0.155697504	0.147284685	0.140075521	0.134194468	0.129148764	0.125108384	0.121777838	0.119200453	0.1169882	0.114966976	0.112543573	0.109454114	0.105668653	0.101467288	0.097380046	0.093638353	0.090858058	0.089077768	0.088021065	0.086791407	0.085338467	0.082477181	0.078628564	0.073600977	0.068340458	0.064033385	0.060836958	0.058583736	0.056661946	0.054243767	0.051542262	0.049368704	0.047964853	0.047539338	0.047646834	0.048431688	0.049682626	0.051952966	0.056785106	0.067241928	0.086349804	0.11526413	0.151474094	0.1910301	0.230244557	0.26712872	0.301561975	0.332978371	0.362146234	0.389984545	0.415911446	0.435366612	0.453092456	0.469685168	0.483337594	0.494278057	0.504295547	0.514933055	0.523749326	0.534128198	0.544590722	0.557911383	0.570208194	0.584453786	0.597751066	0.610562564	0.620683482	0.630731331	0.638351456	0.644289441	0.649719731	0.655590536	0.660027659	0.663489168	0.665986923	0.667271375	0.668393163	0.669862034	0.67188079	0.674096163	0.676767788	0.681332346	0.684872589	0.685253488	0.684414811	0.684651799	0.684398961	0.685118287	0.684477624	0.68514893	0.685033785	0.684885171	0.684847967	0.684880593	0.684448992	0.684970087	0.68589464	0.686314441	0.685758947	0.686539065	0.687034466	0.684812191	0.685130499	0.68386575	0.683870529	0.683228271	0.682967819	0.682750924	0.682299531	0.683320641	0.682191875	0.681810275	0.681054007	0.681931461	0.681488942	0.681049295	0.680949795	0.679980739	0.679127085	0.676028574	0.675820418	0.676823884	0.674304025	0.674361685	0.673407709	0.67165782	0.669531148	0.666520512	0.668276887	0.666255594	0.663867295	0.66624055	0.663442846	0.662977775	0.65886577	0.660991575	0.659261123	0.66078216	0.660242606	0.656064059	0.657273839	0.655104721	0.529388416
Cs_-N+Fe	Cs	-N+Fe	29.467	0.120819081	0.104249539	0.092894913	0.084862624	0.077204879	0.074206813	0.069008065	0.066558101	0.062242066	0.060230837	0.057850571	0.055473052	0.05322141	0.051652248	0.049209447	0.047501377	0.045603596	0.043276872	0.041717983	0.041356323	0.042266879	0.043337736	0.043964018	0.043761189	0.04367564	0.04331344	0.043254962	0.042990511	0.042654902	0.042398339	0.042315826	0.042329863	0.042320221	0.042701318	0.04329763	0.04452158	0.046475581	0.049288592	0.053445287	0.059158168	0.066869549	0.076516226	0.087984158	0.100945569	0.114039912	0.126220869	0.136447807	0.144453627	0.150011751	0.153752712	0.156370613	0.158071851	0.159749683	0.16078564	0.161008171	0.159692178	0.156438223	0.151317641	0.144793849	0.13660965	0.127887212	0.119914562	0.112644877	0.106722816	0.10179402	0.097618497	0.094202409	0.091586926	0.089462088	0.087836589	0.086377565	0.084483801	0.081974719	0.078905047	0.075547249	0.072357309	0.069458761	0.067015834	0.065572398	0.065028608	0.06481394	0.064048957	0.062344744	0.05939909	0.055930965	0.052292521	0.049255127	0.04722753	0.045848628	0.044602295	0.043179909	0.04147402	0.040217113	0.039521547	0.039536579	0.039781423	0.040571907	0.041703862	0.043414252	0.046821862	0.054057671	0.068009603	0.090763943	0.120508827	0.154920798	0.190574943	0.225620579	0.258495898	0.290079885	0.319379426	0.345313358	0.371205335	0.3950516	0.414800678	0.432000853	0.446958693	0.459543754	0.470810311	0.481746974	0.49150871	0.502077062	0.513161376	0.526491489	0.539576355	0.553857813	0.56773785	0.581648027	0.593117532	0.603966315	0.611782233	0.618543964	0.623442767	0.628445271	0.631598639	0.635660947	0.637870506	0.640580418	0.64287179	0.6450643	0.646683466	0.647472161	0.647015899	0.647056892	0.649626639	0.65052961	0.651972697	0.652977332	0.653488991	0.654343082	0.655033963	0.656425747	0.656507275	0.657535789	0.657427476	0.657635098	0.656664985	0.656729113	0.656382577	0.656630109	0.655450498	0.656523484	0.656243209	0.655426776	0.655791832	0.655243838	0.655716845	0.655773201	0.655804783	0.655033353	0.65491562	0.654592179	0.653669318	0.652151745	0.651159326	0.6512551	0.651157859	0.651063001	0.651222149	0.650955413	0.650448169	0.648093709	0.648002083	0.649008582	0.646189408	0.646247186	0.644760391	0.642806277	0.639865774	0.636843615	0.638330192	0.636318142	0.634017863	0.636240075	0.634346817	0.634314335	0.63183391	0.634049261	0.633139188	0.635102213	0.634418562	0.631498185	0.631160689	0.629681564	0.510024131
Cs_-N+Fe	Cs	-N+Fe	29.696	0.133093297	0.115552776	0.104266589	0.094978911	0.088500495	0.083259988	0.079829911	0.076149628	0.073438075	0.07040993	0.068493309	0.066401304	0.064150427	0.062502274	0.060014052	0.057777813	0.055629682	0.05312593	0.051717239	0.051361816	0.052661648	0.053878409	0.054830029	0.05483575	0.05473259	0.054639213	0.054526165	0.054313534	0.054013889	0.053882904	0.053915307	0.053687229	0.054001533	0.054524446	0.055510848	0.057109389	0.059633504	0.06364069	0.069329282	0.077073759	0.087124606	0.099578122	0.11408544	0.130214263	0.146202217	0.160766987	0.172824461	0.182381956	0.189022245	0.193649551	0.196726995	0.198948127	0.201078116	0.203092523	0.20366845	0.202213727	0.198328848	0.192296457	0.184742156	0.175328754	0.165255388	0.155563574	0.146901775	0.139469414	0.133329627	0.128418761	0.124253053	0.120980855	0.11836889	0.116269449	0.114231739	0.11180434	0.108660941	0.1047534	0.10039626	0.096196607	0.092413329	0.089498094	0.087635469	0.086475858	0.085631604	0.084503044	0.082060323	0.078457479	0.073792181	0.069072523	0.064949846	0.061952549	0.059955712	0.058105908	0.055797236	0.053412053	0.051532887	0.050383245	0.050010198	0.050246856	0.050971955	0.052147384	0.054242201	0.058540716	0.067930169	0.085698251	0.113474785	0.149041052	0.188618481	0.228941723	0.26782869	0.304393091	0.338384845	0.369921902	0.400735327	0.427486717	0.450419388	0.471807441	0.490420991	0.505484508	0.518413228	0.529707798	0.541265432	0.551251727	0.562394547	0.574010601	0.588255116	0.602028216	0.616722547	0.631178457	0.644415059	0.656007713	0.66664003	0.675040712	0.681691042	0.687788848	0.693220108	0.697575927	0.701099662	0.703709078	0.705428879	0.707308341	0.70902005	0.710632312	0.712617484	0.714346854	0.717679306	0.719460838	0.720179662	0.720484207	0.7209403	0.72104183	0.721879794	0.721695088	0.722350201	0.722535044	0.722010834	0.722287419	0.722321928	0.722108372	0.721949689	0.722542849	0.723023084	0.721715194	0.722597438	0.722055378	0.720243581	0.720307621	0.71919448	0.719284914	0.719749708	0.718784501	0.71849345	0.718007166	0.718322852	0.717238234	0.716825727	0.716145641	0.716157628	0.716329862	0.715572135	0.715724925	0.714475276	0.714227669	0.710574759	0.710502624	0.711228214	0.708333059	0.708230378	0.70745192	0.70556739	0.702048895	0.698945877	0.700175983	0.697821148	0.695281167	0.697709504	0.695445575	0.694629703	0.692188655	0.69397158	0.692733572	0.694114908	0.694476813	0.691326382	0.691608487	0.689893948	0.557415923
Cs_-N+Fe	Cs	-N+Fe	25.104	0.130864954	0.111987096	0.101564431	0.091008997	0.084415294	0.078996875	0.075459747	0.071806445	0.068976613	0.066271875	0.063874172	0.061581617	0.05938213	0.05697235	0.055097635	0.053219887	0.051049347	0.049271746	0.047982263	0.048040362	0.049163652	0.050226378	0.050767484	0.050578577	0.050290114	0.049804857	0.0496651	0.049139035	0.049001955	0.048732248	0.048730047	0.048670061	0.049091949	0.049881058	0.051082583	0.053372836	0.056528725	0.061427811	0.067996141	0.076812326	0.087974107	0.10168723	0.11712767	0.133671516	0.149955129	0.16487659	0.177220777	0.186580145	0.193037289	0.197162698	0.200291559	0.202416518	0.204244729	0.205345849	0.205656468	0.204289299	0.200780876	0.195134622	0.187607197	0.178229735	0.168123813	0.158560766	0.149991719	0.142827863	0.136527199	0.131358872	0.126983886	0.123543412	0.120921408	0.118821408	0.116858566	0.114289773	0.110964469	0.106874096	0.102236945	0.097754207	0.093646754	0.090276166	0.088304854	0.087671195	0.087356528	0.086504342	0.083920125	0.079600202	0.074387894	0.068823611	0.063815269	0.060553885	0.058299495	0.056186503	0.053572189	0.050773234	0.048448554	0.047042268	0.046555345	0.046837339	0.047744274	0.049296487	0.052201795	0.057696744	0.069142013	0.089414045	0.119942942	0.156826822	0.197081202	0.236410992	0.273474513	0.306989041	0.338014789	0.365515424	0.38917889	0.414991107	0.436474343	0.45451639	0.4697591	0.483451772	0.494835515	0.504958715	0.515076632	0.524396037	0.534238681	0.545211712	0.558489094	0.571858831	0.58627484	0.600492389	0.615413731	0.627163312	0.638648277	0.646600041	0.653664656	0.658628765	0.663856532	0.667130017	0.671033243	0.673793207	0.676072306	0.678892615	0.680484236	0.681871428	0.68192769	0.680472579	0.67996653	0.683587624	0.68436726	0.686250736	0.687205475	0.687803897	0.689280464	0.689849015	0.691380422	0.691579789	0.692295106	0.691734734	0.691997689	0.690557192	0.69107261	0.690339133	0.690520837	0.689195954	0.690194045	0.690118393	0.689005209	0.689410825	0.688779758	0.689499396	0.689314841	0.6890415	0.688337355	0.687472635	0.687225719	0.6854947	0.684639751	0.683122951	0.683545896	0.683592741	0.683528461	0.683448587	0.683779919	0.682829883	0.680164254	0.679631489	0.681221436	0.678522059	0.677784492	0.676463557	0.674292931	0.671892792	0.668326653	0.670693243	0.66804678	0.665611033	0.667997184	0.666965016	0.666908171	0.663876007	0.666780687	0.665228714	0.667319193	0.666456185	0.664391005	0.66386642	0.662309682	0.536348767
Cs_-N+Fe	Cs	-N+Fe	20.79	0.122919795	0.107830515	0.096839411	0.088226352	0.081772262	0.077472802	0.073782832	0.070160545	0.067337316	0.064286224	0.062483004	0.0604842	0.058319677	0.056875046	0.054345616	0.052283272	0.050287093	0.048019547	0.046875918	0.046616001	0.047874117	0.049091638	0.050018069	0.05004388	0.049846397	0.049724361	0.049622622	0.049310776	0.048984247	0.048939832	0.048934471	0.048666985	0.049026943	0.04954215	0.050467519	0.052055276	0.054522209	0.058281827	0.063718708	0.070952913	0.080245249	0.091850255	0.105430927	0.120393525	0.135338027	0.148751595	0.160048973	0.168866912	0.174969543	0.179123262	0.181806345	0.18380288	0.185596229	0.187115347	0.18748709	0.186071399	0.182357786	0.176750407	0.169513157	0.160596295	0.151219654	0.142146868	0.134149822	0.127246758	0.121623032	0.117128137	0.113176532	0.110027049	0.107641365	0.105581392	0.10364802	0.101450508	0.09864069	0.095208579	0.091413436	0.087717232	0.084282194	0.081709984	0.080116896	0.079089998	0.078273163	0.077128515	0.074733687	0.071222779	0.066713896	0.062157883	0.058427622	0.055735736	0.054095035	0.052618998	0.050600069	0.048465117	0.046769165	0.045736677	0.045428427	0.045893702	0.046745807	0.048123736	0.050482549	0.055066653	0.064647502	0.082078054	0.109144616	0.143414955	0.181558885	0.220190322	0.257591817	0.292811451	0.325532592	0.355838932	0.38553604	0.411487166	0.433184518	0.454364868	0.47243473	0.487218119	0.499914226	0.511020812	0.522964002	0.533465921	0.54537548	0.558038317	0.573431933	0.58856166	0.604231748	0.619942125	0.634127756	0.64688478	0.658196276	0.667218051	0.674071533	0.680387436	0.686116553	0.691181311	0.694834497	0.697830897	0.699603677	0.701410207	0.703214514	0.704868214	0.707272855	0.709077419	0.713076655	0.714828543	0.715364678	0.715333036	0.716256924	0.716251323	0.716851554	0.716914917	0.717589	0.717531844	0.717446806	0.717716718	0.717854158	0.717650268	0.717789038	0.718616458	0.719102331	0.718024543	0.718952694	0.718579411	0.71673906	0.716689999	0.715922887	0.71571383	0.716144085	0.715449517	0.715206706	0.714974202	0.715190358	0.714639877	0.714170363	0.7137892	0.714047992	0.71468513	0.713705383	0.71385018	0.71290297	0.712716316	0.708896328	0.709250205	0.710136373	0.707545069	0.707378709	0.706297785	0.704503464	0.701580146	0.698216386	0.699510217	0.697321419	0.695419468	0.697499277	0.69514902	0.69479145	0.69174149	0.69390211	0.692298006	0.693563171	0.693471402	0.690581446	0.690920031	0.688613953	0.553694135
Cs_-N+Fe	Cs	-N+Fe	14.404	0.117999565	0.099583543	0.089831105	0.079593932	0.073484902	0.06820518	0.064638714	0.061207645	0.058531069	0.055685527	0.053247482	0.050932707	0.04893125	0.046468274	0.044541705	0.042872846	0.040734775	0.038994583	0.037598619	0.037478747	0.038305866	0.03916581	0.039826711	0.039730562	0.03971854	0.039263572	0.039301534	0.038738528	0.038776667	0.038588502	0.038456096	0.038319416	0.038554191	0.038954971	0.039523781	0.040913535	0.042815617	0.04577458	0.049844914	0.05552977	0.0631005	0.072734056	0.08374356	0.096171847	0.108935055	0.120964085	0.131146988	0.139035637	0.144448748	0.147941624	0.150460126	0.152142414	0.15363071	0.154394786	0.15455981	0.153289453	0.150118905	0.145065535	0.138380567	0.130338185	0.121716343	0.113776925	0.10677608	0.1010869	0.09616501	0.092159078	0.088796539	0.08631532	0.084257781	0.082698929	0.081253564	0.079320657	0.07688623	0.073882996	0.070499888	0.067371694	0.064459328	0.06206223	0.060867388	0.060459242	0.060292175	0.059748973	0.058032405	0.055259171	0.05203503	0.048614261	0.045554363	0.043664638	0.042421315	0.041237561	0.039679361	0.038122188	0.036990124	0.036437705	0.036490852	0.037091685	0.038236369	0.039766022	0.042160564	0.045773683	0.053132714	0.066555476	0.088444705	0.117401161	0.151264896	0.186597317	0.221896761	0.255697255	0.288449638	0.318444393	0.34555371	0.375259794	0.400344928	0.421841935	0.44046089	0.457191555	0.471143881	0.483349777	0.495611573	0.506650249	0.518168859	0.530388671	0.54516687	0.559542695	0.575032722	0.590248159	0.605810714	0.618320326	0.630184431	0.638299319	0.645564368	0.650639999	0.655993767	0.659317445	0.663426912	0.666410295	0.668593762	0.67154856	0.672962149	0.674390309	0.674528204	0.672712224	0.672006469	0.675664003	0.676436876	0.678154286	0.679659877	0.680406421	0.681551179	0.681916108	0.683722108	0.683687967	0.684792732	0.6842341	0.684632498	0.683265692	0.683761572	0.683600114	0.683551336	0.682518541	0.683438974	0.683438948	0.682491293	0.682913958	0.68219576	0.683093001	0.682692942	0.682688552	0.681922943	0.680972304	0.680843631	0.679176324	0.67842244	0.677182155	0.677852015	0.677646585	0.677916174	0.677619755	0.678179173	0.677743907	0.674933575	0.673892819	0.675778977	0.673098282	0.672726852	0.671007642	0.669005708	0.666337628	0.663116859	0.665015192	0.662479527	0.660229336	0.663616321	0.661906283	0.661572065	0.659079363	0.661450404	0.660012656	0.661863088	0.660953408	0.659034974	0.659334366	0.656446812	0.527870741
Cs_-N+Fe	Cs	-N+Fe	31.942	0.136780143	0.119425352	0.107489489	0.097965566	0.091650894	0.086702102	0.083080045	0.079142289	0.076291093	0.073196363	0.071096787	0.069039738	0.066807085	0.065032324	0.062504508	0.060298382	0.058092868	0.055730941	0.054519977	0.054435666	0.055939077	0.057354093	0.058368971	0.058380106	0.058221458	0.058033022	0.057919216	0.057725996	0.057513426	0.057497066	0.057588746	0.057513562	0.058003248	0.058858187	0.060305429	0.062528968	0.065942926	0.071001835	0.077889699	0.086822394	0.098184952	0.111939524	0.127495122	0.144326807	0.160693908	0.175236761	0.18719033	0.196442598	0.202765373	0.207122214	0.209901475	0.211801915	0.213602167	0.215374501	0.215802422	0.214399546	0.210649447	0.20483353	0.197387989	0.188191433	0.178444023	0.168824134	0.160191505	0.152735447	0.146542825	0.141610208	0.137283568	0.133831832	0.131129967	0.128898993	0.126714946	0.124224785	0.121052577	0.117116217	0.112691508	0.108332107	0.104344462	0.101273102	0.099346649	0.098078306	0.097101994	0.095754025	0.092894145	0.088694731	0.083258442	0.077747998	0.072913201	0.069390926	0.06709394	0.064924427	0.062215631	0.059281945	0.056914347	0.055464566	0.054959821	0.05529867	0.056350956	0.058053016	0.060961621	0.066686337	0.078357354	0.099044212	0.129604752	0.166563452	0.206268477	0.245226827	0.281596429	0.315011453	0.345366804	0.372974686	0.399743802	0.422651673	0.44163978	0.459580636	0.47514993	0.487612538	0.498567499	0.507924316	0.518325387	0.527204854	0.537604011	0.548609856	0.562579693	0.576090517	0.590708472	0.605172112	0.618431409	0.630076211	0.640523775	0.64896963	0.65542066	0.661601686	0.666852086	0.671523014	0.675093252	0.677804162	0.679706258	0.681252051	0.683298703	0.684877651	0.686989769	0.688963429	0.692579601	0.694512484	0.695166648	0.695210835	0.695571333	0.695917829	0.696612854	0.696672609	0.697254667	0.697295778	0.697298472	0.697332743	0.697646242	0.697204879	0.697234131	0.698016606	0.698465053	0.697836773	0.698439909	0.698160357	0.696474222	0.696921453	0.695680466	0.695634847	0.695939452	0.695326829	0.695128412	0.694951299	0.695309615	0.694470573	0.69453966	0.694028414	0.694134537	0.694431631	0.693733234	0.693815906	0.693124868	0.69263792	0.689469019	0.6895606	0.690604465	0.68794625	0.687583252	0.686768533	0.685131413	0.682188376	0.679167757	0.680502505	0.678411029	0.676179048	0.678638591	0.676308606	0.676208351	0.673583243	0.675358071	0.674356081	0.676067286	0.675928471	0.673311882	0.673765077	0.672035963	0.545038575
Cs_-N+Fe	Cs	-N+Fe	43.173	0.123749072	0.106045849	0.09456793	0.085036459	0.079007601	0.073986939	0.07067947	0.066996541	0.06404124	0.061445421	0.059086405	0.056958021	0.054716003	0.052089437	0.05029954	0.04831443	0.046249808	0.044480514	0.043380583	0.043726838	0.04500719	0.046332901	0.04716307	0.047086386	0.046926531	0.046504843	0.04651064	0.046123998	0.046148806	0.046018452	0.046126197	0.046192456	0.046756214	0.047702309	0.049220668	0.051883484	0.055414956	0.060655415	0.067555974	0.076423271	0.087624176	0.101008713	0.115890843	0.131670751	0.146998417	0.160796995	0.172172166	0.180686767	0.186572528	0.190303134	0.193062562	0.195033729	0.196497655	0.19742592	0.197687255	0.196499498	0.193269921	0.188057113	0.181071589	0.172402097	0.162978555	0.154084256	0.146078536	0.139343936	0.133380991	0.128592162	0.124466102	0.121245711	0.118815714	0.11682923	0.115055369	0.112551563	0.109386744	0.105354291	0.100854724	0.096409398	0.092387397	0.089053574	0.087227673	0.086666209	0.086515635	0.085736026	0.083234467	0.079146617	0.074069816	0.068559716	0.063567746	0.060143404	0.057685779	0.055317504	0.052287716	0.048974127	0.046106006	0.044155429	0.043230506	0.043099271	0.04374041	0.04511134	0.048105691	0.054119046	0.066306512	0.086818279	0.116411637	0.151610146	0.189175181	0.225353933	0.259229515	0.289560598	0.317496973	0.341317165	0.36255804	0.385521591	0.404488793	0.420135119	0.433527671	0.445768024	0.455776613	0.46460564	0.473983759	0.482680157	0.492014715	0.502500436	0.515532962	0.528336045	0.542500495	0.556487889	0.571086906	0.582888442	0.594311073	0.602127968	0.60905569	0.61389383	0.618985343	0.622372136	0.626283738	0.629419682	0.631645916	0.634454258	0.635699866	0.63714326	0.636860476	0.634936888	0.634690376	0.638057471	0.639328601	0.640975855	0.642359471	0.642874224	0.644240678	0.644579158	0.64615198	0.646497486	0.647425324	0.646435456	0.646965151	0.645754131	0.646098347	0.645871541	0.645920959	0.644965021	0.645860383	0.64596023	0.64474968	0.645554138	0.644838083	0.645779392	0.645622942	0.645415952	0.644493224	0.643510642	0.643558267	0.642109072	0.641365944	0.639864565	0.640864634	0.640599715	0.640670465	0.640577065	0.640718909	0.640213344	0.637845787	0.637439259	0.638934125	0.636483836	0.635787504	0.634449994	0.632496768	0.630554713	0.627447655	0.629214731	0.627688495	0.625382182	0.627923892	0.626235538	0.626002423	0.623704038	0.626084891	0.624691676	0.627015362	0.625922754	0.623904753	0.623655872	0.621815437	0.505529632
Cs_-N+Fe	Cs	-N+Fe	17.499	0.129944933	0.111377609	0.099014838	0.091662808	0.086356069	0.082400769	0.078511615	0.07499749	0.072197968	0.069434472	0.06726435	0.065357146	0.063761673	0.061931079	0.05982258	0.058316358	0.055865858	0.053953622	0.052776832	0.052805569	0.054054531	0.055534376	0.056587808	0.056614371	0.056532483	0.056110022	0.056075255	0.056020204	0.05593443	0.055818066	0.055834735	0.055978399	0.056269964	0.057544002	0.0591163	0.061628936	0.065582822	0.071304205	0.079059335	0.089080464	0.101909491	0.116999847	0.134141535	0.152338537	0.170301042	0.186185677	0.199256302	0.209128906	0.216113535	0.220839775	0.224099143	0.226212923	0.22804197	0.23004996	0.23079824	0.22945217	0.225197703	0.219113816	0.211025906	0.201152156	0.190491446	0.180346198	0.170905547	0.162807456	0.156109887	0.150623822	0.146019729	0.142293414	0.139325259	0.136833723	0.134390921	0.131701494	0.128211076	0.123643709	0.118836935	0.113943516	0.109553399	0.106216742	0.104132762	0.102738599	0.101322592	0.099644116	0.096423132	0.091682125	0.085709754	0.079465922	0.074143583	0.070222893	0.067425597	0.064923202	0.062024343	0.058654622	0.055874704	0.05423689	0.054007278	0.054415382	0.055865585	0.057975717	0.061477605	0.06805393	0.081276153	0.104618372	0.138297017	0.178086709	0.220742685	0.261660029	0.299630994	0.334705126	0.366575987	0.395989443	0.423698901	0.449539577	0.46813161	0.485603065	0.501822077	0.515455201	0.526089484	0.535854321	0.546558233	0.555599671	0.566045476	0.577534767	0.592058196	0.605541112	0.621335845	0.636339657	0.650125737	0.661401787	0.672380297	0.680982507	0.687430923	0.693312747	0.699419654	0.704356455	0.708351647	0.711203902	0.712299715	0.713656296	0.715038141	0.717176265	0.719246966	0.72197467	0.726808129	0.730260361	0.730530634	0.72960226	0.729792012	0.729707691	0.73014574	0.729663806	0.730170033	0.729892896	0.729658838	0.729168467	0.729587146	0.729143318	0.729013925	0.730044592	0.730349875	0.729479879	0.730275748	0.730272421	0.727981577	0.728333947	0.726887963	0.726914195	0.726214591	0.725273624	0.725388871	0.724925221	0.725615074	0.724346298	0.724145248	0.723606453	0.724192209	0.72412647	0.723674267	0.723536146	0.722050934	0.721603853	0.717746057	0.717208327	0.718364752	0.715251927	0.71446347	0.713888489	0.711358116	0.708506979	0.705011289	0.706972801	0.703824418	0.701634911	0.703898189	0.70162459	0.70064512	0.697262757	0.699403781	0.697399872	0.699253995	0.699059974	0.694913047	0.695916105	0.69374897	0.557831187
Cs_-N+Fe	Cs	-N+Fe	25.863	0.129574966	0.11035905	0.098489489	0.089585212	0.083930939	0.080253448	0.075402513	0.071885387	0.069018996	0.066179897	0.063516114	0.061754763	0.05930581	0.05736315	0.055276004	0.053659178	0.051395987	0.049589735	0.048342716	0.048272263	0.049318018	0.05072242	0.051449949	0.051290977	0.050999698	0.050711	0.050404808	0.050202497	0.050104911	0.049934892	0.049859021	0.049840305	0.050029345	0.050954007	0.052381021	0.054333474	0.057499421	0.062326827	0.06898386	0.077756905	0.08882293	0.102375345	0.118002661	0.134851694	0.151217888	0.166247814	0.178533751	0.187970456	0.194506039	0.198702685	0.201732924	0.203618001	0.205505906	0.206733503	0.206757792	0.205210067	0.201470221	0.195581274	0.187917693	0.178502772	0.168360293	0.158667153	0.14980113	0.142451576	0.136179904	0.131046857	0.126683722	0.123325091	0.120517225	0.118447488	0.116430229	0.113888543	0.110766583	0.106626504	0.102097838	0.097633767	0.093724051	0.090420559	0.088406481	0.087487698	0.087142929	0.086047127	0.083632658	0.079304572	0.074188689	0.068736057	0.064106731	0.060849538	0.058784405	0.056812492	0.054455686	0.051943562	0.049986738	0.048866679	0.049030258	0.049778025	0.051331447	0.053663962	0.056970266	0.062642095	0.073857462	0.094003989	0.124470955	0.161285615	0.20139724	0.240885006	0.278274601	0.312126596	0.343630554	0.372541549	0.397790222	0.421833304	0.444660404	0.462925457	0.47881617	0.492494162	0.504023981	0.514600782	0.525006804	0.534377679	0.544757264	0.556201517	0.569808136	0.583723388	0.598435633	0.612920644	0.627100279	0.638937068	0.649856905	0.658006266	0.664965032	0.670144853	0.675153821	0.678547203	0.682673306	0.684853403	0.687295487	0.689707358	0.691762404	0.693481506	0.69465281	0.694356322	0.694866618	0.697234718	0.698526486	0.69924524	0.700055848	0.700640833	0.701383988	0.702073829	0.703234373	0.70349677	0.704077307	0.704217992	0.704225373	0.703349504	0.703432781	0.702916827	0.703218985	0.701595923	0.702671678	0.702078191	0.70089609	0.701000448	0.700791025	0.701236819	0.701150807	0.700923118	0.700510963	0.699934834	0.700024541	0.698945432	0.697821428	0.697112095	0.696713088	0.697082398	0.696992623	0.697485507	0.697186592	0.696666677	0.694206565	0.693903184	0.694988156	0.691909092	0.692508722	0.691004521	0.688954464	0.686025652	0.683493831	0.685514686	0.682769055	0.680369735	0.682779385	0.681365272	0.681491231	0.679319668	0.681293095	0.680422939	0.681418706	0.681832364	0.67912529	0.679334445	0.677574402	0.54679229
Cs_-N+Fe	Cs	-N+Fe	22.1	0.127703875	0.109538874	0.097999284	0.090564146	0.08592117	0.082190087	0.07849684	0.075061039	0.072539991	0.069836763	0.068068294	0.066258973	0.064773148	0.0628044	0.060803742	0.059309028	0.056969653	0.055006059	0.053890068	0.054065199	0.05547359	0.057176773	0.058410609	0.058535632	0.058480274	0.058191483	0.058206861	0.058213811	0.058206333	0.058253382	0.058348446	0.058504578	0.058999606	0.060365854	0.062180309	0.064948976	0.069240253	0.075193639	0.083487488	0.093969899	0.107271464	0.122974574	0.140414775	0.158923275	0.177028134	0.192950948	0.205972599	0.215816198	0.222743112	0.227554947	0.230718008	0.23277533	0.234644778	0.236701157	0.237444386	0.236149993	0.232107475	0.226129374	0.218124112	0.208527474	0.198057527	0.187918611	0.178436196	0.170216848	0.163540644	0.158024145	0.15335775	0.14959591	0.146526821	0.144056877	0.141564946	0.138817385	0.135311701	0.130744681	0.125775636	0.120867102	0.116345264	0.112920244	0.110783867	0.10939404	0.107856691	0.106001181	0.102587745	0.09761821	0.091354745	0.084813489	0.079195648	0.074950875	0.071971585	0.069236214	0.066067655	0.062282526	0.059162228	0.05722109	0.056663868	0.056810693	0.058001006	0.059957737	0.063482403	0.070505197	0.084531625	0.10892266	0.143384972	0.183655688	0.226076384	0.266593255	0.303848458	0.338061963	0.368975105	0.397326336	0.424250608	0.448987841	0.466811857	0.483644477	0.499069704	0.512016444	0.522086086	0.531564807	0.541851419	0.550723015	0.56104243	0.572180213	0.586370831	0.599791684	0.615197255	0.629812177	0.643636658	0.654649717	0.665390847	0.6739125	0.680426668	0.686396409	0.692413807	0.697448332	0.701419379	0.704211518	0.705423628	0.706695749	0.708102498	0.710175703	0.712496821	0.715298001	0.720001585	0.723624464	0.723793791	0.722805028	0.722993592	0.722809789	0.723323821	0.722742841	0.723218721	0.723152852	0.722973103	0.722796373	0.722865552	0.722546949	0.722782308	0.723740048	0.724006565	0.723431202	0.724131617	0.724481997	0.722219725	0.722547367	0.721173816	0.721158377	0.720759641	0.719880399	0.719671005	0.719438247	0.720141446	0.719241784	0.719192758	0.71875667	0.719494852	0.719803525	0.719209103	0.719201062	0.717327664	0.716749705	0.713397345	0.713178071	0.714199987	0.710611536	0.710417018	0.709837119	0.707370822	0.704399518	0.701223479	0.702878136	0.699968851	0.697644769	0.700734953	0.698151975	0.697087011	0.694130524	0.695888955	0.693988449	0.696112893	0.695443847	0.69257593	0.692890733	0.690850242	0.554627672
Cs_-N+Fe	Cs	-N+Fe	23.911	0.126995068	0.108438423	0.096912116	0.088003277	0.082682918	0.079619482	0.074935671	0.071823608	0.069232666	0.066693453	0.064274373	0.062676549	0.060592046	0.058745911	0.056747139	0.055210129	0.052935313	0.051230051	0.049960098	0.04990008	0.050905943	0.052212966	0.052873431	0.052568369	0.05226976	0.052054653	0.051709127	0.051470677	0.051396262	0.05117407	0.05108245	0.051017725	0.051163147	0.051823433	0.053193844	0.054790567	0.057552648	0.061889656	0.067744366	0.075667575	0.085633113	0.098103976	0.112553538	0.12818847	0.143542353	0.157786126	0.169555128	0.178571316	0.184835378	0.188909932	0.191859872	0.193686689	0.19555074	0.196684491	0.19674095	0.19526837	0.191700131	0.186075193	0.178709977	0.169650011	0.159897381	0.150732772	0.142390273	0.135457452	0.129534922	0.124753646	0.12067955	0.11746049	0.114859743	0.112944208	0.111052986	0.108683292	0.105724199	0.101838081	0.097642613	0.093518892	0.089860205	0.086773939	0.084890331	0.084157338	0.083891195	0.082926225	0.080736677	0.076802318	0.072085838	0.06716587	0.06291103	0.059949591	0.058065645	0.056246056	0.054150913	0.05185141	0.050056315	0.04892564	0.049010356	0.049459346	0.050668886	0.052488206	0.055272955	0.06019845	0.070118278	0.088355483	0.116520619	0.150908633	0.189291919	0.227376316	0.263940075	0.297515153	0.328977944	0.357906814	0.38313675	0.408224242	0.43139928	0.450351714	0.46656987	0.480812236	0.492707441	0.503510683	0.513975622	0.523499096	0.533762296	0.545102967	0.558399868	0.571691256	0.585997038	0.600001798	0.613703059	0.624961303	0.635636792	0.643171554	0.649756624	0.65442856	0.659125689	0.662460482	0.666304823	0.668377716	0.670863263	0.67304441	0.675163656	0.676881624	0.677377708	0.67700664	0.67710559	0.67963786	0.680498668	0.681530974	0.682372936	0.682755771	0.683525367	0.684035008	0.685385991	0.685619498	0.686408139	0.686147738	0.686106819	0.685251356	0.685472059	0.684717015	0.685011598	0.683522044	0.684493279	0.683995144	0.683285393	0.683551237	0.682887925	0.683405104	0.683015922	0.682997074	0.68227412	0.681897077	0.681564365	0.680774192	0.679353674	0.67855348	0.678289922	0.678560721	0.678317764	0.67845094	0.678635077	0.677907216	0.675342354	0.674940443	0.676060193	0.673410264	0.673294949	0.67140017	0.669462809	0.666396154	0.663550675	0.665431876	0.663333974	0.660854427	0.663121908	0.661729228	0.661247154	0.65883297	0.661144116	0.659362529	0.66071071	0.660852166	0.658548755	0.658383167	0.655971465	0.530108242
Cs_-N+Fe	Cs	-N+Fe	9.728	0.125847728	0.107151639	0.095255364	0.087818793	0.082867902	0.078940638	0.075371816	0.07174593	0.069560447	0.066577599	0.064600934	0.062948515	0.061536597	0.059579772	0.057775619	0.056389024	0.053954625	0.052118427	0.051016213	0.050743823	0.051594042	0.052607726	0.053289868	0.052919202	0.052688141	0.052258593	0.052096605	0.051998026	0.051731078	0.051487465	0.051274713	0.051239535	0.051236707	0.051858589	0.052626019	0.053824994	0.056014917	0.059254918	0.064062975	0.07050566	0.079125941	0.089745121	0.102233756	0.116244276	0.130363135	0.143112674	0.153870416	0.16217988	0.168115451	0.172029526	0.174715494	0.176686457	0.178223199	0.17996572	0.180622358	0.179281213	0.175484568	0.170109103	0.162907164	0.154467481	0.145443094	0.136898418	0.129161758	0.122624333	0.117426047	0.113175849	0.109529191	0.106604685	0.104290707	0.102436988	0.100467976	0.098435494	0.095897637	0.092567928	0.088966223	0.085504352	0.082336095	0.080037157	0.078545509	0.077517686	0.076639517	0.075485006	0.073280151	0.070007586	0.066015079	0.061986604	0.058549371	0.056197049	0.054655357	0.053237922	0.051641808	0.049826106	0.048329453	0.047534675	0.047643683	0.048028336	0.049085021	0.050472594	0.052607551	0.056536047	0.064777974	0.08073159	0.105948297	0.138348219	0.175122554	0.212587267	0.248665277	0.28306592	0.314984601	0.344678279	0.373424592	0.399886326	0.420100992	0.440283206	0.457626101	0.472139158	0.484243483	0.494759572	0.506258074	0.516197329	0.527533331	0.539563935	0.554090414	0.568150701	0.583803879	0.598769091	0.61260582	0.624328487	0.634962332	0.643628773	0.650292198	0.656595441	0.66250522	0.667255304	0.670844187	0.67381522	0.675247287	0.676786919	0.678208192	0.680391457	0.682787738	0.684989881	0.689671924	0.692334981	0.692380199	0.691715289	0.692873693	0.692552173	0.693233301	0.692838105	0.693549426	0.693304849	0.693001277	0.693048281	0.693372707	0.693063501	0.693354589	0.694390048	0.695004106	0.6936585	0.694992153	0.695396947	0.692763635	0.693529721	0.69274483	0.692204136	0.691715118	0.691022387	0.691676707	0.691189083	0.691643267	0.690321001	0.690281317	0.6899881	0.690150091	0.690204644	0.689743129	0.690165604	0.688503157	0.687758083	0.684428069	0.684196149	0.685078871	0.682357031	0.681737303	0.680993822	0.678985843	0.676491813	0.673639464	0.674955253	0.672272156	0.670061555	0.672485758	0.670068717	0.669714714	0.666021569	0.667801228	0.665740108	0.667731735	0.667148842	0.663505863	0.664284999	0.66270045	0.533462408
Sl_-N+Fe	Sl	-N+Fe	12.291	0.12921384	0.114047282	0.105176138	0.097154581	0.090792317	0.086427094	0.08399541	0.080468638	0.077749877	0.076273574	0.074601119	0.072210731	0.070904401	0.068506699	0.066579569	0.064885393	0.062308007	0.059597884	0.057849459	0.057895026	0.05948771	0.061534018	0.063017949	0.063123386	0.062969062	0.062915761	0.062878304	0.062937633	0.062807923	0.062316063	0.062322775	0.062241595	0.062294644	0.063060908	0.063872084	0.065659968	0.068216692	0.071976258	0.077470328	0.084497432	0.093588157	0.104735197	0.11738375	0.131363573	0.145669332	0.158410767	0.169227329	0.177390168	0.183266307	0.186989671	0.189993449	0.192061725	0.193829373	0.195824703	0.196901121	0.196282084	0.193125217	0.18822262	0.181330181	0.173389985	0.164764787	0.156491683	0.149132539	0.143042695	0.137530854	0.133033709	0.129343096	0.126505167	0.124287781	0.122167547	0.120245702	0.11818192	0.11563814	0.112211486	0.108723533	0.105071451	0.101834062	0.099405809	0.098017346	0.097064645	0.095806293	0.093881248	0.091035144	0.087339791	0.08255903	0.077577656	0.073678288	0.070995506	0.068929476	0.067235988	0.06498338	0.062359148	0.060173912	0.058515597	0.057864137	0.057763498	0.058286086	0.059326281	0.061846294	0.066912554	0.077621369	0.096585588	0.125136815	0.160590565	0.199863046	0.238935007	0.275965368	0.311036745	0.343744403	0.373924901	0.403046843	0.43095534	0.452825193	0.469379945	0.486717512	0.501709836	0.514154933	0.525134495	0.537106595	0.547126525	0.559097272	0.571667899	0.586185777	0.601275544	0.618153512	0.633990588	0.649270268	0.660440118	0.672086311	0.680211155	0.687107845	0.692645623	0.699490981	0.704545189	0.707896888	0.710171126	0.711671613	0.712833505	0.713530336	0.714879807	0.717206356	0.722327806	0.727624007	0.731908293	0.733714559	0.731753464	0.731339568	0.730808057	0.730080908	0.730049435	0.730062529	0.729037015	0.729009984	0.727788552	0.729500652	0.729689692	0.728568252	0.727859135	0.729805863	0.72984711	0.729070517	0.729167822	0.727984114	0.726676075	0.726187625	0.726017929	0.725695841	0.724811843	0.722743985	0.72206896	0.721901028	0.722357594	0.721974726	0.721010755	0.721432168	0.719205542	0.720666936	0.717262497	0.71769318	0.714741239	0.713653232	0.71204062	0.7127286	0.711902559	0.709055737	0.706853186	0.704784716	0.701640011	0.700551117	0.699612749	0.696367225	0.695530239	0.695070107	0.694850746	0.690159135	0.68957001	0.686788806	0.687625666	0.684317341	0.681837827	0.681938852	0.681113958	0.679375065	0.546972566
Sl_-N+Fe	Sl	-N+Fe	6.169	0.1298325	0.116671814	0.105012096	0.097795729	0.09217732	0.08763067	0.084869149	0.080931961	0.078083959	0.076505487	0.074661243	0.07242728	0.070088144	0.068405454	0.066298734	0.064493322	0.062370469	0.060090814	0.058868729	0.059146826	0.060687966	0.062440666	0.06326422	0.063303239	0.062631263	0.062336033	0.062158626	0.061967415	0.06168077	0.061511419	0.061245509	0.061087632	0.06118508	0.061857746	0.062869558	0.064589977	0.067508042	0.071521876	0.077074283	0.084149537	0.093405315	0.104592949	0.117365841	0.131435332	0.145416796	0.158225641	0.168723807	0.176913804	0.182610665	0.18613889	0.188913449	0.190836926	0.19243345	0.194095728	0.194412564	0.192956644	0.189987725	0.184740534	0.178225097	0.170003588	0.161289998	0.152798091	0.14549897	0.139335882	0.13413587	0.129651812	0.126079626	0.123186858	0.120929189	0.119071263	0.117320571	0.115260141	0.112598581	0.10948468	0.105613065	0.102024432	0.098783526	0.096122087	0.094545524	0.093538367	0.093093822	0.091946261	0.089857967	0.086091771	0.081476916	0.076702773	0.072610341	0.069662651	0.067813114	0.066009849	0.063932704	0.061310366	0.059341875	0.057979398	0.057343561	0.057573403	0.058321206	0.05961808	0.062343878	0.067487117	0.07824726	0.097244054	0.125469952	0.160662135	0.199013443	0.237177508	0.273980751	0.307696723	0.339379388	0.368503295	0.39640615	0.419587101	0.443699488	0.462406012	0.479431822	0.493321743	0.506328349	0.517583402	0.528584748	0.538878763	0.550521762	0.563303983	0.578201658	0.593735696	0.609986636	0.625148266	0.63991939	0.651741751	0.662695145	0.670897743	0.677962374	0.684254121	0.689430531	0.692890802	0.696149109	0.698167781	0.701415115	0.703130061	0.704950632	0.706086652	0.707695001	0.709969782	0.711035735	0.71104074	0.713024654	0.714021641	0.71456135	0.714568657	0.71468982	0.715849588	0.715927028	0.715978624	0.716569274	0.716317852	0.716901094	0.717232609	0.71670278	0.715027498	0.716320792	0.715915516	0.715753954	0.714902897	0.714121007	0.713133648	0.7134258	0.712404272	0.714008819	0.713632686	0.71135263	0.711172802	0.71060169	0.711232484	0.710062058	0.708400595	0.708067022	0.706686226	0.707930976	0.706482034	0.707072311	0.704875568	0.703424617	0.703732891	0.704694346	0.703393301	0.701122769	0.699425451	0.697652077	0.69388021	0.693294479	0.692609369	0.689850514	0.690333531	0.68947333	0.690056556	0.685561829	0.686272961	0.684197932	0.687305094	0.683162055	0.680989248	0.682221157	0.6826393	0.680890649	0.542744462
Sl_-N+Fe	Sl	-N+Fe	11.39	0.132795544	0.118835582	0.109382032	0.101683607	0.095379538	0.090511755	0.087752616	0.083184723	0.080710485	0.078928988	0.076881682	0.074185572	0.072797854	0.070206964	0.068325488	0.066421893	0.0639335	0.061282987	0.059887357	0.060271787	0.062293363	0.064449984	0.066190104	0.066374288	0.066338497	0.066349067	0.066742803	0.066846147	0.066632854	0.066346684	0.066488079	0.066774131	0.067253293	0.068641868	0.070537892	0.073635126	0.078041075	0.084127758	0.09241852	0.102843833	0.115993604	0.131341791	0.148315665	0.166151182	0.183912231	0.199463297	0.212283292	0.222099706	0.229328775	0.234106472	0.237909943	0.240577686	0.242809418	0.245465985	0.24705732	0.246910032	0.244263509	0.239559151	0.232886996	0.224914068	0.215913334	0.207049725	0.199110016	0.192138843	0.185845117	0.180517897	0.176145353	0.172466395	0.169607428	0.166911201	0.164613415	0.162230486	0.159438648	0.15536766	0.1510839	0.146652995	0.142437681	0.139187813	0.137219423	0.135874217	0.13386461	0.130952003	0.126418333	0.120157914	0.112180133	0.10393965	0.097262589	0.092665862	0.089426689	0.086595222	0.082611174	0.077600908	0.072826489	0.069192893	0.067121073	0.066307332	0.066589665	0.068202627	0.072900795	0.083088462	0.102583704	0.1331786	0.173254379	0.218272012	0.264179208	0.30605825	0.343110644	0.376099519	0.4046521	0.430328318	0.454076866	0.476485809	0.491760677	0.50328417	0.516098701	0.527281378	0.536049271	0.544642006	0.554042556	0.562704917	0.573796378	0.585265905	0.599174798	0.613810689	0.630686137	0.645521777	0.660390716	0.671020859	0.682350501	0.69049872	0.697006163	0.702271858	0.709135377	0.71428396	0.717889021	0.720217051	0.7218749	0.723281673	0.723750784	0.725401652	0.7275627	0.732615915	0.73799824	0.741344932	0.742760547	0.740592982	0.741033059	0.740578048	0.739898	0.739995308	0.739789945	0.739217897	0.739414824	0.738863362	0.740189149	0.740416578	0.740075022	0.739402623	0.740711686	0.741485588	0.740533283	0.741178922	0.739622795	0.738580472	0.737896493	0.73738788	0.737727386	0.736703785	0.734690153	0.734583138	0.735184335	0.735285116	0.735239542	0.733972784	0.7348302	0.732887384	0.73477941	0.73197121	0.732749049	0.729169943	0.727998316	0.726967824	0.727648924	0.727478997	0.724523424	0.723210348	0.721329219	0.718333309	0.716990038	0.715758803	0.713120878	0.713141189	0.712607038	0.712732592	0.708010576	0.70715308	0.704993256	0.705975276	0.702683591	0.700685937	0.700900171	0.701408824	0.698778361	0.557005927
Sl_-N+Fe	Sl	-N+Fe	9.099	0.129141491	0.117838847	0.106294382	0.098822823	0.092689121	0.088337673	0.085481653	0.081318555	0.078893905	0.076739879	0.075170932	0.072630067	0.070403331	0.068780978	0.066697815	0.064567862	0.062507924	0.060108934	0.058715772	0.059073321	0.060723	0.062626869	0.063837953	0.063816952	0.063444495	0.06326977	0.063270096	0.063007549	0.062774876	0.062451906	0.06241407	0.062266804	0.062475022	0.063191589	0.064171454	0.06618211	0.069130839	0.073098928	0.078800791	0.086048014	0.095385522	0.1067755	0.119622384	0.133950176	0.148092373	0.160794543	0.171249209	0.179519473	0.185433934	0.18930686	0.192030017	0.194222163	0.195969418	0.197937478	0.198332244	0.197317351	0.194511482	0.189358745	0.183002079	0.174933474	0.166332127	0.157880944	0.150536729	0.144468921	0.139189834	0.134709269	0.131167231	0.128218211	0.125890104	0.124027017	0.122273126	0.120250706	0.117603543	0.114494069	0.11069347	0.106951023	0.103561929	0.100955613	0.099274364	0.098193966	0.097500953	0.096387094	0.094148649	0.090120297	0.085148074	0.079980511	0.075603001	0.07247008	0.070584662	0.068644639	0.066231092	0.063413575	0.061011203	0.059312112	0.05844554	0.058446297	0.059067288	0.060330962	0.063114556	0.068925703	0.080581103	0.100897218	0.130551535	0.166847732	0.206291905	0.245538494	0.282585755	0.316944203	0.349196381	0.378317117	0.406890544	0.430326158	0.453340677	0.472787	0.489818145	0.503723879	0.516486026	0.527596039	0.538883669	0.549481344	0.561222361	0.574566733	0.589492005	0.605217114	0.622035579	0.638127748	0.652985003	0.665133396	0.675921592	0.684898996	0.691961525	0.698039317	0.703611304	0.707424967	0.710621579	0.71299668	0.715970708	0.717912398	0.720185647	0.721055932	0.722653988	0.725202064	0.727910638	0.727094125	0.729054666	0.729558945	0.730733419	0.730704566	0.730397897	0.731860066	0.731669229	0.732130355	0.732016952	0.732585035	0.733238817	0.733437562	0.732616718	0.731878598	0.73265132	0.732852152	0.731905385	0.731078772	0.731354275	0.729420517	0.730253399	0.729029887	0.731016565	0.730126296	0.728027022	0.727574141	0.727411989	0.72821777	0.727062518	0.726044364	0.725642618	0.724530041	0.725754741	0.723882007	0.725367512	0.722857885	0.721356769	0.720965854	0.722425068	0.721258105	0.718585523	0.717384533	0.715905125	0.712247752	0.711903524	0.710405938	0.70757923	0.70749707	0.706553812	0.708305337	0.703386238	0.704243752	0.701100418	0.703927037	0.699396969	0.698887094	0.699525841	0.698463158	0.695900613	0.553876287
Sl_-N+Fe	Sl	-N+Fe	10.245	0.121022352	0.107146262	0.098109067	0.091213955	0.08523119	0.081492313	0.07897702	0.075198387	0.072780976	0.071189439	0.069497804	0.067161146	0.066078611	0.063637682	0.061851291	0.059903793	0.0575765	0.054930337	0.053161711	0.053338959	0.054970212	0.056904366	0.058501534	0.058795733	0.058782963	0.05880749	0.058827576	0.058956721	0.058870875	0.058426217	0.058676043	0.058512381	0.058643611	0.059333499	0.060240027	0.06213429	0.064739296	0.068572887	0.07397891	0.080967396	0.090054303	0.101051539	0.113481064	0.127262714	0.141300514	0.153963381	0.164567218	0.17260874	0.178475781	0.18201942	0.184818299	0.186779357	0.188371947	0.190057306	0.191048846	0.190438688	0.187044703	0.182022897	0.175079681	0.16711337	0.158531785	0.150208478	0.142948967	0.136838912	0.131525982	0.127178906	0.123591425	0.120822514	0.118590708	0.116589781	0.114644702	0.112614643	0.110042196	0.106707888	0.103438603	0.099860147	0.096739348	0.094465705	0.093093499	0.092221456	0.091104622	0.089344974	0.086629171	0.083041959	0.078438451	0.073624302	0.069830064	0.067241553	0.065187268	0.063572581	0.061369446	0.058827248	0.056729348	0.055274904	0.054688757	0.054713145	0.055222968	0.056345979	0.058936334	0.06396454	0.074575491	0.09319316	0.121256333	0.155970892	0.194460122	0.232624677	0.269323163	0.303860955	0.336363272	0.366538007	0.395565146	0.423533118	0.44561271	0.462182995	0.479696129	0.494793417	0.507125665	0.518615579	0.530286969	0.540499246	0.552760082	0.56467792	0.579249187	0.594612608	0.611357659	0.626607723	0.641807016	0.652576475	0.66348339	0.671376807	0.678012297	0.682960453	0.689624247	0.694845966	0.697941699	0.70053882	0.701709623	0.703085997	0.703585808	0.705593717	0.707688679	0.712474169	0.718344983	0.72280997	0.724323162	0.721911688	0.72166006	0.720930188	0.720416955	0.720762711	0.720050042	0.719471611	0.719651726	0.718951161	0.720239998	0.720775131	0.720061852	0.719108034	0.721126203	0.721417095	0.721197626	0.72158814	0.720138621	0.718702012	0.718597435	0.717679865	0.718179498	0.717096171	0.715020217	0.715000641	0.715111912	0.715741661	0.715384803	0.714590442	0.71523052	0.713331847	0.715587243	0.712197972	0.713226137	0.710117839	0.708587888	0.707075846	0.708406435	0.707689972	0.705144406	0.703259765	0.701336175	0.698576247	0.697963555	0.696658833	0.694384895	0.69366922	0.692448532	0.692835926	0.688537537	0.687362773	0.685007843	0.685511232	0.682316158	0.679804325	0.680517825	0.67967161	0.678431102	0.540551588
Sl_-N+Fe	Sl	-N+Fe	8.541	0.122210262	0.109725004	0.09875418	0.091718099	0.086102046	0.082683869	0.079482676	0.075634024	0.07387163	0.071695546	0.070405095	0.067882777	0.065771073	0.064374077	0.062345305	0.060448767	0.058233346	0.055869402	0.054687813	0.054912336	0.056500337	0.058208662	0.059344697	0.059311379	0.058811885	0.058710464	0.058738119	0.058679377	0.058450626	0.05824412	0.058085463	0.057848774	0.057995291	0.058660769	0.059563421	0.061206235	0.06384759	0.067369905	0.072537152	0.078930839	0.08723399	0.097184572	0.108592657	0.121360151	0.133870866	0.145178856	0.154266045	0.161396473	0.166422815	0.169674803	0.171898869	0.173611709	0.175203735	0.176638677	0.177113624	0.175728517	0.173150838	0.168586771	0.162650504	0.155328561	0.147764277	0.140103136	0.133669899	0.128200843	0.123521864	0.119555438	0.116540514	0.113980824	0.112060714	0.110461292	0.108874973	0.107161271	0.104819948	0.101881793	0.098491359	0.095222234	0.092330264	0.089987739	0.088555354	0.087556542	0.087070524	0.086120889	0.084244906	0.080807709	0.076750247	0.072414399	0.068679222	0.066080278	0.06433675	0.062627565	0.060610264	0.058211624	0.056262243	0.054732515	0.054154393	0.054189237	0.054732286	0.055783364	0.058198267	0.063108583	0.073029441	0.090829161	0.116958753	0.149751618	0.185347398	0.221499622	0.256251848	0.288536938	0.318809833	0.346815618	0.373708309	0.395978875	0.418620778	0.437162189	0.453559451	0.466963979	0.479386807	0.490232484	0.500870529	0.511162774	0.522823647	0.535204623	0.549634968	0.564788867	0.580812417	0.596021203	0.610452406	0.622575886	0.633317727	0.641655313	0.648842514	0.654753165	0.660511556	0.664181725	0.667761118	0.669778013	0.672468676	0.674837708	0.676296274	0.677632703	0.679195991	0.681804261	0.683808449	0.683575921	0.68554222	0.685975048	0.686812368	0.687557319	0.687131193	0.688352018	0.687985011	0.688358333	0.688203986	0.688498798	0.689497424	0.689576127	0.688505636	0.687498025	0.688837958	0.688762101	0.688238926	0.686872583	0.687461149	0.686106148	0.686470882	0.685072661	0.686871351	0.686448128	0.685261088	0.684362552	0.684411225	0.684677685	0.683601588	0.682503033	0.68185657	0.681136553	0.681990585	0.680175575	0.680933544	0.67904341	0.677569994	0.677377765	0.67783799	0.677735498	0.67517109	0.674022851	0.672392648	0.669167844	0.668255021	0.667473397	0.664487448	0.664104235	0.663245095	0.664099382	0.660563352	0.661043455	0.657475507	0.659956405	0.657318938	0.655457139	0.656263162	0.654853304	0.654418376	0.520811371
Sl_-N+Fe	Sl	-N+Fe	16.553	0.135564863	0.122226247	0.110786997	0.103183274	0.095893779	0.091825415	0.08658032	0.083435209	0.081125476	0.078702196	0.076769376	0.074346371	0.072614455	0.070758909	0.068435889	0.066334105	0.064111339	0.061756102	0.060247721	0.060571333	0.062259468	0.06418009	0.06538018	0.065243932	0.065259202	0.064825799	0.064875262	0.064853074	0.064517659	0.064241276	0.06400402	0.064005909	0.064478702	0.065163902	0.066432821	0.068527944	0.071745707	0.0763408	0.08255977	0.090770507	0.101288381	0.11364673	0.128169707	0.143466024	0.15903691	0.173013576	0.184458424	0.193336031	0.199628632	0.203833848	0.206863585	0.209364849	0.211069715	0.213349697	0.214492538	0.213646722	0.210493839	0.205257324	0.198083631	0.189811736	0.180686564	0.171816873	0.163971493	0.157091917	0.151398449	0.146423473	0.142578695	0.139274906	0.136789385	0.134534105	0.132418278	0.130165226	0.127424506	0.123772052	0.119821544	0.115835417	0.112116395	0.109505755	0.107761251	0.106624968	0.105248723	0.103443963	0.10025021	0.095921104	0.090232629	0.08452223	0.079836892	0.076354354	0.074056077	0.07189501	0.069269654	0.06598959	0.063085747	0.061006807	0.059971266	0.059672473	0.060113313	0.061334626	0.06436575	0.07064031	0.083601207	0.105886748	0.137693723	0.175773318	0.217246325	0.257535807	0.295325358	0.330444755	0.36260771	0.39207012	0.420302342	0.446464327	0.465523159	0.483503445	0.499975929	0.513942795	0.525484433	0.536452299	0.547594864	0.557482879	0.56951917	0.58269331	0.598116309	0.613753603	0.631369034	0.647612143	0.66310831	0.674901066	0.686536557	0.695867708	0.702873363	0.708723641	0.715822901	0.721172865	0.724420623	0.727228871	0.729207244	0.73038102	0.731770492	0.733103413	0.735346124	0.739434013	0.744420776	0.746603845	0.747492807	0.746398471	0.747572265	0.747330983	0.747027994	0.747459334	0.746910035	0.746612693	0.746491293	0.745880582	0.747124973	0.747776436	0.747202066	0.746684604	0.748163828	0.748151431	0.748015573	0.747696491	0.746599738	0.745189684	0.744816127	0.743873028	0.744273012	0.743541244	0.742005869	0.741426218	0.741580072	0.741727595	0.74132074	0.740012515	0.741449014	0.738947347	0.74013636	0.737828204	0.738202562	0.735003048	0.733919285	0.733457119	0.734144201	0.733314498	0.730499413	0.729771141	0.727171357	0.724172246	0.723580739	0.722574517	0.71915126	0.719636666	0.719236648	0.718875585	0.71471567	0.71365655	0.712711408	0.713156133	0.71028372	0.708565755	0.709136754	0.708951846	0.706093888	0.562843145
Sl_-N+Fe	Sl	-N+Fe	13.566	0.13656157	0.122727696	0.110310088	0.101807976	0.095883962	0.090779753	0.085667209	0.082888001	0.081006606	0.07788095	0.075628821	0.072954584	0.071065282	0.069081412	0.06690426	0.065094163	0.06286695	0.060879316	0.059535504	0.059845557	0.061442638	0.063229798	0.063853282	0.063583559	0.063440361	0.063100551	0.063026015	0.062674083	0.062404698	0.062007809	0.061979243	0.061823544	0.062575103	0.063355343	0.064738825	0.066893252	0.070166498	0.07474914	0.081008991	0.088991005	0.099153236	0.111272115	0.125146057	0.139915319	0.154690373	0.168033294	0.17893915	0.187521699	0.193540937	0.19720513	0.200347426	0.202591389	0.204501498	0.2058037	0.206674854	0.205829224	0.203272966	0.198652068	0.192214597	0.184432179	0.175791838	0.167558651	0.160275696	0.154157785	0.148646286	0.143800736	0.139859518	0.136855773	0.134237402	0.132373813	0.130511197	0.12846373	0.125698268	0.122269208	0.118380861	0.11443332	0.110686434	0.107863277	0.105890553	0.10497929	0.104674364	0.103336194	0.100485442	0.095826585	0.09013452	0.084087395	0.079066443	0.075601204	0.07339528	0.071337343	0.068559448	0.065292067	0.062201765	0.059892766	0.058672776	0.05816229	0.058512885	0.059779594	0.063029645	0.069751485	0.082989929	0.104930736	0.13598684	0.172526964	0.211959783	0.250354693	0.286466825	0.318930284	0.348881539	0.375635105	0.398300616	0.421446363	0.442009903	0.45922238	0.473155714	0.485894752	0.496911557	0.507049898	0.516793885	0.526115254	0.536586129	0.548563788	0.561750443	0.576308296	0.591855982	0.607045011	0.621824875	0.633539705	0.645213776	0.653619153	0.660766287	0.66604153	0.671377217	0.674901649	0.678399027	0.680592488	0.683599326	0.686095625	0.688237479	0.688926683	0.68946089	0.6902386	0.690280497	0.691818292	0.693208285	0.694422695	0.696503914	0.696912024	0.696871874	0.698341734	0.698629721	0.69887897	0.699448899	0.699576783	0.700125554	0.700190629	0.699503072	0.69746376	0.698981961	0.697861878	0.697846631	0.696968268	0.697625002	0.696494886	0.69728523	0.696465055	0.697416687	0.697034382	0.694736651	0.694546221	0.69406258	0.694050655	0.692371299	0.691503769	0.691396882	0.689159901	0.690277478	0.689085698	0.690921648	0.688051818	0.686450936	0.686080953	0.68685472	0.685668396	0.68369735	0.681753826	0.679525883	0.675787307	0.675598976	0.674933761	0.672094414	0.672643679	0.671182676	0.672471322	0.668619673	0.669123555	0.667573577	0.669925507	0.667033791	0.66568576	0.666459849	0.665546703	0.663459082	0.53171422
Sl_-N+Fe	Sl	-N+Fe	10.615	0.131377671	0.119301148	0.106975865	0.099059805	0.092560523	0.087831903	0.083844851	0.08031021	0.077724852	0.075442921	0.073600788	0.071033765	0.069302852	0.067537304	0.065272402	0.063497728	0.061049051	0.058928725	0.057828298	0.058037492	0.059696099	0.061656934	0.062419975	0.062282353	0.06203462	0.061796648	0.061572719	0.061348044	0.061133295	0.060845801	0.060516921	0.060464397	0.060634551	0.061356454	0.06258798	0.064605918	0.067816027	0.072339335	0.078563643	0.086648931	0.096834236	0.108945222	0.123233127	0.138173238	0.153198569	0.166565154	0.177303618	0.185969983	0.192031309	0.196133905	0.198874895	0.201271635	0.202984055	0.205090086	0.20600596	0.204927165	0.201839122	0.196615702	0.189796455	0.181467448	0.172707381	0.163861369	0.156276679	0.149572623	0.144158512	0.139408924	0.13570578	0.13259596	0.130184349	0.128010342	0.126065275	0.123873834	0.121161074	0.117702341	0.113706898	0.109763069	0.106127647	0.103578972	0.101821505	0.100722698	0.099615202	0.098287877	0.095487012	0.091393906	0.085959782	0.080270537	0.075612713	0.072068058	0.069913524	0.067783828	0.065091746	0.061868091	0.059070809	0.057023905	0.056077532	0.055759416	0.056148422	0.057276136	0.060242877	0.066495146	0.079304183	0.101562229	0.133293989	0.170854284	0.211163391	0.250692098	0.287613169	0.321962257	0.353323138	0.381732891	0.40947206	0.433861434	0.452730973	0.472216742	0.488266405	0.501643673	0.5133104	0.523849902	0.534934826	0.545204122	0.55774016	0.571022883	0.586222817	0.602380007	0.619502104	0.635474803	0.650360202	0.662496485	0.674063178	0.682791186	0.689558352	0.695937326	0.701894898	0.707242774	0.710468999	0.713076273	0.715137693	0.71683441	0.718602337	0.719641454	0.721741583	0.725066459	0.729215791	0.729587906	0.730967294	0.730551607	0.731841578	0.732154494	0.731731652	0.732536915	0.731952598	0.731791496	0.73126319	0.731645283	0.733017567	0.733337297	0.73298798	0.732142217	0.734031454	0.7332414	0.733670735	0.732906999	0.731917154	0.730916162	0.731471334	0.729731736	0.730810471	0.730402753	0.728362768	0.72837856	0.728509274	0.728855295	0.728368172	0.72789417	0.729159355	0.726682689	0.728087017	0.725812075	0.726734649	0.724416153	0.723358528	0.723249156	0.723572372	0.722597039	0.720379378	0.720354132	0.717668672	0.715531614	0.716030981	0.714242007	0.712178891	0.712296967	0.7113895	0.71197523	0.707840949	0.707236943	0.706654649	0.707162829	0.703370853	0.702742507	0.703315787	0.703903849	0.700489399	0.558403467
Sl_-N+Fe	Sl	-N+Fe	10.616	0.128544847	0.11503652	0.103829333	0.095044899	0.090509397	0.085171705	0.079914252	0.07753771	0.075447312	0.072752079	0.070036178	0.067719109	0.065636241	0.063641997	0.061734578	0.060083778	0.057755335	0.055769299	0.054439671	0.054781572	0.056040523	0.05767136	0.058293783	0.058065287	0.057970999	0.057614241	0.057518343	0.057192449	0.056815339	0.056563314	0.056528342	0.056242311	0.056887582	0.057352079	0.05848809	0.060029064	0.062748662	0.066663251	0.071992639	0.078846683	0.087769985	0.098511962	0.111144943	0.124798752	0.138443605	0.150908904	0.161442987	0.169374663	0.174920898	0.178214214	0.180773385	0.182660118	0.184030893	0.184863107	0.185302925	0.183869644	0.180665282	0.175598124	0.168763864	0.160480174	0.151705804	0.143333871	0.13623132	0.130234513	0.124974346	0.120465404	0.116961686	0.114034133	0.111755996	0.109943652	0.108154544	0.105996002	0.103438661	0.100157151	0.096555118	0.092976254	0.089755096	0.087187998	0.085475996	0.084957493	0.08478438	0.083893372	0.08181064	0.078247303	0.073887493	0.069096289	0.065212837	0.062650859	0.060964252	0.059381867	0.057498418	0.055356034	0.053407379	0.052344753	0.051966768	0.052247273	0.052954581	0.054470971	0.057049525	0.061924285	0.071739583	0.089252196	0.115884667	0.149070333	0.186702434	0.22438915	0.260796947	0.294440322	0.326272743	0.354898273	0.379948481	0.40702071	0.429826006	0.449398187	0.46566072	0.480304941	0.492432989	0.50352448	0.514371385	0.524461183	0.535785952	0.54814581	0.561870056	0.576800317	0.592651102	0.608116894	0.623899993	0.63584862	0.648064965	0.656446814	0.663578518	0.66880105	0.674802329	0.678150354	0.681885384	0.684386443	0.687687708	0.690134139	0.691928417	0.692744405	0.692767807	0.693084862	0.692431011	0.694616526	0.695829769	0.697639006	0.69938387	0.700407541	0.700392583	0.702026428	0.702561262	0.703148117	0.703501895	0.703352581	0.704122173	0.704135188	0.703425031	0.701784617	0.703268218	0.702250149	0.702512813	0.70214164	0.702255771	0.701296948	0.701700199	0.701350235	0.702649208	0.702336875	0.700123717	0.699417876	0.698948852	0.699282869	0.698261109	0.69658418	0.697107215	0.695134988	0.697070027	0.695123816	0.697287524	0.694271841	0.693475369	0.69292192	0.69446012	0.693611539	0.691379857	0.689803452	0.686947728	0.683393915	0.684069567	0.683343676	0.681102666	0.681607615	0.680815409	0.681710147	0.678897285	0.679214744	0.677239413	0.678975279	0.677149746	0.67445289	0.675920903	0.674269591	0.67184164	0.536193546
Sl_-N+Fe	Sl	-N+Fe	14.188	0.1308715	0.118654788	0.106121538	0.098445695	0.091662869	0.087500339	0.083547912	0.08028674	0.077813621	0.07538398	0.07342497	0.070932527	0.06955849	0.067621128	0.065187506	0.063311481	0.060751621	0.058362013	0.056898062	0.05697268	0.05838535	0.060248116	0.061178636	0.061247461	0.061236566	0.061109678	0.061127335	0.061041302	0.060888539	0.060686118	0.060541766	0.060452549	0.060832594	0.06145369	0.06260304	0.064462811	0.067438121	0.071668479	0.07754089	0.085201419	0.095024258	0.106800064	0.120692767	0.135582658	0.150340532	0.163487609	0.174205015	0.182807361	0.188797476	0.192727285	0.195340524	0.197730937	0.199276574	0.201319363	0.202008588	0.200880953	0.197632742	0.192377819	0.185555244	0.177300266	0.168482014	0.159764068	0.152078995	0.145454033	0.140046157	0.135388526	0.131693737	0.128566352	0.126190823	0.124146802	0.122235986	0.12002563	0.117383132	0.113914864	0.11001103	0.106127183	0.10255695	0.100060013	0.098277456	0.097129187	0.095987198	0.094733914	0.09211525	0.088217389	0.083170896	0.077976624	0.073661998	0.070339951	0.068326168	0.06624706	0.06383829	0.060927226	0.058536702	0.056781811	0.05605509	0.055970034	0.056376088	0.057414326	0.059961099	0.065291593	0.076535721	0.096712204	0.12615783	0.161977145	0.201009927	0.239769533	0.276470081	0.310657954	0.342168588	0.370506277	0.398504984	0.42253865	0.441747479	0.460973606	0.476831195	0.48997627	0.50166337	0.511741017	0.522213903	0.531787321	0.543049828	0.555150454	0.568890044	0.583069763	0.598454029	0.613091847	0.626457204	0.637634584	0.64828364	0.65642728	0.662557217	0.668510956	0.674553287	0.679086237	0.681746722	0.684226555	0.68667246	0.687981244	0.689816896	0.690676839	0.692503837	0.69568632	0.699822605	0.700242066	0.701190718	0.701005503	0.702311954	0.702617639	0.702218197	0.70294089	0.702267282	0.702359735	0.702233845	0.702014687	0.70291877	0.703598132	0.702728683	0.702177524	0.703629708	0.703627196	0.703318457	0.702738254	0.702091916	0.700994378	0.701358697	0.699934598	0.700935823	0.700417702	0.698945349	0.69835906	0.698584799	0.698949221	0.698221683	0.697532674	0.697859278	0.696267386	0.697079636	0.69515216	0.695973915	0.693349172	0.691847201	0.692042601	0.692853008	0.691843599	0.689114586	0.688477678	0.686392738	0.683721526	0.684376401	0.682610049	0.67994535	0.680445086	0.679172801	0.679399977	0.675534607	0.675110509	0.673603262	0.674882211	0.671941593	0.670692631	0.670836468	0.670296467	0.667585082	0.53440922
Sl_-N+Fe	Sl	-N+Fe	13.352	0.129329378	0.116193127	0.104604617	0.096919228	0.091993905	0.087392721	0.082514196	0.080466547	0.078746933	0.076186942	0.07369696	0.071505219	0.069885933	0.067943225	0.06591253	0.06428703	0.061969605	0.059891621	0.058495572	0.058835395	0.060027037	0.061688748	0.062338959	0.062083945	0.062087526	0.061785873	0.061724998	0.061436071	0.061113944	0.060833443	0.060888873	0.060672395	0.061226287	0.06167645	0.062728995	0.064365559	0.067016401	0.070871805	0.07619679	0.083087799	0.092092188	0.103031342	0.115817024	0.129511979	0.143232381	0.155810619	0.166024966	0.17391395	0.179502049	0.182834244	0.18558197	0.187547586	0.189135902	0.190252441	0.190736628	0.189398979	0.186578762	0.181705519	0.175031359	0.167077905	0.158392655	0.150154787	0.143092995	0.13702855	0.131757738	0.127326824	0.123784664	0.12093933	0.118745286	0.117004033	0.115324367	0.11326142	0.110653611	0.10730591	0.103429949	0.099797635	0.096401708	0.093741711	0.092033238	0.091463485	0.091219899	0.090343002	0.088178064	0.084696536	0.08031844	0.075540697	0.07151042	0.06873232	0.066865974	0.065073539	0.062931983	0.060572158	0.058432875	0.057069421	0.056422095	0.056326968	0.056775041	0.057808039	0.060022761	0.064652815	0.07451759	0.092291165	0.119260891	0.152657191	0.190002388	0.22736691	0.263416285	0.296629918	0.327838752	0.35578063	0.379964511	0.405902326	0.427844633	0.446859713	0.462428365	0.476071033	0.487977804	0.498594773	0.508789552	0.518187496	0.528972809	0.540638376	0.553552615	0.56743108	0.582312655	0.596744993	0.611350006	0.622679747	0.633784764	0.641816725	0.648658776	0.653281327	0.658604532	0.662131426	0.665542552	0.667865421	0.671003573	0.673515268	0.675077206	0.675919744	0.676101052	0.676196156	0.676064858	0.677596969	0.678871388	0.680188839	0.681932116	0.682951169	0.682742842	0.684216455	0.684927109	0.684893843	0.685767273	0.685019076	0.685696563	0.685979206	0.684890897	0.683554726	0.684575956	0.683949069	0.684320793	0.683678958	0.683784401	0.682950848	0.683167079	0.682721327	0.683555323	0.683229827	0.681280575	0.681159548	0.68013508	0.680339157	0.679166257	0.677581738	0.677779229	0.67572537	0.677375971	0.675715602	0.67749802	0.674680122	0.673762277	0.673600712	0.674173107	0.673740566	0.671630876	0.669704486	0.667120283	0.663697217	0.664311798	0.663763611	0.661069289	0.66162307	0.660128646	0.661698473	0.658254414	0.658055794	0.656405921	0.65832562	0.655019014	0.653901736	0.6548935	0.653424446	0.651405041	0.520993554
Sl_-N+Fe	Sl	-N+Fe	11.41	0.134098751	0.120642628	0.108994684	0.100470704	0.09517878	0.090764159	0.086686178	0.083440926	0.08099038	0.078536242	0.076845354	0.074795818	0.073313341	0.071390381	0.069530585	0.06751832	0.065434545	0.06344371	0.062118121	0.062316683	0.064177146	0.066054072	0.067085487	0.067066048	0.06717105	0.066752489	0.066877037	0.066848849	0.066369293	0.065997695	0.065748095	0.065749316	0.066422339	0.067436142	0.069213336	0.071906683	0.075660326	0.080998109	0.088044042	0.097072073	0.108426426	0.121674383	0.136702784	0.152530127	0.168090926	0.181975421	0.193422567	0.202229134	0.208698796	0.21318146	0.216630623	0.219061153	0.221029281	0.223374678	0.225117948	0.225060255	0.222627547	0.218290324	0.21216425	0.204573186	0.196417629	0.188453236	0.181337315	0.175058459	0.169501445	0.164638316	0.160769919	0.157402712	0.154775869	0.152452583	0.150314017	0.148038359	0.145364896	0.142067996	0.138400426	0.134595119	0.130950001	0.128250754	0.12667535	0.125567264	0.123859842	0.121362412	0.117194102	0.1114462	0.104251699	0.096819685	0.091056235	0.086974853	0.084237652	0.081880975	0.078732683	0.074536802	0.07069333	0.067634263	0.06609468	0.065546449	0.06619963	0.068082627	0.072734113	0.082235068	0.10033731	0.128063757	0.164407104	0.205651489	0.247935402	0.287035296	0.322227307	0.353834353	0.38160401	0.406764532	0.430468075	0.452457115	0.468046836	0.480335608	0.493379974	0.505257048	0.514471012	0.52336456	0.533668502	0.542710047	0.554186562	0.566395505	0.581338764	0.597357726	0.615017699	0.631580029	0.647295844	0.659171682	0.671116414	0.680007932	0.68712501	0.693171267	0.7003553	0.705987865	0.709618293	0.712175769	0.714014625	0.71553291	0.716232043	0.718153756	0.720539867	0.725640086	0.730977579	0.734841373	0.736458337	0.734554697	0.735033045	0.734652253	0.734125439	0.734415492	0.734187893	0.733395486	0.73356181	0.732541339	0.734562092	0.734289048	0.734188398	0.733659134	0.735201705	0.735494658	0.734835664	0.7354308	0.734422152	0.733091775	0.732266481	0.731881131	0.732334889	0.731078514	0.72910633	0.7286059	0.729251442	0.729677506	0.729259775	0.728651794	0.729424012	0.727519896	0.729043553	0.725783798	0.727494087	0.723964892	0.722584918	0.721741205	0.722978353	0.721948554	0.719654362	0.718434267	0.71617086	0.713747607	0.71301811	0.711786743	0.708989841	0.709469045	0.707838914	0.709185487	0.704550471	0.703771163	0.701008498	0.702075037	0.699249929	0.697447559	0.697098121	0.697528443	0.694518083	0.555995555
Sl_-N+Fe	Sl	-N+Fe	8.99	0.129949627	0.116662595	0.104363921	0.095736103	0.090959094	0.086388108	0.082532257	0.079838124	0.07730223	0.074393853	0.072915606	0.070316113	0.068358289	0.066114158	0.065023194	0.062555443	0.060257891	0.058209028	0.056827138	0.057177937	0.058969242	0.060439788	0.061612606	0.061488341	0.061309614	0.060980248	0.060902161	0.060920465	0.060630731	0.060318421	0.059987282	0.060042874	0.060424001	0.061093022	0.062561382	0.064718273	0.067884029	0.072756659	0.078996123	0.087177834	0.097428873	0.109367265	0.123360027	0.138179655	0.152317249	0.165081589	0.175644088	0.18374243	0.189442058	0.193027104	0.19597561	0.198195462	0.200213042	0.201666223	0.202487751	0.201492769	0.198991982	0.194166176	0.187930631	0.180019169	0.171382005	0.163007486	0.155930928	0.149783226	0.144422997	0.139983615	0.136359532	0.133434648	0.131120897	0.129401019	0.127840988	0.12568886	0.122814103	0.119304306	0.11518098	0.111243607	0.107353368	0.104515557	0.102694798	0.101815739	0.101572876	0.100342541	0.097956221	0.093529984	0.087979826	0.082125405	0.076875638	0.073404182	0.071097154	0.068868714	0.066007076	0.062534644	0.059453534	0.057236054	0.056024262	0.055595559	0.055945693	0.057208809	0.06014218	0.066780272	0.080607691	0.103808975	0.136621946	0.174865255	0.215590846	0.25472581	0.291249454	0.324176633	0.354592806	0.381946669	0.405889892	0.428830166	0.45064945	0.468358377	0.483326395	0.496552403	0.507752292	0.51854011	0.528704369	0.538610635	0.550445338	0.563613031	0.577537915	0.593112677	0.609561087	0.625182848	0.640165585	0.652432551	0.66425622	0.672585499	0.679879815	0.685211	0.690701529	0.694344858	0.698338118	0.699923556	0.70309981	0.705313711	0.707619086	0.709036185	0.709836931	0.710558375	0.710870142	0.711854775	0.713572577	0.714648574	0.716292907	0.717042747	0.716787804	0.718301533	0.717921331	0.718605779	0.719215429	0.719383602	0.72028893	0.720455172	0.719923349	0.717435397	0.719194881	0.718634973	0.717921382	0.717087764	0.716793452	0.715971749	0.716796952	0.715995691	0.717123481	0.716859816	0.714674478	0.713865029	0.713507308	0.713449954	0.712771963	0.711577982	0.710991404	0.709431727	0.710775476	0.709624399	0.710766663	0.707720699	0.707066963	0.706776259	0.707937366	0.707064507	0.704292329	0.703497234	0.700882092	0.698570318	0.698411481	0.697322588	0.694821514	0.694672424	0.692319143	0.695124689	0.690692478	0.691385151	0.688435235	0.69097263	0.687444096	0.687081785	0.687149067	0.686707952	0.683662498	0.545580177
Sl_-N+Fe	Sl	-N+Fe	13.535	0.132526274	0.117116915	0.106420861	0.09836021	0.093506761	0.09007854	0.085490945	0.082974875	0.080574087	0.078837233	0.077041231	0.075161585	0.073920912	0.071876336	0.070076943	0.06819507	0.065858984	0.063549927	0.062220803	0.062215877	0.064010723	0.065940729	0.066955156	0.066945653	0.067105399	0.066682414	0.066910025	0.066700152	0.066424566	0.066196177	0.065994526	0.065813029	0.066171834	0.066652363	0.067805248	0.0697742	0.072528349	0.07655822	0.08240274	0.089998406	0.099807739	0.111437163	0.125061599	0.139604118	0.154288716	0.167417265	0.178203818	0.186533345	0.192477729	0.196428683	0.199209363	0.201385451	0.202990471	0.205150121	0.206234403	0.205437104	0.20214927	0.197082426	0.190294188	0.182126764	0.173313245	0.164827345	0.157330892	0.150941291	0.145527977	0.140933438	0.137280206	0.13429663	0.13215691	0.130179779	0.128411478	0.126133814	0.123360792	0.11994521	0.116138549	0.1122856	0.108825778	0.106250577	0.104742108	0.103576857	0.102346164	0.10072419	0.097925528	0.094160958	0.089067651	0.083878466	0.079638846	0.076473747	0.074314655	0.072159222	0.069618325	0.066560578	0.064033191	0.062166502	0.061468348	0.06119091	0.061701366	0.062910304	0.065539297	0.071090058	0.08304594	0.104091309	0.134752072	0.171899231	0.212774863	0.252322435	0.289680135	0.324910441	0.357084916	0.38674673	0.415455166	0.442412756	0.462269821	0.480103722	0.496803824	0.511411122	0.523009919	0.534044549	0.545573773	0.555691509	0.568027655	0.581017401	0.596122542	0.611684131	0.629194032	0.644950115	0.660200651	0.671203522	0.682727729	0.691449353	0.697783987	0.703855832	0.710768756	0.716016387	0.7194008	0.722203561	0.723703855	0.725130017	0.726176232	0.7280412	0.730502632	0.734457872	0.739654437	0.742515894	0.743715617	0.742188956	0.743097638	0.74273477	0.742349788	0.742817778	0.742437929	0.741800009	0.742039553	0.74127271	0.742965501	0.742866766	0.742239488	0.742103262	0.743643972	0.743947125	0.743565816	0.744011042	0.742811821	0.74174848	0.741352319	0.740398948	0.740553829	0.739839225	0.738050634	0.73786208	0.738278357	0.738666268	0.738661214	0.738076486	0.738839594	0.736557344	0.73838019	0.735958443	0.736880129	0.73365163	0.732441749	0.731688478	0.733137729	0.732165291	0.729383129	0.728733266	0.72618491	0.723549183	0.723231669	0.721903792	0.719578536	0.719596764	0.718774368	0.719782814	0.715414506	0.714511698	0.711883087	0.713709643	0.710370789	0.708409376	0.708708645	0.708805699	0.705941252	0.561144857
Sl_-N+Fe	Sl	-N+Fe	11.267	0.132442697	0.120991967	0.107586456	0.098876683	0.094519454	0.090351881	0.085763723	0.082491777	0.079916701	0.077258977	0.075345455	0.072583562	0.070640316	0.068341425	0.0667064	0.064540607	0.062511701	0.060336962	0.059121638	0.059392916	0.06098494	0.06259694	0.06344776	0.06324922	0.06309043	0.06283372	0.062728453	0.062570532	0.062439459	0.062104191	0.062031293	0.06191788	0.062494787	0.063200521	0.064670479	0.066999873	0.070196763	0.075187617	0.081717817	0.090234063	0.101062898	0.113865481	0.128595569	0.14418769	0.15946825	0.173268465	0.184574713	0.193390659	0.199661802	0.20359199	0.206877695	0.209333052	0.211179626	0.21257541	0.213301075	0.212497333	0.209846832	0.205111292	0.198602426	0.190546151	0.181636364	0.173218591	0.165753205	0.159401603	0.153745051	0.148848634	0.144807629	0.141540424	0.139151055	0.137118704	0.13543977	0.13307554	0.1302942	0.126687052	0.1226288	0.118481501	0.114491277	0.111407531	0.109504339	0.108662785	0.108247532	0.10718272	0.104128577	0.099091576	0.093008751	0.086493982	0.080953675	0.077366967	0.075046351	0.072848389	0.06991179	0.066307606	0.063086197	0.06070698	0.059372857	0.058925667	0.059293464	0.06063414	0.063924902	0.071155089	0.085916418	0.110138526	0.144188657	0.183092688	0.224736362	0.263926781	0.300349631	0.332584637	0.36202634	0.387889667	0.409587465	0.432725355	0.452321486	0.469017152	0.482396886	0.494634803	0.505070242	0.515177309	0.524774235	0.53432337	0.545290987	0.557327017	0.571245483	0.586084652	0.602037507	0.617197943	0.632500722	0.644484851	0.656143508	0.664305158	0.671512283	0.676461227	0.68188105	0.685361334	0.688863374	0.691499683	0.694339826	0.696910156	0.698784513	0.699786181	0.700107286	0.700771426	0.700375327	0.701976327	0.703338533	0.704655969	0.706444609	0.707049445	0.70737145	0.708603283	0.709364419	0.709410717	0.710187786	0.709975797	0.711150589	0.711298458	0.710337015	0.708353198	0.709998219	0.709046303	0.708795226	0.708631792	0.708572557	0.707407354	0.708333021	0.708110991	0.708584644	0.70822604	0.70608957	0.705767729	0.70528582	0.705654304	0.704516232	0.703070503	0.702992378	0.701645659	0.703216119	0.701342242	0.703449003	0.700726633	0.699691507	0.699435181	0.700917836	0.699588501	0.697491211	0.695898219	0.693620101	0.690535966	0.690921564	0.690180505	0.687393395	0.688224206	0.686342928	0.688273883	0.684640689	0.68541841	0.683714532	0.685416067	0.682680553	0.680706147	0.680934737	0.680030275	0.677617756	0.541722025
Sl_-N+Fe	Sl	-N+Fe	8.112	0.12680613	0.111925694	0.101221494	0.093535067	0.08841227	0.085456797	0.081225742	0.078713744	0.076492837	0.074856712	0.072872523	0.071214358	0.069996084	0.067771732	0.066039281	0.064206313	0.061849637	0.059505122	0.058051176	0.058064046	0.059631646	0.061023706	0.062008352	0.06190491	0.061808896	0.061400354	0.061397945	0.061368312	0.061000909	0.060691272	0.060425828	0.060327142	0.060645783	0.061061959	0.06181353	0.063361367	0.065431896	0.068746514	0.073321868	0.0791979	0.087051853	0.096110278	0.107138891	0.119091174	0.131260525	0.142097853	0.151128069	0.158079304	0.163039973	0.165963954	0.168187383	0.169946734	0.171024325	0.172605542	0.17338434	0.172452776	0.169474144	0.164896665	0.15875605	0.151779608	0.144218219	0.13704866	0.130718487	0.125276111	0.120857072	0.117011276	0.11401232	0.11149	0.109618238	0.107934245	0.106430203	0.104620281	0.102395375	0.09974448	0.096803478	0.0937411	0.090958603	0.088989241	0.087788946	0.086923681	0.085925944	0.08478848	0.082601106	0.079451288	0.075412849	0.071478699	0.068320508	0.06599719	0.064517507	0.06298251	0.061375631	0.059213719	0.057634391	0.056485937	0.056270053	0.056460105	0.05726794	0.058626648	0.061094771	0.065554215	0.074841754	0.091280818	0.115821491	0.146762838	0.181339868	0.215738896	0.249408576	0.281319759	0.311243421	0.339022382	0.366339989	0.391758174	0.410923515	0.429817871	0.446607945	0.460893037	0.472651025	0.483853789	0.494993532	0.505136491	0.517458855	0.530362907	0.545445513	0.560738453	0.578125654	0.59369592	0.608663161	0.619841658	0.631434065	0.640202497	0.646795382	0.653009785	0.659658642	0.665012862	0.66804149	0.670802142	0.672803988	0.67418203	0.675638221	0.676933342	0.679054746	0.683079557	0.687678405	0.688922265	0.690205539	0.689152187	0.690171667	0.690579233	0.690548756	0.690494671	0.690469131	0.689828933	0.689872289	0.689565787	0.690726729	0.691385508	0.690609041	0.690240473	0.691719647	0.691789105	0.691748776	0.691660656	0.690841308	0.690320511	0.68978282	0.688640473	0.688792541	0.687944234	0.686714167	0.685817324	0.68664005	0.686726191	0.686795336	0.685746558	0.686053356	0.684198115	0.685674074	0.683536811	0.683924658	0.681472212	0.679540206	0.679092863	0.680288205	0.67970594	0.67683576	0.676064729	0.673059996	0.671473299	0.670420287	0.670211795	0.667064676	0.667925297	0.666542996	0.666511347	0.662745257	0.661497806	0.659757241	0.662054198	0.659423386	0.657713166	0.656953121	0.656443315	0.654850932	0.521554003
Sl_-N+Fe	Sl	-N+Fe	9.824	0.127141337	0.115391667	0.102511762	0.094744539	0.089906035	0.086376159	0.082121758	0.07876841	0.076788458	0.074459296	0.07270519	0.070222942	0.068498835	0.066461289	0.064946971	0.063005341	0.061150308	0.059318201	0.058353946	0.058784657	0.060498018	0.061988051	0.062890436	0.062478499	0.062188072	0.06171374	0.061569305	0.061348836	0.061038045	0.060766294	0.060440427	0.06043573	0.06110686	0.061821511	0.063410053	0.065856005	0.069326238	0.074389855	0.080742239	0.089002544	0.099236206	0.111066037	0.12479941	0.139008606	0.152700532	0.165186107	0.175360257	0.183097166	0.188747434	0.192143551	0.194924975	0.197149298	0.19873461	0.200058017	0.200749355	0.200049548	0.197749308	0.19352073	0.187371499	0.179941789	0.171812457	0.164158375	0.157312826	0.151535467	0.146474907	0.142072926	0.138490012	0.135555524	0.133459123	0.13164572	0.130087878	0.127920525	0.125243749	0.121865355	0.118006509	0.114176357	0.110478787	0.107582058	0.105798293	0.105309418	0.10501475	0.104100007	0.101418867	0.096834323	0.091109968	0.084947666	0.079673035	0.07613221	0.07383223	0.07145204	0.068587259	0.064924377	0.061636111	0.05917882	0.057765027	0.057339259	0.057671561	0.059047983	0.062408346	0.069685618	0.084205108	0.107399502	0.139607379	0.176269068	0.215295614	0.252242608	0.286319829	0.316692786	0.344374735	0.368724742	0.389310917	0.411623002	0.430602188	0.446692405	0.459961166	0.472112576	0.482227948	0.491998573	0.501530578	0.511314007	0.522129258	0.5344494	0.548166659	0.563461199	0.579671056	0.595404857	0.611039327	0.623236397	0.635382731	0.64392291	0.65119977	0.656314216	0.662104637	0.665686346	0.669181547	0.671768345	0.674832981	0.677481623	0.67957565	0.680032967	0.680523933	0.680572451	0.680314243	0.682403528	0.6838376	0.685155144	0.687143533	0.687906677	0.688116448	0.689311204	0.690034015	0.689930125	0.69092524	0.690664051	0.691552122	0.691276195	0.690682426	0.688914999	0.690260354	0.689719184	0.689373022	0.689239278	0.688882331	0.688389141	0.688835731	0.688512824	0.689296144	0.689223675	0.686916776	0.68623751	0.685831644	0.685394597	0.684419439	0.683528136	0.683611804	0.68190629	0.683136192	0.681494521	0.682724512	0.680190771	0.679024986	0.678496847	0.680532001	0.679333535	0.676612991	0.675501822	0.673146543	0.669774803	0.67042099	0.669463516	0.66647802	0.667375032	0.665836698	0.666853047	0.663066395	0.663843795	0.662392885	0.663165148	0.660183966	0.659063503	0.658862377	0.657350041	0.653611753	0.522517208
Sl_-N+Fe	Sl	-N+Fe	5.251	0.128916653	0.11461606	0.104419064	0.09785373	0.091919556	0.088000459	0.083550255	0.081219403	0.078306392	0.076672534	0.074241134	0.073390211	0.070709719	0.06941237	0.067333104	0.065514479	0.063245943	0.060745118	0.059685515	0.060067574	0.061949447	0.06381521	0.06509868	0.064949719	0.064652027	0.064300834	0.064762625	0.064472351	0.064169921	0.063787591	0.063937422	0.063567613	0.063939741	0.064666342	0.065733733	0.067574163	0.07035169	0.074345277	0.079605593	0.086548163	0.095244743	0.105619655	0.117774643	0.130522685	0.143360338	0.154572091	0.163898242	0.171032272	0.175887959	0.178959197	0.18117383	0.182740265	0.183764333	0.185369866	0.186115659	0.185294499	0.182051589	0.177538985	0.171385743	0.164224603	0.156297154	0.148727232	0.142385378	0.136619055	0.131841122	0.127898775	0.124721037	0.122203227	0.120309728	0.118450534	0.116781724	0.114987578	0.112616012	0.10952101	0.106214106	0.103010737	0.100053246	0.097885688	0.096454801	0.095590167	0.094470929	0.093155565	0.090660867	0.087357583	0.082886733	0.078450479	0.074790025	0.072016226	0.070115745	0.068416073	0.066387641	0.063710937	0.061486032	0.059977938	0.059264237	0.059231557	0.059983747	0.061332349	0.064040146	0.069362673	0.080389733	0.099470791	0.12717901	0.160597285	0.197899502	0.233985637	0.268781059	0.301417504	0.331461287	0.359156318	0.386300731	0.411379459	0.429493349	0.447296517	0.463164131	0.476994941	0.488338429	0.499338703	0.510909174	0.521250741	0.534034603	0.547462614	0.563951883	0.580082381	0.598828014	0.616026003	0.631842029	0.643769686	0.65647333	0.665515406	0.672682549	0.679353864	0.686356722	0.692052572	0.695212241	0.69835844	0.700340433	0.701345491	0.702976309	0.704512739	0.706803023	0.7109512	0.715961883	0.71752701	0.718685169	0.717394322	0.718234982	0.718266291	0.718205018	0.718321561	0.717752005	0.717497455	0.717810937	0.716761334	0.718368313	0.718725233	0.718141961	0.718062432	0.719042583	0.719369844	0.718945625	0.719630363	0.718244579	0.717431256	0.716952746	0.715508215	0.715787269	0.715530234	0.713877537	0.713667819	0.713888965	0.713772083	0.713491114	0.712724961	0.713584071	0.711052211	0.712354689	0.710505743	0.71080784	0.707668129	0.705673984	0.705446759	0.706622642	0.705947869	0.703544623	0.702893348	0.699346001	0.697364182	0.696175462	0.695487497	0.693341207	0.693484674	0.693129309	0.692925859	0.687900353	0.687519397	0.685181172	0.686499707	0.684147388	0.681563116	0.682816861	0.684472537	0.679938297	0.541665564
Sl_-N+Fe	Sl	-N+Fe	5.863	0.131949732	0.118310552	0.107950933	0.100218844	0.094832443	0.090578892	0.085701757	0.083061355	0.080409659	0.078322458	0.076325042	0.074144548	0.071818976	0.069375005	0.068071974	0.066405275	0.064074052	0.061414231	0.060176946	0.060222299	0.061887906	0.063659282	0.064468558	0.064111435	0.063571938	0.063590278	0.063577947	0.063300075	0.063104826	0.062624017	0.062533248	0.062338139	0.062625876	0.06315707	0.064059488	0.065683406	0.067983504	0.071669529	0.076532843	0.083245248	0.091952597	0.102357647	0.114823941	0.128313933	0.141858382	0.154067631	0.164108473	0.172108043	0.177600201	0.181057104	0.183606509	0.185224076	0.186854034	0.188335339	0.188290611	0.187076941	0.184050868	0.179112069	0.172499786	0.16458612	0.156223841	0.148043999	0.140891572	0.1349233	0.129734672	0.125479479	0.122003146	0.11920694	0.116985625	0.115212102	0.113590754	0.111692269	0.109154296	0.105998441	0.102371327	0.098796509	0.09564913	0.093397757	0.091740321	0.090795939	0.090400546	0.089347339	0.08737753	0.083837485	0.079653864	0.075229865	0.071549397	0.068961983	0.067224752	0.065584723	0.063810501	0.061538031	0.0596419	0.058452801	0.058104185	0.058131414	0.058893761	0.060000663	0.062121572	0.0667192	0.076046988	0.093219788	0.119529585	0.152793087	0.189910426	0.227068931	0.263217449	0.296770098	0.328398669	0.357353655	0.384806889	0.407726172	0.431565837	0.450049296	0.467030523	0.480748993	0.493653655	0.504238292	0.515115877	0.525985408	0.537150949	0.549766144	0.564174771	0.579728089	0.596049415	0.61111153	0.626179422	0.638510895	0.649554399	0.658067314	0.665416297	0.671278196	0.677068845	0.680677115	0.684008519	0.686069512	0.689081383	0.691198929	0.693266321	0.69381828	0.695644241	0.697951011	0.699203372	0.699307427	0.701331213	0.702333042	0.703317464	0.702950979	0.703601359	0.704117984	0.704459161	0.704697238	0.705192219	0.705104673	0.70569139	0.706203291	0.705218415	0.704095202	0.704862341	0.704489212	0.704236616	0.702889958	0.703262136	0.701633822	0.702265272	0.701417384	0.702971627	0.702507845	0.70043395	0.699462808	0.699607126	0.700323033	0.698754966	0.697786126	0.697237706	0.696097635	0.696987073	0.695674807	0.696336578	0.693943843	0.692145262	0.692231136	0.693091267	0.692322125	0.689932696	0.689394017	0.687018892	0.684324822	0.684613967	0.682244237	0.679949247	0.680188834	0.68022562	0.679912457	0.675461525	0.677166673	0.674109266	0.677616376	0.672956253	0.672265928	0.672848185	0.67288795	0.670734676	0.534209862
Sl_-N+Fe	Sl	-N+Fe	5.661	0.130099508	0.117001024	0.107643477	0.10213319	0.095303083	0.09107915	0.087827994	0.085060463	0.082617124	0.08120801	0.07883125	0.077494346	0.075348472	0.07381437	0.072099875	0.069693984	0.067795181	0.064804846	0.063521387	0.063594475	0.065472014	0.067714644	0.068832412	0.068916852	0.068713223	0.068362022	0.068649587	0.068619536	0.068454301	0.068127291	0.068085535	0.068007375	0.06839279	0.068815407	0.070059269	0.071916074	0.07476251	0.078697257	0.084356735	0.091917325	0.10151844	0.11313288	0.126822404	0.141239793	0.155785689	0.168518033	0.178997047	0.187165613	0.193082933	0.196827929	0.199301871	0.201209648	0.202738964	0.204813979	0.20543617	0.204275238	0.200956467	0.195866406	0.189157429	0.181059284	0.172413518	0.163783833	0.156306162	0.149733829	0.144532773	0.140016842	0.136424681	0.133536155	0.131222154	0.129168651	0.127389384	0.125296614	0.122688961	0.119178994	0.11533636	0.111374801	0.107771225	0.105333238	0.103611287	0.102551188	0.10138191	0.100194007	0.09763752	0.094094653	0.089303357	0.0842367	0.080099431	0.076972014	0.074923623	0.072832844	0.070486186	0.067605627	0.065224494	0.063603986	0.062796454	0.062692627	0.063240898	0.064421394	0.06684053	0.072121985	0.083195467	0.103202492	0.132874396	0.168973903	0.20823457	0.247235492	0.284081937	0.318919183	0.350959471	0.380031286	0.408343738	0.432913752	0.452238635	0.472449959	0.488615621	0.502138667	0.514033148	0.524766501	0.535661361	0.545777533	0.558315689	0.571425718	0.586689597	0.602227996	0.619133974	0.634993686	0.649476548	0.661424627	0.672528343	0.681436051	0.68833524	0.69445338	0.700852349	0.705578814	0.708546586	0.711671728	0.713715147	0.715345279	0.716708157	0.717957801	0.720258071	0.72314689	0.727412094	0.727824996	0.728636272	0.728099965	0.730145389	0.730022712	0.729103768	0.729440134	0.729536789	0.729355844	0.728905586	0.728863473	0.730307333	0.730443431	0.729698958	0.729593339	0.730805287	0.730344064	0.730424654	0.72956279	0.728744039	0.727603604	0.727654841	0.725797052	0.72760289	0.726694243	0.724695017	0.72454152	0.724574163	0.725021467	0.724701445	0.724489708	0.724710336	0.722720958	0.72362604	0.721869643	0.721983508	0.720325005	0.718149638	0.718330266	0.718854443	0.718173236	0.71499171	0.714952215	0.712081483	0.709403948	0.709517379	0.706797587	0.704691102	0.704678938	0.704838918	0.704792596	0.700805321	0.700128381	0.69754652	0.699276777	0.695623302	0.694557212	0.695134722	0.695095694	0.691906142	0.551697908
Sl_-N+Fe	Sl	-N+Fe	9.913	0.127197234	0.114834025	0.104211047	0.097344025	0.091803356	0.087470726	0.08472602	0.082088946	0.08009394	0.078566073	0.076157204	0.074690582	0.073193685	0.071080173	0.069560839	0.067771477	0.065715203	0.063592683	0.062565079	0.062947814	0.06456869	0.066091798	0.066872228	0.06642276	0.06577245	0.065397613	0.065495949	0.064953879	0.064703614	0.064321551	0.064219019	0.064099048	0.06449152	0.064926196	0.065809375	0.067498401	0.069840485	0.073388964	0.078361417	0.084759163	0.093060811	0.103370536	0.115208249	0.128288084	0.141325337	0.153365913	0.163243791	0.170977271	0.176325959	0.179512723	0.182085292	0.183918727	0.185270606	0.186450255	0.186702707	0.185565276	0.1827078	0.177908789	0.171599981	0.163948207	0.155565947	0.147690677	0.140872123	0.135081129	0.13018131	0.125890853	0.12252735	0.119886448	0.117780622	0.116211716	0.114615259	0.112806535	0.110250545	0.107043398	0.103476307	0.100043052	0.096985047	0.094353486	0.09280171	0.092347648	0.092113435	0.091265177	0.089321112	0.085940922	0.081862918	0.077449797	0.073729672	0.071240288	0.069607466	0.06782381	0.065986923	0.063606917	0.061672237	0.060236022	0.059724726	0.059673431	0.060201946	0.061279406	0.063638113	0.068157199	0.077448494	0.09429626	0.120119207	0.152137916	0.188659299	0.225276623	0.261256175	0.294780508	0.326672343	0.355610103	0.381186671	0.407878589	0.431327477	0.451173221	0.467500996	0.482054297	0.495005979	0.506734468	0.517615188	0.528151244	0.539596199	0.552045012	0.566196486	0.58117031	0.597064092	0.61237456	0.627561138	0.639426958	0.651031402	0.659192403	0.666391181	0.671534818	0.676871516	0.680126498	0.683996292	0.686258116	0.689192002	0.692081223	0.693612994	0.694827336	0.695172187	0.695614913	0.695031739	0.696456869	0.698085052	0.699435841	0.701271271	0.701432926	0.701516291	0.703341702	0.703666498	0.703471349	0.704546101	0.704188398	0.705146161	0.704796545	0.703748816	0.702403125	0.703607542	0.702675707	0.70297083	0.702758213	0.702218169	0.701625975	0.701858803	0.701511733	0.702339207	0.701729406	0.699418097	0.698935717	0.69881304	0.69874203	0.697438423	0.696198209	0.696010858	0.694327334	0.695725631	0.693890544	0.695824705	0.693115982	0.691941497	0.690687612	0.69165643	0.690992811	0.688612901	0.68735502	0.684402892	0.680572773	0.681039519	0.679237966	0.676879632	0.677446141	0.676345543	0.677180336	0.673236381	0.674252151	0.671257205	0.673984443	0.670436565	0.669920719	0.670128029	0.668803456	0.666203464	0.531731941
Sl_-N+Fe	Sl	-N+Fe	8.191	0.128395047	0.114885794	0.105068967	0.099115057	0.093352371	0.089060995	0.085170772	0.082909572	0.080205256	0.078942754	0.076734106	0.075189545	0.073020278	0.071473337	0.069794408	0.067528155	0.065530559	0.062813748	0.06169889	0.061851944	0.063586179	0.065537043	0.066511864	0.066337324	0.066016088	0.065634789	0.065938092	0.065843309	0.065647853	0.065300382	0.065351639	0.065291047	0.065703001	0.066187651	0.06732303	0.069208624	0.071961813	0.075836573	0.081297207	0.088644485	0.097953539	0.109286055	0.122694646	0.136757395	0.150928775	0.163320592	0.173684312	0.181715026	0.18753724	0.191012537	0.193320966	0.195322193	0.196778425	0.198603224	0.199198168	0.198053888	0.194666855	0.189633512	0.18295614	0.174944019	0.166542742	0.158052845	0.150863744	0.144427595	0.139292563	0.13473515	0.131255646	0.128436796	0.12615697	0.124259864	0.122624168	0.120537406	0.117923979	0.114516894	0.110802175	0.107046829	0.103617522	0.101151331	0.099567568	0.098595364	0.097532971	0.096325436	0.093838399	0.090418775	0.085756049	0.08092741	0.077024246	0.074038157	0.07207175	0.070216077	0.067971855	0.065228663	0.063006642	0.061556819	0.060873889	0.06085454	0.061546826	0.062721135	0.065163576	0.070244751	0.081001118	0.100184457	0.128883022	0.163776039	0.202250287	0.240271283	0.276371937	0.310524665	0.341826553	0.370335922	0.398321593	0.422588345	0.441940922	0.461504797	0.478070004	0.491193373	0.502972354	0.513506592	0.524323727	0.534343123	0.546245398	0.559171616	0.573962544	0.589228229	0.605995882	0.621868268	0.63623044	0.64830916	0.659714056	0.66833681	0.675147144	0.681585422	0.687543051	0.692664397	0.695549017	0.698526438	0.70064846	0.702137866	0.703865237	0.705047496	0.707135979	0.71025123	0.714330277	0.714880505	0.715850911	0.715682802	0.717056739	0.717120391	0.716615392	0.71720233	0.716899232	0.716771434	0.71630321	0.716255357	0.717210167	0.718154144	0.716970763	0.716776937	0.718376975	0.717550696	0.717879035	0.717029926	0.716088177	0.715390729	0.714858113	0.713624604	0.715158434	0.714423783	0.71280844	0.712227367	0.712052087	0.712577437	0.712714915	0.71133497	0.712133977	0.710722917	0.710919483	0.708901936	0.70977143	0.707632609	0.705404261	0.705794206	0.706267086	0.705969678	0.702761653	0.702333532	0.700109631	0.697091217	0.697064513	0.695510155	0.693006683	0.693919563	0.692583758	0.692546812	0.688494221	0.687625122	0.685076379	0.687642392	0.683579974	0.682035891	0.681733726	0.682268272	0.679566931	0.541507642
Sl_-N+Fe	Sl	-N+Fe	11.151	0.127322584	0.114443612	0.103999283	0.096376503	0.091518997	0.086770303	0.083721591	0.081294246	0.078528624	0.077018969	0.074809736	0.073283483	0.071407331	0.069334971	0.06766652	0.065849842	0.063636696	0.061454923	0.060442519	0.060931781	0.06256857	0.064451508	0.065362421	0.06511594	0.064838592	0.064541912	0.064699707	0.064240796	0.06419291	0.063730155	0.063812632	0.06385429	0.064351177	0.064968441	0.066428865	0.068679134	0.071945829	0.076731237	0.083099609	0.091423739	0.101828312	0.11432584	0.128592145	0.143553427	0.158214715	0.171395674	0.18210051	0.190399003	0.196322274	0.199686616	0.202647547	0.204715918	0.206446491	0.207839141	0.208311226	0.207154557	0.204216726	0.199216219	0.192588393	0.184363989	0.175390278	0.166722253	0.15924525	0.152854292	0.147231864	0.142560341	0.138772391	0.135908604	0.1335508	0.131765138	0.129928296	0.127820351	0.124855619	0.120972285	0.116784131	0.112583345	0.108846463	0.10572338	0.103790679	0.103090269	0.102821897	0.101805954	0.099489759	0.095246655	0.090142586	0.084506553	0.079642338	0.076202006	0.073855804	0.071487828	0.068727607	0.065352243	0.062519405	0.060522139	0.059530663	0.059207888	0.059599153	0.060796452	0.06352092	0.069461045	0.081646268	0.103161549	0.134497286	0.171409654	0.211621232	0.250494303	0.287114166	0.320182883	0.351037992	0.378340881	0.402030499	0.426292484	0.447507404	0.465598351	0.480190471	0.493364719	0.504516211	0.515009515	0.524974045	0.534638499	0.545700649	0.557556197	0.571053529	0.585537514	0.601051072	0.616213152	0.630768593	0.642322125	0.65374191	0.66185593	0.668743454	0.673585093	0.678920432	0.682447956	0.686139132	0.688144372	0.691067867	0.693794225	0.695647396	0.696451282	0.696930019	0.697300637	0.69693875	0.698409118	0.699839065	0.70083466	0.702639433	0.703152328	0.703069265	0.70454356	0.705176098	0.705124954	0.705995821	0.705560097	0.706959618	0.706656884	0.70552275	0.703928718	0.705229354	0.704454502	0.704282014	0.703946781	0.703897771	0.703178831	0.7032913	0.702834025	0.703603476	0.702894278	0.701095638	0.700432731	0.700036128	0.700566433	0.699311422	0.69756088	0.697589065	0.696451164	0.697543906	0.696177419	0.697622758	0.69482738	0.693966834	0.693169296	0.694033734	0.693012303	0.690770736	0.68904256	0.686448801	0.683643356	0.683538929	0.682111783	0.679271898	0.68028118	0.679654628	0.68011113	0.676295245	0.676563843	0.674015298	0.676803183	0.673446087	0.671890292	0.671219585	0.671287831	0.668121789	0.532282295
Sl_-N+Fe	Sl	-N+Fe	9.814	0.137432536	0.122483902	0.111471911	0.102397242	0.095561118	0.091639261	0.087950948	0.083873401	0.080847102	0.078890707	0.0766391	0.074249783	0.071994418	0.070018071	0.067960377	0.066064915	0.063461462	0.061093322	0.059610522	0.05953672	0.060933037	0.062529494	0.063825484	0.063852375	0.063508612	0.063409375	0.063312704	0.063331248	0.063107523	0.062885435	0.062708858	0.062576475	0.062659719	0.063178867	0.064361433	0.066030906	0.068841758	0.072893001	0.078600195	0.086138757	0.095843442	0.107476469	0.121344307	0.136315761	0.151352485	0.164767572	0.175938382	0.184586433	0.190742	0.194694607	0.197562985	0.199791861	0.201680732	0.20355812	0.2040376	0.202694235	0.199409027	0.19386708	0.186705879	0.178052476	0.168965424	0.159822003	0.152058698	0.145292981	0.139810225	0.135027655	0.131164752	0.12808443	0.125697693	0.123706484	0.121936093	0.119720327	0.116751154	0.113231727	0.10923408	0.10522793	0.101734879	0.099080977	0.097274621	0.096097494	0.095436291	0.094283361	0.092029833	0.088133633	0.083443646	0.078474977	0.074219662	0.071053484	0.069036296	0.067178413	0.064846389	0.06213236	0.059985689	0.058414039	0.057794214	0.057868246	0.058464372	0.059715819	0.061966292	0.067077066	0.077694884	0.097079987	0.126099557	0.162360433	0.202295485	0.242553434	0.28092646	0.31645271	0.349737684	0.38009634	0.409946059	0.434466247	0.457829885	0.477862063	0.495191711	0.509259969	0.522074808	0.533423268	0.544208971	0.554505612	0.565905806	0.577654639	0.591749823	0.606090755	0.621415673	0.636177444	0.649549622	0.660948462	0.671477644	0.679534359	0.686318974	0.692377959	0.697612459	0.701444986	0.704608714	0.706683775	0.709364337	0.711248392	0.713416311	0.713996501	0.715824441	0.718534767	0.720829927	0.720626497	0.722482651	0.72271673	0.723839821	0.724188877	0.723734839	0.725071642	0.724932571	0.725002783	0.724575875	0.725186571	0.726238937	0.726741975	0.725426291	0.724703167	0.726125147	0.72579897	0.725581311	0.72429649	0.724230283	0.723021081	0.722906503	0.72233692	0.724209143	0.722996275	0.720785524	0.720972125	0.720886496	0.721197394	0.720416498	0.720046051	0.719356612	0.718623399	0.719517888	0.717778377	0.71904877	0.716783376	0.715244388	0.71469215	0.716672663	0.715694147	0.71371436	0.712616088	0.710736095	0.707942607	0.707724976	0.70645231	0.703991218	0.704512567	0.703670007	0.704294963	0.700943392	0.701380936	0.698765332	0.701499521	0.698102736	0.697476096	0.697792838	0.698806166	0.695829344	0.556631711
Sl_-N+Fe	Sl	-N+Fe	12.178	0.129349028	0.11417402	0.103724483	0.096527967	0.090963386	0.087057275	0.083742952	0.080199263	0.077843457	0.076151277	0.073868239	0.072466675	0.070192851	0.068275967	0.066525456	0.064828034	0.062841999	0.060626574	0.059486458	0.059429058	0.06090473	0.062321611	0.0630398	0.06257651	0.062246503	0.061695255	0.061606101	0.061263627	0.061024159	0.060799823	0.060542314	0.060614499	0.060670989	0.061075625	0.061997934	0.063654597	0.066149958	0.069702931	0.07466444	0.081267997	0.089905965	0.100608731	0.1130335	0.126201521	0.139690005	0.151980647	0.16228226	0.170019205	0.175597372	0.178757799	0.181388331	0.183467896	0.184501472	0.185550635	0.185850429	0.184799176	0.181960379	0.177106828	0.170541691	0.162718709	0.154205242	0.146102093	0.13935798	0.133377338	0.128385987	0.124086018	0.120351707	0.1175999	0.115662833	0.113749605	0.11227015	0.110138092	0.107560679	0.104243625	0.100757755	0.097041738	0.093596822	0.09099915	0.089626715	0.089239694	0.089146926	0.088472657	0.086233103	0.082830614	0.078404924	0.073790577	0.069989519	0.067364671	0.065677395	0.06383461	0.061996764	0.05967954	0.057804882	0.056571869	0.055964971	0.056034352	0.056663205	0.057791414	0.060132379	0.064556958	0.073929472	0.091100935	0.117089042	0.149717555	0.186660623	0.22360565	0.259418941	0.292805856	0.324122818	0.351111553	0.376754478	0.403775763	0.426332999	0.445490205	0.461076759	0.475977027	0.488025761	0.498757745	0.509239687	0.519117668	0.530035324	0.541408973	0.554684778	0.568330217	0.583592105	0.598143317	0.613506582	0.625040168	0.636744593	0.644878259	0.651855298	0.656914569	0.662373217	0.665958888	0.669127056	0.672251901	0.674814495	0.677527329	0.678520646	0.679477908	0.678726682	0.677830613	0.677571548	0.679631721	0.681619763	0.683327659	0.685514412	0.686372739	0.687032511	0.687723572	0.688189493	0.688945617	0.689559513	0.68840554	0.689905095	0.689372003	0.688667851	0.687138492	0.688205766	0.687698115	0.687562791	0.687325083	0.687491558	0.687200652	0.687333962	0.686791684	0.687643655	0.687163679	0.684834875	0.683736982	0.683964453	0.6833333	0.682461593	0.68078916	0.681238848	0.679494561	0.681014659	0.67885313	0.680813299	0.67836419	0.677355003	0.676011757	0.677701723	0.67623573	0.673960415	0.671944951	0.669448146	0.666748485	0.666322957	0.665161691	0.663541017	0.663696513	0.663815771	0.664386555	0.660259807	0.660870773	0.658863317	0.660180349	0.658073374	0.655641297	0.656961204	0.657287131	0.65453561	0.525384787
Sl_-N+Fe	Sl	-N+Fe	9.452	0.132676472	0.118055809	0.106891178	0.099079189	0.092155745	0.088517189	0.085495987	0.080901152	0.07858845	0.076215945	0.074429801	0.071916932	0.069903668	0.068015509	0.066196669	0.064402834	0.062250546	0.059919243	0.058662563	0.058729614	0.060121496	0.061525654	0.062678874	0.062448965	0.062132821	0.061825842	0.061732555	0.061764246	0.061541942	0.06124506	0.061028778	0.060916075	0.061000175	0.061392006	0.062491216	0.063962039	0.066593881	0.070268453	0.075463691	0.082208554	0.090970186	0.101554063	0.114135588	0.127874585	0.141700745	0.154137046	0.164318207	0.172289147	0.177771964	0.181248432	0.183777716	0.185485682	0.186975212	0.188496214	0.188855982	0.187473065	0.184263666	0.178982783	0.172362558	0.164417546	0.156045655	0.147528155	0.140351871	0.13424704	0.129231605	0.124911301	0.121302728	0.118498266	0.116302452	0.11447277	0.11285034	0.110863779	0.108321492	0.105185745	0.101703879	0.098072922	0.09504899	0.092670704	0.09117192	0.090143107	0.089509919	0.088401542	0.086301492	0.082668547	0.07843632	0.074001341	0.070334775	0.067608157	0.065896558	0.064340045	0.062374904	0.060073536	0.058301091	0.056990684	0.056620913	0.056842257	0.057651967	0.059065266	0.061305894	0.065959915	0.075424928	0.092922124	0.119607535	0.153213549	0.190614309	0.228594961	0.265290613	0.299388019	0.331513219	0.360646791	0.389324564	0.412947727	0.436063001	0.45563954	0.47248337	0.486414518	0.499130837	0.510013679	0.520729265	0.531135094	0.542894988	0.555181821	0.569514293	0.584486079	0.60062133	0.615600309	0.62967296	0.641538226	0.652465999	0.66089934	0.667959229	0.674052506	0.679849504	0.683759202	0.687401368	0.689487708	0.692329955	0.694047815	0.696207823	0.697326995	0.699137346	0.701715685	0.704176091	0.703907151	0.705508751	0.706064524	0.707323892	0.707435762	0.707490544	0.708458545	0.708406743	0.708479376	0.70872123	0.709158002	0.71001678	0.710404135	0.709282899	0.70815687	0.709708243	0.70947231	0.709447596	0.708006576	0.708287729	0.706576586	0.707376042	0.706136211	0.708594347	0.707643471	0.705757132	0.704964531	0.705439064	0.705951946	0.705388259	0.7044605	0.704487859	0.703635774	0.70459324	0.702788514	0.70319835	0.701388171	0.700138249	0.700289259	0.701579681	0.700838171	0.698745677	0.69727905	0.695962336	0.69284871	0.692696487	0.691453407	0.689441768	0.689762772	0.688078912	0.689943713	0.68565912	0.685642247	0.68376407	0.68666957	0.682429692	0.681937539	0.683790881	0.683809503	0.681011716	0.544725741
Sl_-N+Fe	Sl	-N+Fe	9.087	0.127231426	0.111970829	0.101817056	0.095109215	0.089882987	0.086565209	0.083518844	0.079990564	0.077939944	0.076365804	0.074470869	0.072983376	0.07092248	0.069003835	0.067402217	0.065696718	0.063889347	0.061696828	0.06071261	0.060908826	0.06241391	0.063837686	0.064579872	0.06397184	0.063632217	0.063083777	0.062973582	0.062626659	0.062330579	0.062112281	0.061859703	0.061910633	0.061967824	0.062325502	0.063270577	0.065046809	0.067492275	0.071062206	0.075886572	0.082256059	0.090685737	0.101044225	0.112960008	0.125739039	0.138688902	0.150336488	0.160093594	0.167467431	0.172704294	0.175615388	0.178063607	0.179956514	0.180869183	0.181797013	0.182131945	0.181054703	0.178185627	0.173727994	0.167404552	0.159965298	0.151853994	0.144114192	0.137528549	0.131862799	0.127147919	0.122909725	0.119462054	0.11685293	0.114966759	0.113139582	0.111714934	0.10974971	0.107246167	0.104123961	0.100734546	0.097149355	0.09389872	0.091378617	0.090029026	0.089706374	0.089624986	0.089078789	0.086986279	0.083693266	0.079524249	0.075070194	0.071330115	0.068778796	0.066995947	0.065279567	0.063389498	0.060979224	0.059044848	0.057657981	0.057093778	0.057007899	0.057424592	0.058523406	0.060825984	0.065214538	0.074501021	0.091334159	0.116672433	0.148353315	0.184164816	0.220007101	0.254759038	0.287166682	0.317603203	0.344127669	0.368782163	0.395357185	0.417321758	0.43618873	0.451595561	0.466031601	0.478189146	0.488678436	0.499424111	0.509466797	0.520941225	0.532871863	0.546815811	0.561105205	0.57679239	0.592160244	0.607761232	0.61974002	0.631808155	0.639786079	0.646924246	0.652352031	0.657332241	0.661055679	0.66459828	0.667628971	0.670406524	0.673029396	0.674213692	0.675133911	0.674374025	0.673414538	0.673300446	0.675072318	0.677239918	0.679124645	0.680692046	0.681740463	0.681916264	0.682768544	0.683483438	0.683870488	0.684625182	0.683241451	0.684853976	0.684351094	0.68386583	0.682404509	0.683549612	0.68314427	0.682832451	0.682742098	0.682807519	0.682594725	0.68262964	0.682238876	0.682749758	0.682672254	0.680532782	0.679209985	0.67949663	0.678642789	0.678154486	0.67659723	0.677070316	0.675122223	0.67675468	0.674947723	0.676657293	0.674195986	0.673419561	0.67275707	0.673394453	0.672366133	0.669864382	0.668186458	0.666234186	0.662845207	0.662582416	0.661596494	0.660353935	0.659661913	0.659672117	0.660822727	0.656663987	0.656124862	0.655300608	0.656919553	0.653986745	0.652389978	0.653135236	0.652458007	0.649808037	0.519977408
Sl_-N+Fe	Sl	-N+Fe	9.265	0.127310868	0.113652565	0.103914922	0.095962416	0.090457849	0.086802616	0.084328104	0.080790284	0.078790088	0.076913642	0.075329758	0.073033673	0.071048184	0.069328153	0.067637638	0.065798531	0.063761172	0.061360038	0.060051986	0.060002847	0.06146812	0.062752032	0.064057202	0.063695005	0.063547184	0.063243249	0.063138564	0.06303672	0.062817981	0.062589601	0.062237884	0.062201541	0.062281595	0.062664916	0.063750453	0.065212871	0.067663265	0.071250999	0.076297067	0.082902534	0.091405358	0.101736295	0.113892148	0.126855368	0.140044383	0.152018127	0.161772692	0.169392948	0.174640153	0.178008501	0.180497226	0.182240687	0.18380418	0.185009707	0.185373899	0.183989256	0.18103572	0.176146357	0.169887828	0.16232332	0.154214077	0.146143295	0.139259056	0.133452396	0.128562049	0.124354193	0.12095644	0.11838468	0.116337257	0.11461069	0.113122879	0.111166837	0.108571264	0.105567472	0.101943247	0.098378503	0.095223093	0.092754367	0.091228753	0.090240152	0.089993856	0.08890368	0.087204706	0.083709337	0.079660446	0.075322661	0.071630791	0.068919411	0.067071816	0.065390239	0.06329194	0.060963351	0.058993425	0.057492767	0.057073121	0.057037803	0.057477621	0.058647477	0.060858638	0.065471298	0.074949289	0.092482499	0.119030482	0.152124428	0.188535424	0.224991966	0.260091281	0.292716288	0.323421002	0.351521383	0.377705709	0.400554752	0.423586971	0.442061523	0.458383867	0.472180636	0.484434746	0.495399297	0.50618956	0.516354924	0.52819715	0.540799184	0.555302584	0.570686533	0.586601735	0.602270863	0.617084377	0.629169868	0.640307705	0.648472856	0.655954054	0.661805367	0.667247487	0.670804282	0.674360275	0.676256572	0.679479269	0.681427456	0.683545385	0.684567033	0.68605892	0.688030408	0.689167406	0.689449619	0.691005212	0.692027842	0.693368778	0.693874288	0.693685886	0.694717884	0.694851951	0.695446461	0.695649586	0.695756428	0.696523957	0.696659684	0.695233063	0.694355568	0.695312222	0.694950046	0.69486487	0.693557467	0.693668061	0.692400268	0.692794427	0.692109693	0.693455601	0.693029501	0.691714715	0.690835177	0.690593119	0.690991449	0.689570289	0.688629153	0.687996438	0.686893932	0.68802682	0.686440838	0.68703781	0.684755461	0.683823454	0.68347796	0.684756672	0.684120675	0.681365411	0.680077814	0.67841624	0.675669462	0.674977879	0.674476075	0.671431926	0.672320687	0.671066733	0.672172565	0.667636212	0.668200557	0.665825897	0.668625117	0.663982375	0.662910105	0.664129957	0.663177518	0.660367711	0.526736518
Sl_-N+Fe	Sl	-N+Fe	5.095	0.119647559	0.105586895	0.09620209	0.090011735	0.085134492	0.081941265	0.079131643	0.076775142	0.074211525	0.073152014	0.071177075	0.069773873	0.067760327	0.066183517	0.065006645	0.063192211	0.061555441	0.059445621	0.058463292	0.058506903	0.060098253	0.061272232	0.062140587	0.061430665	0.061234894	0.060509265	0.060491461	0.06014013	0.059968423	0.059693682	0.059518905	0.059503142	0.059492651	0.059807951	0.060646032	0.062041882	0.063981034	0.067147707	0.071273491	0.077034994	0.084529624	0.09390584	0.104933685	0.116803283	0.128705718	0.13964578	0.148888197	0.155805058	0.160644702	0.163304911	0.165509821	0.167306457	0.168139805	0.168839521	0.168999101	0.167903044	0.16527392	0.160958077	0.154842414	0.147741565	0.14034236	0.132898022	0.126788721	0.121416191	0.116969712	0.113198101	0.109960993	0.107487314	0.105770332	0.104209572	0.10296768	0.101109794	0.098804246	0.095853451	0.092715148	0.089373753	0.086329384	0.083967227	0.082938322	0.082668048	0.082785069	0.082308851	0.080384555	0.077581711	0.074009784	0.069954403	0.066780506	0.064497508	0.063135886	0.061574028	0.060045287	0.057999203	0.056310622	0.055203134	0.054640948	0.054506589	0.054914719	0.055867461	0.057815883	0.061470931	0.069575025	0.084691197	0.1078983	0.137790893	0.171847937	0.206256438	0.240096407	0.271741268	0.301711732	0.32761926	0.352746971	0.37858491	0.400339717	0.418836612	0.433937428	0.448647412	0.46094556	0.471846402	0.482650252	0.492949138	0.50429943	0.51618045	0.530462838	0.544726239	0.560745284	0.575965742	0.591400865	0.60342882	0.615410272	0.623585417	0.630648693	0.636118295	0.641433322	0.64468919	0.648505892	0.651557763	0.654016998	0.656708525	0.657771615	0.658658337	0.657070572	0.656131729	0.655936033	0.657847557	0.660603034	0.661961953	0.66407412	0.66484412	0.666045785	0.666257386	0.6667257	0.667862	0.667925463	0.666767356	0.668360643	0.667977043	0.667149201	0.665581341	0.665609338	0.666136184	0.665434167	0.665146935	0.665581518	0.665378676	0.664810784	0.664980862	0.665080435	0.665234729	0.663040841	0.66181046	0.661287583	0.660440962	0.659167403	0.658171745	0.658941699	0.657037549	0.65781956	0.655607392	0.657723724	0.655388031	0.653139413	0.652632747	0.653408896	0.652665135	0.650494759	0.647647045	0.646150882	0.644108245	0.643388418	0.641615814	0.639935096	0.639665139	0.640358868	0.639861272	0.634940967	0.635455079	0.634059712	0.634267834	0.632505746	0.629551625	0.630071531	0.630384124	0.626680056	0.504502667
Sl_-N+Fe	Sl	-N+Fe	7.172	0.290545773	0.251426905	0.223944127	0.201481813	0.184116941	0.171354597	0.159949001	0.149991747	0.141741908	0.133868346	0.127368179	0.120771548	0.114722931	0.109112955	0.103037176	0.097532905	0.091277091	0.08493165	0.080220991	0.078286846	0.079573513	0.082196441	0.084136926	0.084366858	0.083676947	0.083171839	0.083124643	0.082769386	0.081897691	0.08078172	0.079951279	0.079273413	0.079183076	0.078947313	0.079248886	0.080351154	0.082117664	0.085136666	0.089448037	0.09548559	0.103565617	0.113286562	0.125127488	0.137924046	0.150862355	0.16238924	0.171838702	0.179305316	0.184579378	0.187907344	0.190283712	0.192032329	0.19336144	0.194922911	0.195373616	0.194135041	0.19095006	0.185916345	0.17960334	0.172002319	0.164006136	0.155735561	0.14887721	0.142905919	0.13796263	0.133973134	0.130569239	0.127948789	0.125867014	0.124034448	0.122464278	0.120649641	0.118082334	0.114995466	0.11153174	0.108073497	0.104973383	0.102809837	0.101306614	0.100365108	0.099513556	0.098650818	0.096500423	0.093469393	0.089269837	0.084988752	0.081452011	0.078964086	0.077363959	0.075630725	0.073600136	0.07134169	0.069665627	0.06842062	0.067832811	0.067855531	0.068412145	0.069567465	0.071743833	0.076150986	0.085695965	0.102945196	0.129211802	0.162032062	0.198719375	0.236054954	0.27237261	0.307057709	0.339503044	0.369156294	0.398721968	0.424222421	0.445933634	0.466804504	0.484345714	0.498906677	0.511830688	0.523480944	0.535075851	0.545899443	0.558643896	0.571034878	0.586022601	0.601350457	0.617808249	0.633080108	0.647288754	0.659349475	0.670227062	0.67904581	0.685853505	0.69229884	0.698591396	0.703508456	0.706780799	0.709285016	0.712157457	0.713865049	0.7157699	0.717170939	0.719114392	0.72227398	0.726182074	0.726492121	0.727600598	0.728203341	0.729860431	0.730128733	0.73008722	0.731155756	0.730774253	0.730778446	0.730802431	0.730971352	0.732569304	0.733061032	0.732558806	0.732544909	0.733867328	0.733945339	0.733935763	0.73304996	0.732914962	0.731688508	0.733083942	0.731480297	0.733036824	0.732075101	0.731441772	0.731516314	0.73176263	0.732663732	0.732593825	0.732812295	0.733146955	0.732300623	0.733671964	0.731788191	0.733563899	0.731896949	0.730850231	0.73185636	0.732728144	0.733741388	0.731303487	0.731391941	0.730282929	0.728710033	0.730493392	0.729597212	0.728797531	0.730372314	0.7302902	0.732870649	0.729682234	0.731642735	0.730578954	0.734917915	0.734022332	0.735684069	0.736230324	0.740477036	0.739562904	0.631022802
Sl_-N+Fe	Sl	-N+Fe	9.196	0.289824452	0.252318277	0.224272338	0.202284021	0.18581785	0.172127953	0.160333158	0.15156978	0.142976445	0.134820337	0.128246507	0.121794016	0.115287058	0.109851344	0.10382381	0.098170264	0.092164355	0.085830423	0.081097745	0.079387443	0.08076822	0.083271979	0.085195079	0.085284845	0.084682626	0.084086012	0.084024422	0.083536389	0.082511071	0.081633384	0.081098537	0.08042959	0.080206507	0.080097683	0.080596006	0.081884436	0.083870928	0.087501338	0.092384281	0.099123414	0.107854495	0.118532597	0.131047348	0.144767862	0.158316991	0.170516066	0.180436882	0.188197454	0.193654052	0.196784502	0.199517303	0.201462326	0.203032661	0.20402874	0.2044137	0.203096011	0.200140421	0.195125771	0.188511236	0.180572825	0.171759553	0.163378208	0.156189143	0.150024714	0.144657323	0.14026783	0.136773879	0.133951679	0.13178749	0.129971891	0.128405823	0.126311635	0.123540694	0.120151305	0.116427213	0.112621277	0.109113248	0.106648396	0.104940731	0.104217863	0.104009239	0.103083611	0.101027117	0.097330805	0.092913106	0.088184029	0.084088868	0.081473195	0.079531279	0.077739994	0.075530303	0.073045228	0.070967143	0.069694732	0.069084527	0.069072364	0.069618162	0.070784947	0.073272967	0.078035656	0.088348238	0.106843147	0.135106051	0.169653202	0.208361944	0.246623126	0.283611797	0.317702256	0.349834392	0.379010046	0.404848037	0.430032835	0.453197431	0.472544195	0.488522136	0.502921243	0.515124505	0.526539863	0.537434855	0.547509734	0.558825362	0.571251571	0.585038348	0.599794125	0.615870651	0.631339958	0.64624979	0.658254983	0.669520251	0.678189848	0.685346463	0.69101542	0.696800435	0.700404637	0.704301653	0.706780768	0.709864588	0.712706283	0.714809504	0.715805042	0.716946927	0.718208368	0.718441646	0.719873916	0.721710997	0.723044965	0.72461744	0.725483075	0.725618457	0.727166861	0.728159452	0.728390665	0.729404806	0.729222097	0.730396863	0.730854445	0.729975239	0.728939011	0.730013712	0.729937804	0.729755161	0.729444078	0.729693833	0.72880228	0.72989998	0.729106749	0.730642054	0.730806662	0.729344746	0.729207601	0.729039454	0.72972303	0.729175874	0.728654855	0.72903941	0.72784596	0.729509164	0.728490709	0.731364438	0.728859772	0.728588598	0.729117145	0.730324767	0.730463837	0.729419355	0.728739003	0.727208682	0.725103938	0.726632683	0.727508333	0.725987745	0.726862928	0.726799424	0.728893252	0.727298543	0.729504026	0.729332875	0.73291345	0.731578185	0.733277094	0.735576731	0.737507148	0.737370007	0.62958091
Sl_-N+Fe	Sl	-N+Fe	7.939	0.291391646	0.252575012	0.224967719	0.203070715	0.185897473	0.172554173	0.16108907	0.151502064	0.143365228	0.135929076	0.128939119	0.122573815	0.116204996	0.110830792	0.10481017	0.099239439	0.093070421	0.086574994	0.082063825	0.080390506	0.081746398	0.084605344	0.086597322	0.086802724	0.086242084	0.08575571	0.085739121	0.085347943	0.084504173	0.083603688	0.082841151	0.082220738	0.08204746	0.082045571	0.08269051	0.084249002	0.086564742	0.090383586	0.095807628	0.103171951	0.112694611	0.123981611	0.137286705	0.151672827	0.16588601	0.178422501	0.188659319	0.196616988	0.202168031	0.205797736	0.208314861	0.210217334	0.211563338	0.213455159	0.213866842	0.212414885	0.209030083	0.20386944	0.197113087	0.188901173	0.180281688	0.171525192	0.164024831	0.157430283	0.152026378	0.147554394	0.143898636	0.141017998	0.138651739	0.136724561	0.135017506	0.132937223	0.130073521	0.126582303	0.122725156	0.118777545	0.11520029	0.112727048	0.11100673	0.109945021	0.109098912	0.10796982	0.105570683	0.101911481	0.097053453	0.092036633	0.087800366	0.084654358	0.082704617	0.080743313	0.078236635	0.075261874	0.073093591	0.071557741	0.070797447	0.070757703	0.071447464	0.072836619	0.075471304	0.080946293	0.092537649	0.113091703	0.143125872	0.179787733	0.219589739	0.2590234	0.296222328	0.331039479	0.36304655	0.391801037	0.420594059	0.444387078	0.465228659	0.485024371	0.501757724	0.515205546	0.527569638	0.538476024	0.549488075	0.559824727	0.572273315	0.585609256	0.600648361	0.616611624	0.633569099	0.649467343	0.663915142	0.676231751	0.687433607	0.69667256	0.703600565	0.709884579	0.71598413	0.720613697	0.723855782	0.726327928	0.7291199	0.731223155	0.733360184	0.734453297	0.736371619	0.739860122	0.743088848	0.743451272	0.744949303	0.74526736	0.746782624	0.746966692	0.746893925	0.747961412	0.74772211	0.748081632	0.747772989	0.748582764	0.749314154	0.750383719	0.749553627	0.74925232	0.750915097	0.750244033	0.750686293	0.75021278	0.750123859	0.749190977	0.749590945	0.748074605	0.750638434	0.749668733	0.748381462	0.748655873	0.748912668	0.749785284	0.749920796	0.749698763	0.750524755	0.74987387	0.750926806	0.749444839	0.750693636	0.749632388	0.74860691	0.749320804	0.750553953	0.750466567	0.748721408	0.749500787	0.747765813	0.746454439	0.747704475	0.746530825	0.74589677	0.747643012	0.747127756	0.750251734	0.747118347	0.748080949	0.747651656	0.751110773	0.750438918	0.750842676	0.752381353	0.755103359	0.754396286	0.642555928
Sl_-N+Fe	Sl	-N+Fe	4.038	0.288814373	0.250773943	0.222776849	0.200582654	0.184249018	0.170133926	0.158621464	0.14989154	0.141581754	0.133864494	0.127165759	0.121053949	0.114469162	0.109042564	0.103341323	0.097738203	0.091788502	0.085456179	0.080848003	0.079125374	0.080399642	0.082999178	0.084953485	0.085043742	0.084442546	0.083806142	0.083676118	0.083053498	0.081991843	0.081137727	0.080523977	0.079757214	0.079342197	0.078979714	0.079105904	0.080079064	0.081421558	0.084287505	0.088127584	0.093253824	0.100009775	0.108445425	0.118434724	0.129469758	0.140404485	0.150314586	0.15823629	0.164330817	0.168669562	0.170921	0.173129786	0.174358342	0.175463831	0.176220167	0.176520588	0.17530534	0.172634115	0.168433088	0.162826833	0.156175471	0.148934058	0.142104658	0.13646685	0.13138861	0.127132923	0.123682604	0.12086425	0.118763107	0.117294196	0.115847526	0.114697697	0.113206358	0.111041878	0.108296315	0.105318513	0.102272763	0.099586369	0.097535908	0.096154955	0.095775801	0.095626585	0.094987032	0.093378062	0.090378768	0.086889912	0.083168101	0.080006017	0.07795208	0.076513475	0.075281989	0.073534248	0.071592548	0.069951078	0.068930067	0.068468125	0.068481701	0.069073819	0.070235047	0.072489556	0.076678597	0.085728729	0.102198713	0.127543317	0.15869684	0.194409181	0.229966559	0.265147209	0.297851773	0.329044614	0.357825552	0.383390735	0.408917967	0.432244164	0.452055184	0.468613502	0.483682364	0.496935154	0.508956095	0.520204968	0.531267433	0.54383131	0.557688932	0.572915646	0.589284769	0.606318865	0.62299704	0.638675291	0.651505196	0.663656399	0.672770071	0.680313167	0.685823858	0.692208117	0.696079123	0.700337645	0.702544671	0.706027501	0.708999369	0.711167047	0.71261325	0.713100191	0.713796161	0.714365981	0.716253248	0.71770518	0.719463176	0.721029149	0.721600355	0.722087379	0.723988798	0.724134997	0.724982207	0.725955515	0.726413753	0.726974442	0.727505948	0.727097348	0.725349816	0.726918346	0.726373625	0.726670689	0.726222497	0.726556638	0.726210704	0.72730338	0.726243811	0.728248807	0.727550401	0.726417553	0.726465104	0.726823601	0.726941252	0.726302306	0.725560531	0.726549242	0.72563305	0.727226449	0.72656045	0.728151407	0.727144254	0.72613944	0.726282041	0.727412678	0.728138177	0.726987946	0.726646169	0.725649118	0.722911898	0.723833516	0.72450869	0.723396003	0.725132208	0.72443564	0.726691447	0.725649475	0.726565458	0.728769093	0.732303574	0.730839995	0.731813985	0.733410332	0.736371045	0.735484174	0.629943816
Sl_-N+Fe	Sl	-N+Fe	6.135	0.287538888	0.249228569	0.221346769	0.200113027	0.183198234	0.170380708	0.159269391	0.149887894	0.142032926	0.135094624	0.128546041	0.12237162	0.116447741	0.111181233	0.105272038	0.099795476	0.093762295	0.08749497	0.082717782	0.080944718	0.082212064	0.084823681	0.086882323	0.087066847	0.086360566	0.085990406	0.085788637	0.085554037	0.084786223	0.083635205	0.082865859	0.082184691	0.081907871	0.081883217	0.082059608	0.083103969	0.085147922	0.088067224	0.092472353	0.098415134	0.10646417	0.116150361	0.127740224	0.140292565	0.152951516	0.164087778	0.17334961	0.180539666	0.185520169	0.188750975	0.190930385	0.192661879	0.193990952	0.1956507	0.196077821	0.194754783	0.191555882	0.186849181	0.180663122	0.173217008	0.165439633	0.157446998	0.150795937	0.144868941	0.140122825	0.136321673	0.132940338	0.130479974	0.128638532	0.12695998	0.12546657	0.123630021	0.12122728	0.11813189	0.114784905	0.111188668	0.108045009	0.105951582	0.104456559	0.103565618	0.102801536	0.101866589	0.099780346	0.09674596	0.09266053	0.088408408	0.084869637	0.082403106	0.080715408	0.079049058	0.076959024	0.074491534	0.072682884	0.071426907	0.070831287	0.070844666	0.071445658	0.072579472	0.074848614	0.079440507	0.089422376	0.107349588	0.134478405	0.168162099	0.205471715	0.243152027	0.279469499	0.313737866	0.345861577	0.375150643	0.404398611	0.42911707	0.450741702	0.471366411	0.48875901	0.502832716	0.515682456	0.527214611	0.538726515	0.549629742	0.562056841	0.575331399	0.590765777	0.606764991	0.623633926	0.63948169	0.653946594	0.666420558	0.677106779	0.686150458	0.692933126	0.699329931	0.705184504	0.709962775	0.713462119	0.715953825	0.718887842	0.720738953	0.722880316	0.724030835	0.725854427	0.729294717	0.73291947	0.732350419	0.734406025	0.734948455	0.736378543	0.736277089	0.73642405	0.737529314	0.737592511	0.737797084	0.737333188	0.737960757	0.738911298	0.739432128	0.739046335	0.738729739	0.739940024	0.740109036	0.73989771	0.739433793	0.739593794	0.737896944	0.738671162	0.737534115	0.739412754	0.73874121	0.737622261	0.737674053	0.738077507	0.738733456	0.738901666	0.738420161	0.738625757	0.73807159	0.738673353	0.738026485	0.739459636	0.737747737	0.736390661	0.737144154	0.738962876	0.738826328	0.737430615	0.737294432	0.736387376	0.734624317	0.735263507	0.735109672	0.734019018	0.735916969	0.735342755	0.737754323	0.734568607	0.735791135	0.734963235	0.738165902	0.737815608	0.738468438	0.740292167	0.742335278	0.741587574	0.632228814
Sl_-N+Fe	Sl	-N+Fe	4.946	0.282634024	0.245917859	0.217855999	0.195012979	0.17977246	0.165639485	0.154104773	0.145407559	0.137284664	0.12934724	0.122655767	0.116828148	0.11032889	0.105367332	0.099246496	0.093741709	0.087946048	0.081889915	0.077234063	0.075318535	0.07665133	0.078941742	0.080678238	0.08073942	0.079946842	0.079175671	0.079082442	0.078470503	0.07743794	0.076368011	0.075747359	0.074972899	0.07475037	0.074498734	0.075027779	0.076070793	0.07791533	0.081310277	0.085765859	0.091988879	0.099980618	0.109822647	0.121253177	0.133549496	0.145897824	0.156972916	0.165860892	0.172636433	0.177340249	0.179908296	0.18204405	0.183664388	0.184863463	0.185693168	0.186058021	0.184643871	0.181934681	0.177549488	0.171562008	0.164362526	0.156495806	0.149032618	0.142614678	0.137179689	0.132353057	0.128529616	0.125352525	0.122829315	0.121006674	0.119554477	0.118201207	0.116335033	0.113837443	0.110698501	0.10719566	0.103710528	0.10053286	0.098203068	0.096633248	0.096219404	0.09615646	0.095377058	0.093563875	0.09020225	0.086118661	0.081626915	0.077890946	0.075455191	0.073519051	0.071890472	0.069816383	0.067326908	0.06534974	0.06415124	0.063424412	0.063346404	0.063710433	0.064753903	0.067109358	0.071846959	0.082043155	0.100037404	0.126924936	0.159315946	0.195452966	0.230861182	0.265199351	0.296444611	0.325785749	0.352228189	0.375110642	0.399610999	0.420424083	0.438300327	0.453311856	0.466603865	0.478706583	0.489392178	0.499924537	0.510301564	0.521989805	0.534986945	0.549395898	0.564962982	0.581483687	0.597465177	0.613215515	0.625730223	0.637526143	0.646084611	0.653541333	0.658826918	0.664877651	0.668499993	0.672575053	0.675240626	0.678049026	0.681239238	0.683215827	0.684506613	0.684941745	0.685427365	0.685622853	0.686893243	0.68854807	0.690356415	0.692370112	0.692994024	0.692940922	0.694735393	0.696284901	0.696268131	0.697485027	0.6969217	0.698136517	0.698040887	0.697887857	0.696627935	0.697348644	0.696981129	0.697488746	0.697721689	0.698087872	0.697176813	0.698161264	0.697572808	0.698804471	0.699009754	0.697587048	0.697877858	0.69777662	0.698123195	0.697453592	0.696574195	0.696968285	0.696546993	0.698587201	0.69726731	0.700518412	0.697371837	0.696830167	0.697694264	0.699831	0.699945401	0.698139198	0.697620925	0.697398447	0.695583407	0.696661754	0.697389105	0.697596823	0.698761693	0.6984086	0.7017747	0.699606834	0.701046002	0.701162196	0.704294992	0.704035233	0.704956808	0.706908096	0.708725226	0.708611456	0.60827264
Hv_-N+Fe	Hv	-N+Fe	4.246	0.177390242	0.165856647	0.15668224	0.151201802	0.146883028	0.144559965	0.142733109	0.141450677	0.140172789	0.138864195	0.138520921	0.137288896	0.135976262	0.134667346	0.133022259	0.131664745	0.130140303	0.128368463	0.128067503	0.130466198	0.134979943	0.139175537	0.141672814	0.141861578	0.141942211	0.141678307	0.141036194	0.140073599	0.138990282	0.138344901	0.138653935	0.140217038	0.14315056	0.147957479	0.15441549	0.162526868	0.172826487	0.185285037	0.200124815	0.216632282	0.234787231	0.253512547	0.272324742	0.290092293	0.306312708	0.319261017	0.329787532	0.33735194	0.343212299	0.347153752	0.350260607	0.352539536	0.354312742	0.356078953	0.357173084	0.356780753	0.354427424	0.350834972	0.34656328	0.341145097	0.334965542	0.328277131	0.32211949	0.316410195	0.311797596	0.307323461	0.303933104	0.300977003	0.29901403	0.296777031	0.294439803	0.29207847	0.288639108	0.284302606	0.279370079	0.274548275	0.270250803	0.266630888	0.264662033	0.263138041	0.261454947	0.259442197	0.255324198	0.249352085	0.24077902	0.231057836	0.222210356	0.214538817	0.208586442	0.202139409	0.193323843	0.182296996	0.171158102	0.161873017	0.155375742	0.152050163	0.151790067	0.155857281	0.167631237	0.1898632	0.223568757	0.263874822	0.305555003	0.343488666	0.375350092	0.401917728	0.421890941	0.438819062	0.452885326	0.463971499	0.475274441	0.485839705	0.493133238	0.500310365	0.507889951	0.514466659	0.520987966	0.527480418	0.536253358	0.545294389	0.557026412	0.570605812	0.587649823	0.605820289	0.625125537	0.644996852	0.663291394	0.679398046	0.692864293	0.703809049	0.713313034	0.720645743	0.727384858	0.732835015	0.736924656	0.740786699	0.743177114	0.745192986	0.746537854	0.749406722	0.751992872	0.754553597	0.75789292	0.759582733	0.761893631	0.761937581	0.762371835	0.761868942	0.762953008	0.762633587	0.762963607	0.762207459	0.76257748	0.762483366	0.762974276	0.763249948	0.763056897	0.761846701	0.762791075	0.761967652	0.762682731	0.761527074	0.761332292	0.759367095	0.760545197	0.758418612	0.757542473	0.757669131	0.755687272	0.755690173	0.755488953	0.756262548	0.753778713	0.753019487	0.753014966	0.750654926	0.752331408	0.750903345	0.749471494	0.748649977	0.745763529	0.744766667	0.745411173	0.744539444	0.739990916	0.739741598	0.739951583	0.736043058	0.73258536	0.730417966	0.730279422	0.730441353	0.729869658	0.730370981	0.728622265	0.724829283	0.727026611	0.724120171	0.72593882	0.723766122	0.725023114	0.718031276	0.721399145	0.594162173
Hv_-N+Fe	Hv	-N+Fe	6.397	0.186327169	0.178932771	0.175344686	0.174001514	0.175429594	0.176830824	0.179838103	0.181841389	0.184143588	0.187005509	0.189767779	0.192074372	0.193622276	0.195216303	0.196241305	0.196162373	0.195009575	0.191852464	0.19006764	0.191282321	0.195715212	0.199798	0.201875278	0.201910389	0.20196999	0.20251545	0.202606683	0.201954282	0.201153731	0.199623062	0.198645078	0.198415746	0.198573243	0.199564785	0.201524657	0.204339822	0.208273639	0.213749184	0.221081372	0.22958937	0.240103095	0.25197893	0.264958598	0.278159516	0.291468372	0.30352973	0.314221516	0.323653692	0.331814517	0.338793085	0.344581163	0.349406628	0.353483557	0.357413246	0.360666771	0.363062944	0.365006534	0.365972344	0.367257686	0.368295617	0.368889921	0.368966146	0.368935384	0.368901513	0.369288885	0.36923576	0.369733881	0.37000247	0.370180132	0.370477622	0.370289564	0.370686617	0.370443844	0.370381895	0.369439256	0.369207274	0.368966877	0.368708928	0.369001766	0.369095883	0.369296775	0.369685672	0.36918661	0.367292915	0.363944383	0.360391996	0.356218283	0.352347202	0.349931825	0.347879863	0.344420732	0.339861617	0.334747349	0.33022244	0.327816585	0.327092713	0.328710345	0.334172629	0.345211353	0.362375469	0.382925974	0.402682172	0.419267852	0.43237363	0.441623682	0.449442339	0.454303735	0.458543277	0.461955442	0.464564406	0.468551536	0.471604754	0.474541081	0.478309679	0.483326617	0.486997613	0.492172318	0.497984454	0.506106383	0.515745683	0.52840485	0.543925364	0.563015321	0.583146839	0.604945371	0.627175137	0.647524889	0.665688233	0.680746735	0.693438787	0.703871921	0.711850719	0.719342581	0.72436861	0.729638184	0.733392245	0.736530948	0.739260138	0.741230986	0.744280434	0.746899297	0.748755861	0.751459955	0.752509041	0.754538172	0.755579431	0.756974393	0.756493169	0.757745442	0.757276403	0.758695483	0.757838832	0.758671343	0.758647017	0.759356621	0.759709098	0.759728127	0.758607821	0.759650573	0.758148516	0.759195531	0.757661104	0.758048323	0.75668715	0.757203516	0.755824587	0.755686436	0.755481266	0.754019956	0.753775337	0.752966137	0.753105692	0.752568211	0.75094722	0.750603453	0.7493517	0.750230686	0.749148047	0.747697134	0.748326214	0.74523957	0.74525813	0.746401378	0.744633675	0.741630952	0.740274914	0.741446006	0.737678696	0.733277078	0.732637215	0.733092046	0.733324245	0.732011318	0.732820627	0.731648452	0.726939093	0.728902719	0.727688993	0.728355457	0.725632167	0.726332515	0.720892686	0.722732897	0.593526861
Hv_-N+Fe	Hv	-N+Fe	4.98	0.157137887	0.145312726	0.1353738	0.130212496	0.126953471	0.124980309	0.123940709	0.123124166	0.121961503	0.121850105	0.121285836	0.120085044	0.118882432	0.117535293	0.116119137	0.114678513	0.112536523	0.11058446	0.109370845	0.110789044	0.114229234	0.117062776	0.118359824	0.118066316	0.117637065	0.116982404	0.116438004	0.115543971	0.114590769	0.113738018	0.113609636	0.114308825	0.115730709	0.118530254	0.122170655	0.127467033	0.134651815	0.143775996	0.154884519	0.168540125	0.183854285	0.200914837	0.219021799	0.236991343	0.25372028	0.267842945	0.27931105	0.287913346	0.294035677	0.29836981	0.301410941	0.303642737	0.305492525	0.306877058	0.307082026	0.306199833	0.303238406	0.298678494	0.29297069	0.285884503	0.277797603	0.269916852	0.26211733	0.255791807	0.25050885	0.24542324	0.24130113	0.237987666	0.235288606	0.232992089	0.230615272	0.227894458	0.224227104	0.219929639	0.214649141	0.209730914	0.205331875	0.201671601	0.199155521	0.197664572	0.196853861	0.195165482	0.191805479	0.185555261	0.177532294	0.168960198	0.160924743	0.154453041	0.149731142	0.144839348	0.138398321	0.130457219	0.122941707	0.116791223	0.112961612	0.111131942	0.111342552	0.114220665	0.122359863	0.138135725	0.163954362	0.198381983	0.238229467	0.27843286	0.315929151	0.349347095	0.376940134	0.400488801	0.420973044	0.438268925	0.454165721	0.469134396	0.482721447	0.4946112	0.505678421	0.515319444	0.524292908	0.533237249	0.54357054	0.554470281	0.56746936	0.582357202	0.600201956	0.6191774	0.63892981	0.659871366	0.678845445	0.695501065	0.709560044	0.721301635	0.731209502	0.738581473	0.745094075	0.750074482	0.754945612	0.75815438	0.761137075	0.7636693	0.765532465	0.768546764	0.770822648	0.772177036	0.773726936	0.775714753	0.778275469	0.779045011	0.779180388	0.779607814	0.780700221	0.780884785	0.78169476	0.781437861	0.78239859	0.781755499	0.783215395	0.78355138	0.782807279	0.781319404	0.782500834	0.781531445	0.782282487	0.781209585	0.781801416	0.780092264	0.780889154	0.778989002	0.778429609	0.779038102	0.77745035	0.777395573	0.776704385	0.777135027	0.775705526	0.774547498	0.773954131	0.772640357	0.773488255	0.773213075	0.771427409	0.771333946	0.768053676	0.767679271	0.768354832	0.7666833	0.763220609	0.761281499	0.761145075	0.757453947	0.752919931	0.751562853	0.751346826	0.751362765	0.749829415	0.751200402	0.749405632	0.746840241	0.748549419	0.747397039	0.748026329	0.746440608	0.746967111	0.741870946	0.743835306	0.604655008
Hv_-N+Fe	Hv	-N+Fe	6.042	0.158322227	0.145975188	0.136877707	0.13058829	0.127123547	0.125122904	0.122767734	0.121878505	0.119756973	0.119234623	0.117772546	0.116401007	0.115251434	0.113593006	0.112410345	0.110545087	0.108679833	0.107074718	0.106522904	0.108008078	0.111345146	0.114186967	0.115366357	0.115121336	0.114495602	0.113745461	0.11307377	0.112441731	0.111650293	0.111204806	0.110944671	0.111474952	0.113046436	0.115693504	0.11941539	0.124634447	0.131689252	0.140526741	0.151699174	0.16513019	0.180126869	0.196964537	0.214729233	0.232383066	0.248894851	0.262770817	0.274124128	0.282393532	0.288298984	0.292323648	0.295083896	0.297122029	0.298702481	0.300309978	0.300722843	0.29951475	0.296441518	0.291333809	0.2853454	0.277672857	0.269066461	0.260639675	0.252725559	0.245832853	0.240089384	0.235104001	0.230735971	0.227382388	0.224557334	0.222274448	0.219773535	0.217245141	0.213673704	0.209554184	0.204379671	0.199416418	0.19492284	0.191389064	0.189123165	0.187476904	0.18625806	0.184076452	0.180377332	0.174637681	0.166879043	0.15848574	0.151158381	0.145051094	0.140822569	0.136415333	0.130489034	0.122918559	0.115870645	0.109975927	0.106330515	0.104490654	0.104621354	0.107001031	0.114091552	0.12837675	0.152633957	0.185745018	0.225094473	0.265560531	0.304262045	0.338980276	0.368216284	0.393882941	0.416604847	0.43570517	0.454593706	0.472151072	0.486412229	0.499699859	0.512693772	0.523793037	0.533126735	0.543234539	0.554402604	0.565144381	0.578667106	0.59370172	0.612087473	0.630637605	0.650436715	0.671257161	0.689980072	0.705873502	0.719304818	0.730019026	0.740108711	0.747345302	0.754332174	0.759030224	0.763245573	0.767358414	0.769763446	0.771705258	0.773540927	0.775863256	0.778638989	0.780714238	0.783706882	0.78553642	0.787367108	0.787826516	0.788087713	0.787902412	0.789407829	0.788865481	0.788883364	0.788934868	0.789606488	0.789026348	0.790588604	0.790594011	0.79042762	0.788916716	0.790394874	0.789809221	0.789777378	0.78979294	0.789539723	0.787824369	0.788531105	0.786622066	0.786315118	0.786260682	0.78490952	0.783737965	0.783700663	0.784932853	0.783793594	0.78247158	0.782078371	0.780153771	0.780995821	0.78079824	0.778543021	0.778915194	0.775786577	0.773917506	0.774609991	0.774248524	0.770229177	0.768449316	0.766972506	0.764218478	0.760329022	0.758840336	0.757840247	0.757659114	0.756570029	0.756484565	0.755593653	0.751823026	0.753667102	0.752656548	0.753219621	0.750515954	0.751346233	0.746268159	0.747994939	0.608714807
Hv_-N+Fe	Hv	-N+Fe	4.735	0.162310388	0.152423303	0.143476224	0.138840294	0.136071464	0.134871282	0.134086335	0.133633418	0.132389487	0.13244723	0.132105354	0.131142253	0.130104061	0.129120768	0.127934689	0.126299776	0.124490644	0.122462553	0.121157762	0.122586976	0.125927184	0.129178465	0.130668619	0.130472029	0.130109808	0.129853001	0.12914009	0.128290367	0.127390098	0.126628005	0.126420199	0.126747612	0.128273667	0.130930081	0.134746011	0.14014082	0.147427418	0.156584401	0.167888486	0.181140848	0.196362547	0.213113291	0.230899711	0.248580503	0.264566777	0.278505876	0.28978123	0.298540691	0.305407153	0.310082904	0.31370096	0.316405289	0.318772077	0.320386389	0.321293208	0.321013204	0.318940823	0.315414247	0.311192313	0.30564985	0.298968024	0.292356995	0.28622829	0.280769014	0.276165388	0.27217887	0.268662487	0.265950551	0.263585546	0.26184414	0.259947396	0.257560706	0.254470602	0.25068183	0.246062444	0.241483669	0.237449632	0.234104733	0.231934357	0.230742458	0.230232815	0.228809774	0.225884733	0.220226937	0.212860997	0.204497107	0.196452864	0.189928953	0.185058667	0.180050931	0.173231775	0.164616557	0.156105167	0.148980675	0.144099316	0.141474083	0.141465274	0.144512075	0.153739122	0.171475146	0.199072266	0.233543955	0.271412014	0.307390027	0.339808595	0.367796159	0.390107732	0.409232646	0.425223197	0.438826658	0.451270782	0.463355662	0.47440765	0.48377607	0.493542831	0.501797057	0.509416441	0.517522508	0.527359499	0.537360096	0.549835395	0.564891012	0.582497352	0.601026529	0.62082079	0.64138595	0.660366364	0.676900211	0.690494352	0.701267497	0.711219523	0.718002306	0.724592325	0.729638058	0.734478002	0.737698333	0.740456077	0.742843686	0.744746373	0.747607342	0.749499236	0.750519607	0.752136779	0.753386967	0.755848439	0.756901546	0.756966654	0.757358513	0.758590482	0.759000301	0.759876638	0.75968244	0.76054281	0.760129853	0.761008532	0.760447104	0.760478296	0.759517509	0.760481937	0.759592081	0.760518712	0.759329039	0.759315547	0.758218805	0.759150359	0.757012207	0.756737183	0.75697219	0.755580962	0.755232127	0.75464022	0.755076272	0.753440284	0.752071545	0.751780831	0.750114717	0.75100669	0.750614109	0.749209265	0.749422466	0.745779059	0.745614196	0.746487307	0.744541165	0.742000349	0.740007966	0.739677034	0.735315893	0.732322581	0.730352966	0.73076258	0.730389733	0.729188439	0.729638858	0.729279807	0.72545093	0.727431574	0.725435064	0.725676718	0.725092722	0.724692263	0.719270936	0.72190722	0.588494109
Hv_-N+Fe	Hv	-N+Fe	7.109	0.155011768	0.144961421	0.136900916	0.131726569	0.128317505	0.126740085	0.125106696	0.124759533	0.123270078	0.123370483	0.122246832	0.121370215	0.120122818	0.119451245	0.11813596	0.116698883	0.11514974	0.11300273	0.112044483	0.113538425	0.116887965	0.119104863	0.120056167	0.119432105	0.119026733	0.118076434	0.117595111	0.116534649	0.115514359	0.114920596	0.114548673	0.115115983	0.116349077	0.118921343	0.122655642	0.127529153	0.134107	0.142707118	0.153518748	0.166275278	0.180747653	0.196821322	0.214105103	0.231018059	0.246927278	0.260114705	0.270924483	0.279012352	0.284917774	0.288913498	0.292066023	0.294067603	0.296007353	0.297339959	0.297821098	0.297015551	0.294226854	0.2897424	0.284635721	0.277887022	0.270433044	0.263026331	0.256086289	0.250149422	0.245034742	0.240461269	0.236484176	0.233607191	0.231208807	0.229219213	0.227078592	0.224531201	0.221404347	0.217377971	0.212536112	0.207887771	0.203743755	0.200341057	0.19814193	0.196617	0.195620733	0.194080472	0.191244592	0.186000284	0.17907562	0.171761852	0.164665978	0.158853972	0.154570073	0.150178513	0.1439335	0.136533382	0.129418811	0.1234274	0.119817802	0.11754837	0.117400791	0.119710397	0.126489244	0.139993171	0.16234031	0.192311842	0.227547975	0.263846677	0.297749766	0.328627765	0.354084274	0.376904803	0.396251236	0.412913188	0.429090351	0.443333983	0.456729453	0.468812797	0.480148369	0.489545727	0.498604571	0.507541553	0.518018518	0.528235984	0.541041843	0.555366396	0.572563227	0.590567193	0.609386723	0.629628917	0.647923629	0.66370496	0.67702515	0.687944668	0.696746082	0.704056973	0.710234128	0.714990989	0.719494457	0.722501156	0.725349552	0.727661445	0.729326019	0.73172866	0.733665799	0.735775055	0.737765061	0.739157247	0.74098354	0.74189981	0.742128294	0.742264521	0.743010035	0.743747141	0.743937145	0.744280594	0.744166001	0.74420528	0.744495764	0.744495351	0.744774127	0.742948567	0.744202762	0.743380876	0.743337284	0.742236937	0.743008145	0.7407195	0.741708774	0.740001171	0.739819662	0.739962908	0.738084955	0.737877552	0.737461715	0.738075524	0.736886357	0.735672008	0.734365897	0.732368741	0.733433279	0.732819599	0.731688885	0.731154915	0.728588332	0.726728665	0.727460715	0.726763017	0.722508267	0.720238185	0.72071875	0.717254328	0.713002602	0.711313366	0.711477574	0.711098084	0.71043451	0.711472697	0.708464729	0.705607166	0.707523891	0.70511003	0.705763754	0.703863467	0.705151486	0.698877152	0.701650753	0.570452224
Hv_-N+Fe	Hv	-N+Fe	6.097	0.144501689	0.137638106	0.130367274	0.124595728	0.123954039	0.125162631	0.124440225	0.123635493	0.125225372	0.125465602	0.125909192	0.12575152	0.12545727	0.124927641	0.124064108	0.122546504	0.121706843	0.119613487	0.118625508	0.119808593	0.123305082	0.126441918	0.128836078	0.128422163	0.128055292	0.127517618	0.127175542	0.125759505	0.12477123	0.122947182	0.122812205	0.123485777	0.125532046	0.129030364	0.133529032	0.140650084	0.148382724	0.158156803	0.169898674	0.183917301	0.199164523	0.21514346	0.230545723	0.2456509	0.260392427	0.271898143	0.281228316	0.288273104	0.293479151	0.296906593	0.299923256	0.301760118	0.303498976	0.305578499	0.306351472	0.30703149	0.304367529	0.30162898	0.297450326	0.292853987	0.286447759	0.28108806	0.27594297	0.271020684	0.267062437	0.263632156	0.260208418	0.257888495	0.255928238	0.253973313	0.251955893	0.249660691	0.246380186	0.24295084	0.238850225	0.234971294	0.231684177	0.228897488	0.22727439	0.226242691	0.224368618	0.221658649	0.217777008	0.212165681	0.205584345	0.196666351	0.188931088	0.183530803	0.178120217	0.173233913	0.165948528	0.156818142	0.147823196	0.140218157	0.13522663	0.132944737	0.133379207	0.136790449	0.147007056	0.166007459	0.194329744	0.228509947	0.26619002	0.300116322	0.329098729	0.353779503	0.373597479	0.389059819	0.401840728	0.413152998	0.424269884	0.43549919	0.443922231	0.449044012	0.457093248	0.463308713	0.469635865	0.477285677	0.48730813	0.497426198	0.509235192	0.523629411	0.542418969	0.561513893	0.583774518	0.604857439	0.626169613	0.642610892	0.657905869	0.669418263	0.680491924	0.687595066	0.695575594	0.70182398	0.7061083	0.709908562	0.712340455	0.714489691	0.715339448	0.719074377	0.722155013	0.725669346	0.731173956	0.736253844	0.738930053	0.736989507	0.735854351	0.735559083	0.735967934	0.735200974	0.735675399	0.734739773	0.735869805	0.735325593	0.736138215	0.734936075	0.736510219	0.734515294	0.735875036	0.736695752	0.736197346	0.736046055	0.735394097	0.734578646	0.735236021	0.732966955	0.731767183	0.731629421	0.73010156	0.729599915	0.729401637	0.730643986	0.728667496	0.727232543	0.727655923	0.726096368	0.728501983	0.726533582	0.725433029	0.724814144	0.723303717	0.72028156	0.722381061	0.719776799	0.718049124	0.715189297	0.715522408	0.712308252	0.708336901	0.70627016	0.705973048	0.705083729	0.705753417	0.705519742	0.703343694	0.698958959	0.700824976	0.697211376	0.698819591	0.695625731	0.697267158	0.692371153	0.694627987	0.562079313
Hv_-N+Fe	Hv	-N+Fe	7.172	0.151605499	0.146365548	0.134268184	0.130662669	0.12717492	0.126557664	0.12577384	0.124034382	0.124170067	0.124250145	0.123863012	0.124044485	0.12310216	0.12030299	0.120331767	0.118246763	0.116118796	0.113988643	0.112808823	0.113894842	0.117328522	0.120222638	0.121487458	0.120762184	0.119732751	0.11876112	0.118332317	0.116818527	0.115673546	0.114378346	0.113603307	0.114012446	0.115045986	0.11750006	0.120530268	0.125440677	0.131658876	0.14026244	0.15013981	0.162072454	0.175734008	0.190698037	0.206373453	0.221638262	0.235948111	0.247719193	0.257395646	0.263941428	0.269080847	0.272959281	0.275407023	0.277268512	0.278435143	0.279932584	0.280881519	0.28074568	0.277578042	0.273262257	0.26816091	0.26156614	0.254216858	0.247248342	0.240695794	0.23478928	0.229648826	0.225474364	0.221736026	0.219382538	0.216747609	0.215211689	0.212395797	0.209993182	0.20674123	0.202449117	0.198051294	0.193612672	0.189492589	0.186715959	0.184819751	0.183549918	0.18172238	0.180002629	0.17661709	0.171651242	0.165077717	0.15746228	0.150870879	0.145009175	0.140668736	0.136267989	0.129822969	0.122459753	0.115414422	0.10952742	0.105948493	0.103868149	0.104105182	0.106547195	0.113894878	0.128579715	0.153098142	0.184930269	0.221264163	0.257634019	0.292013237	0.321516517	0.345346987	0.366284338	0.383405555	0.399285616	0.413959516	0.428969502	0.43854606	0.446534454	0.457130016	0.466363018	0.473453213	0.482266862	0.491803114	0.50272962	0.516417517	0.53077893	0.550083876	0.569185019	0.591486027	0.612935731	0.633737824	0.650478007	0.664739494	0.677988761	0.687553917	0.694425436	0.703466725	0.708986663	0.714512772	0.718280471	0.721091529	0.722546996	0.72357101	0.726545825	0.72932218	0.733376642	0.737529992	0.740059847	0.742256247	0.741177811	0.740961492	0.740038626	0.741735658	0.741386889	0.741143634	0.74147057	0.741755698	0.740127996	0.741812011	0.742634785	0.742417529	0.741219271	0.742132272	0.741996459	0.742623203	0.743265801	0.742462647	0.739965499	0.740346125	0.738987946	0.737372412	0.737098498	0.735289149	0.735472405	0.735281412	0.73595131	0.735222231	0.733452755	0.73357241	0.732331531	0.733142384	0.733096106	0.730719971	0.73028844	0.727091607	0.726173531	0.727687022	0.725000016	0.722016813	0.721082263	0.720469489	0.716613167	0.714310513	0.712312722	0.712463146	0.712936449	0.712465337	0.712674376	0.711445481	0.707304573	0.708333875	0.706184435	0.706514213	0.705248362	0.705184576	0.7000837	0.701965195	0.571926728
Hv_-N+Fe	Hv	-N+Fe	5.945	0.154934763	0.144583788	0.136978997	0.132456661	0.129599202	0.130109563	0.130190162	0.130658221	0.129168767	0.130272054	0.130560459	0.130527605	0.129980395	0.129954237	0.128696833	0.127582145	0.125272373	0.122902715	0.12188796	0.123182776	0.127054334	0.130441287	0.132331128	0.131836349	0.131531573	0.130817468	0.130166804	0.12874385	0.127391384	0.126196221	0.125366957	0.126131453	0.128207774	0.131092993	0.135846304	0.142201851	0.150385992	0.160131448	0.17244313	0.18642302	0.202181121	0.218251986	0.234924071	0.250586904	0.265205879	0.27744338	0.287103154	0.294708501	0.300601127	0.304205321	0.307753602	0.310573019	0.312268487	0.314312999	0.314917909	0.31481675	0.31288807	0.310410323	0.306256845	0.301382708	0.295800182	0.290026895	0.284888258	0.279659337	0.275768065	0.27201643	0.26905237	0.266835181	0.264740212	0.262925453	0.26081792	0.25905361	0.255945501	0.252030814	0.247978373	0.244052323	0.240239488	0.237229076	0.235883959	0.234535864	0.23284838	0.231614452	0.227775906	0.22324556	0.215817107	0.207882786	0.200734433	0.194011287	0.189033058	0.184054549	0.177041491	0.168158932	0.159228401	0.151795769	0.146659803	0.143975203	0.144138847	0.147807684	0.157750464	0.176841959	0.206339014	0.241962433	0.279096745	0.313557931	0.342952354	0.367983031	0.386820842	0.402943085	0.416535085	0.427805224	0.439212038	0.45016075	0.456239898	0.46491157	0.473123004	0.479375728	0.486376999	0.494186132	0.503876848	0.513966686	0.527317488	0.542553552	0.562133811	0.582120577	0.603849834	0.625822257	0.646507381	0.664446584	0.680142917	0.692649625	0.703216396	0.711073537	0.718295114	0.724996964	0.729360988	0.734360809	0.737507016	0.738499785	0.740810289	0.743402115	0.746475694	0.74866671	0.752618116	0.754997697	0.755926285	0.75538147	0.756671573	0.755767749	0.756623657	0.757926555	0.757932757	0.757985742	0.757492266	0.756879755	0.757242489	0.758052392	0.758259118	0.757916509	0.758353921	0.757190966	0.758886026	0.757436688	0.75764112	0.756010967	0.756452413	0.754173572	0.753143023	0.75320225	0.75176862	0.752165902	0.751784087	0.751627877	0.751410194	0.749155508	0.750480272	0.7477854	0.749031565	0.748508596	0.746064397	0.745901904	0.742820529	0.742319842	0.742970031	0.741751671	0.738454252	0.73735191	0.736373102	0.732528563	0.728342103	0.728280578	0.727172522	0.728448862	0.728218367	0.728251372	0.72658529	0.722139675	0.723497998	0.721963879	0.721368904	0.72068534	0.721298101	0.715306912	0.718649915	0.584474449
Hv_-N+Fe	Hv	-N+Fe	7.498	0.159731276	0.149931168	0.143325349	0.140792277	0.137033831	0.135245011	0.135899203	0.135556097	0.134883892	0.134923044	0.134332279	0.134130761	0.132892419	0.132514894	0.131591789	0.129877445	0.128314919	0.126224185	0.125762991	0.12755025	0.131792909	0.135342168	0.137626582	0.137794367	0.137851887	0.137581862	0.136978562	0.13592397	0.134750878	0.133560924	0.13358115	0.134616246	0.137323938	0.141219522	0.146699745	0.154240188	0.163289814	0.174083554	0.187013419	0.201574667	0.217139316	0.233675915	0.249917603	0.266033159	0.279947449	0.291478294	0.300527607	0.307497968	0.31261714	0.316745656	0.319645591	0.321937802	0.323774649	0.325774761	0.326393615	0.326621123	0.324740522	0.32171422	0.318385151	0.313860074	0.308707334	0.303168686	0.297874504	0.293332328	0.289565088	0.286114679	0.28318053	0.280920613	0.279114506	0.277752992	0.276196307	0.273987962	0.271155937	0.267880156	0.263435433	0.259050045	0.255390628	0.252323841	0.250528789	0.249353	0.248717554	0.248089024	0.245619066	0.240630011	0.233591065	0.225468568	0.217573929	0.210648063	0.205526018	0.199990073	0.192003978	0.182303788	0.172775426	0.164385564	0.158997923	0.156173819	0.156128383	0.159912396	0.170965112	0.191718533	0.222659643	0.259399767	0.29667921	0.330252416	0.358349503	0.382188535	0.400138734	0.415219794	0.427586387	0.436785917	0.447598956	0.455318988	0.462837546	0.470556231	0.478018775	0.483880069	0.490701876	0.497687666	0.506428121	0.51606672	0.528553061	0.543238249	0.562306667	0.581697751	0.602023687	0.623437567	0.643680864	0.661000991	0.675527423	0.687817382	0.698218954	0.706965234	0.714121104	0.718872782	0.723610075	0.727922857	0.731079321	0.734338283	0.736442746	0.738519401	0.741436696	0.743619527	0.746127945	0.745885156	0.748054068	0.749438395	0.749363994	0.749282325	0.751426126	0.751395027	0.751988847	0.752552378	0.7524273	0.753003372	0.753341435	0.753274368	0.752768292	0.752215457	0.752809131	0.753105385	0.75297114	0.751435615	0.75212763	0.749829307	0.750485458	0.749610265	0.748754972	0.748612648	0.746952991	0.747456047	0.746743847	0.747847879	0.745848955	0.744599568	0.744199408	0.742654746	0.744159612	0.74424009	0.74273815	0.742453821	0.73874124	0.737849957	0.739799377	0.737682156	0.734392188	0.733849004	0.733707172	0.729538685	0.725869623	0.723922604	0.723853288	0.723216702	0.722817332	0.724259735	0.722290868	0.720339942	0.720925682	0.719880902	0.720636726	0.718315669	0.719779008	0.713387326	0.717169092	0.584830263
Hv_-N+Fe	Hv	-N+Fe	5.737	0.152693589	0.140285028	0.133078574	0.127471731	0.124068902	0.122719016	0.121972481	0.120339598	0.119573975	0.119589221	0.118465577	0.11783255	0.116649688	0.115622306	0.114647683	0.11270114	0.110839513	0.108501842	0.107826385	0.108852027	0.111785461	0.114512612	0.115114025	0.114269949	0.113463044	0.112615276	0.112055136	0.110631203	0.110042721	0.10884062	0.108318807	0.108641963	0.109504934	0.111513315	0.114428029	0.118815007	0.124865528	0.132366934	0.14178702	0.15294516	0.165947521	0.180228819	0.195308203	0.210429925	0.224554302	0.236812893	0.246527298	0.254000199	0.259220831	0.262750615	0.265379823	0.267078602	0.268943683	0.270070296	0.269877736	0.268643132	0.265960072	0.261526201	0.256560577	0.249866268	0.242494825	0.23498758	0.228100019	0.222604671	0.217649032	0.213252105	0.209528257	0.206622326	0.204331228	0.20245414	0.200466432	0.198105396	0.194947589	0.191057959	0.186406546	0.181910296	0.177875367	0.174643378	0.172511909	0.17107225	0.171056062	0.169844883	0.167280746	0.162095743	0.155976677	0.148958139	0.142643131	0.13732451	0.133380016	0.129295462	0.123847841	0.117356327	0.110986522	0.105650839	0.102593027	0.100945956	0.100923829	0.103221774	0.109690197	0.122961901	0.144610859	0.173650639	0.20791076	0.243595086	0.276862995	0.307293367	0.333413781	0.35539172	0.37567299	0.392480422	0.408697193	0.422276066	0.438553006	0.450386759	0.462359668	0.47254009	0.482687685	0.492017	0.502703281	0.514011794	0.52772976	0.542980952	0.561232288	0.580411677	0.600223626	0.621011606	0.641257284	0.659119102	0.6735033	0.684994495	0.695196645	0.703408909	0.710118839	0.713912926	0.719037933	0.722089722	0.725462036	0.728303883	0.730848204	0.732998571	0.735152691	0.736778379	0.737075561	0.737350845	0.740517681	0.741526047	0.742079477	0.741890945	0.74318264	0.743384844	0.744672013	0.744827874	0.745908258	0.745861347	0.745775739	0.746337208	0.745939973	0.744012814	0.74435107	0.743587941	0.743800129	0.741898258	0.743481927	0.740649229	0.742438978	0.740663654	0.740440612	0.741599702	0.739062378	0.738308281	0.737977964	0.738110352	0.736524922	0.734664181	0.734607735	0.732829149	0.733440233	0.733900117	0.731842188	0.731836224	0.728745791	0.728153622	0.728943431	0.727878912	0.724602917	0.722781973	0.722669708	0.718567337	0.714267739	0.71239626	0.712180968	0.711844418	0.71175234	0.712161534	0.711795163	0.708047739	0.709236001	0.70802734	0.709289866	0.708349225	0.708117448	0.704345879	0.704948701	0.575489157
Hv_-N+Fe	Hv	-N+Fe	7.395	0.155733582	0.146216775	0.138342059	0.133692869	0.131305473	0.132280182	0.132066618	0.13158455	0.132140519	0.132424288	0.132606361	0.132153823	0.132049069	0.131258293	0.130158464	0.128867359	0.126938798	0.124779243	0.123547475	0.124852447	0.12832246	0.130985211	0.132283364	0.131717754	0.131361273	0.130970456	0.130260736	0.128423284	0.12723167	0.126006915	0.125615542	0.126021909	0.128090022	0.13096522	0.134969479	0.141268107	0.148707488	0.158334353	0.169854571	0.183407553	0.198331203	0.214428679	0.230725664	0.246593842	0.260758119	0.272649645	0.282637937	0.290410396	0.296112391	0.299712248	0.303155811	0.305855196	0.308058305	0.309002592	0.309330019	0.309355788	0.307717281	0.304710946	0.301220297	0.296031434	0.290165737	0.284734629	0.278971515	0.274986029	0.271058308	0.267321506	0.263958728	0.261532768	0.259421166	0.258082768	0.256196915	0.254246788	0.250969911	0.247126625	0.242981252	0.238582688	0.234929924	0.232040838	0.229828672	0.229483573	0.230220463	0.229632426	0.227056062	0.220926404	0.213508832	0.20432698	0.19590596	0.189326487	0.184512816	0.179855705	0.173395673	0.165514806	0.157009435	0.150018479	0.145405451	0.143264578	0.143308466	0.147146227	0.158233949	0.17842708	0.208301064	0.243508383	0.280176957	0.312771411	0.341347651	0.365100327	0.383237905	0.397878219	0.410612156	0.420615387	0.42759184	0.437739893	0.447118213	0.455046321	0.461521206	0.468804815	0.475950728	0.483576384	0.492190638	0.501899641	0.513580846	0.527811066	0.545222376	0.563531358	0.583082029	0.604291404	0.624506579	0.641969911	0.656994704	0.669009468	0.678794604	0.685844311	0.692776089	0.696497402	0.701670277	0.704682789	0.708448948	0.71145817	0.713835581	0.716589782	0.717153127	0.716462912	0.715491119	0.716697974	0.719407152	0.721565266	0.722390509	0.722467964	0.723558835	0.724794206	0.726725735	0.726078393	0.727804784	0.727317428	0.728030798	0.72786831	0.728078006	0.725446301	0.725708398	0.723991671	0.725171474	0.723689352	0.724570725	0.723310308	0.724219172	0.72379233	0.722597411	0.72292544	0.720531528	0.720941341	0.719998215	0.720559043	0.717599956	0.715882911	0.715542543	0.713569826	0.715190328	0.71420588	0.714879035	0.714038629	0.710806547	0.709469695	0.710954355	0.710333236	0.706828598	0.704347099	0.703708454	0.700123223	0.697429772	0.694716177	0.694839664	0.696105983	0.693698223	0.694569542	0.695434831	0.692615087	0.69383106	0.692365219	0.6943871	0.691801539	0.692828649	0.687283374	0.68936437	0.561731029
Hv_-N+Fe	Hv	-N+Fe	7.157	0.150318565	0.141938997	0.132981875	0.130558196	0.127657325	0.126931606	0.126675937	0.126702424	0.127197745	0.127632818	0.128809369	0.129369566	0.128500061	0.126952618	0.126178076	0.124287209	0.122286568	0.118935905	0.117451016	0.118009908	0.121233594	0.124064559	0.125547347	0.1249942	0.124086876	0.122783942	0.12182244	0.120514052	0.118595034	0.117347827	0.116151639	0.116163947	0.117011401	0.119084246	0.122213894	0.126853149	0.132980529	0.140835365	0.150795052	0.162785434	0.176274612	0.190587282	0.205074746	0.219392265	0.232931457	0.24417808	0.253021412	0.259212354	0.263936967	0.26682221	0.269222714	0.270958489	0.272003212	0.27333807	0.274146331	0.273634159	0.270772235	0.267382616	0.262236191	0.256747273	0.24991577	0.24363363	0.237592049	0.232134187	0.227731719	0.223714462	0.220203043	0.217956338	0.215963875	0.21401628	0.211958644	0.209489996	0.206043799	0.202024853	0.197474993	0.193356388	0.18977616	0.186681967	0.184846503	0.183664429	0.182302856	0.180165256	0.177006984	0.172840549	0.167135861	0.160061469	0.153827896	0.148622084	0.143847824	0.139119436	0.132309986	0.124417241	0.116796719	0.110407867	0.106418593	0.104136507	0.104043948	0.10668093	0.114219678	0.129006611	0.153013413	0.184194196	0.219732956	0.254000338	0.285097081	0.311733778	0.333489194	0.35168159	0.367267639	0.380491001	0.393508582	0.407299391	0.417064478	0.424209353	0.433711877	0.441912143	0.449663814	0.458141621	0.469470869	0.48062886	0.494486032	0.511013798	0.531905334	0.553120721	0.576940322	0.601088006	0.6239958	0.642618952	0.659166785	0.67188304	0.683316295	0.691175421	0.699615305	0.706207647	0.711526073	0.715874818	0.718257137	0.71998592	0.721371114	0.72486228	0.727870608	0.73097546	0.736363267	0.740919815	0.743286518	0.741964319	0.741313268	0.741038847	0.741901627	0.74112027	0.741615484	0.741086553	0.741848396	0.740884604	0.741594848	0.741378677	0.741447815	0.740071985	0.741742822	0.741758837	0.741987318	0.741956745	0.741259371	0.739594384	0.740083996	0.73803159	0.737272029	0.736564505	0.734970585	0.734712229	0.734442823	0.735292911	0.733571783	0.731889634	0.732878501	0.730595107	0.733249336	0.731679746	0.730586232	0.729886051	0.727822504	0.726815072	0.72809872	0.727481704	0.724624578	0.723051771	0.723900779	0.721222589	0.718257552	0.716499397	0.716848487	0.717127313	0.716651654	0.717188705	0.715273654	0.711325143	0.711716579	0.708405329	0.709105684	0.706907515	0.707011698	0.70171517	0.7028894	0.571309911
Hv_-N+Fe	Hv	-N+Fe	6.657	0.158513321	0.147999602	0.140131126	0.136753159	0.136428623	0.136562307	0.135980703	0.137539813	0.13767451	0.13842485	0.139514424	0.140835393	0.140682863	0.140017656	0.139295275	0.137922204	0.135890017	0.132681606	0.131184714	0.131916383	0.135735248	0.138924487	0.141354854	0.141574521	0.142018746	0.141637201	0.141674667	0.140789684	0.139509461	0.138243067	0.137863581	0.137974407	0.139539056	0.142238639	0.145931279	0.151459422	0.158566477	0.16752852	0.179053381	0.192656103	0.208340104	0.225051681	0.242551627	0.259742277	0.27574421	0.289170925	0.300499523	0.309336635	0.315995297	0.321360684	0.325354424	0.328807849	0.330949598	0.333881412	0.335268416	0.335897463	0.334520677	0.332088495	0.329622988	0.325563412	0.320945923	0.316705421	0.31256102	0.308306899	0.304951496	0.301846441	0.299453613	0.297547908	0.296597759	0.294813605	0.292333523	0.290591473	0.288410883	0.285045446	0.281124432	0.278169563	0.275425453	0.272673332	0.271852537	0.270638605	0.268526273	0.266806223	0.26362402	0.259482308	0.252650797	0.245119621	0.238522697	0.232337862	0.227339979	0.22245242	0.21564308	0.207077279	0.198434109	0.191478732	0.187213178	0.185168173	0.186034288	0.190118367	0.200884702	0.220444697	0.248889291	0.28196964	0.315700388	0.346473867	0.372553348	0.393955241	0.409274404	0.423299513	0.434399596	0.443934688	0.453146494	0.463310355	0.468759775	0.475008478	0.482093557	0.489546251	0.494889244	0.501423691	0.511043432	0.520755366	0.533813293	0.549175713	0.568088425	0.587549971	0.609215175	0.632453505	0.652807269	0.669738837	0.684339356	0.696229844	0.706127408	0.714702426	0.722417682	0.729373165	0.733867992	0.738554037	0.740206376	0.742828194	0.743621186	0.746368426	0.749399143	0.751957486	0.755728384	0.758859006	0.760968786	0.760513378	0.760392137	0.760672043	0.762861965	0.761329571	0.761978007	0.760970881	0.761608492	0.760358863	0.761147509	0.761007547	0.760952825	0.760297789	0.761066378	0.760720636	0.76114643	0.76126764	0.760621736	0.759857981	0.759922336	0.758247229	0.755820118	0.755627578	0.753975206	0.753929569	0.754478049	0.754050697	0.753028778	0.75249154	0.752131816	0.749787589	0.751035064	0.750858625	0.748643896	0.748515748	0.744532259	0.744014299	0.74498784	0.74394377	0.739399769	0.738312971	0.73832885	0.734673532	0.7311418	0.729157425	0.729599452	0.730037814	0.729226137	0.729784126	0.727782973	0.72287943	0.725888349	0.722442876	0.725245618	0.723075008	0.723214671	0.717668255	0.720573078	0.586814339
Hv_-N+Fe	Hv	-N+Fe	7.939	0.172925599	0.162294033	0.156292883	0.155687559	0.155221748	0.154651496	0.15539459	0.157119619	0.15840687	0.16028678	0.162053643	0.1633012	0.163755592	0.163946441	0.163465959	0.162438721	0.160248383	0.156803857	0.154563436	0.155110872	0.15908682	0.162908306	0.165678887	0.166388716	0.166674983	0.16711742	0.167402212	0.166800376	0.165846256	0.164566462	0.163872267	0.164258925	0.165382203	0.167472473	0.170811114	0.175241648	0.181538308	0.189486216	0.2001225	0.212626459	0.227238595	0.243771843	0.261059405	0.278790484	0.295575692	0.310181708	0.322914414	0.333892531	0.343434149	0.350576187	0.35653629	0.361702416	0.365658433	0.369760457	0.372608701	0.374520554	0.375431881	0.37543859	0.375263404	0.374416699	0.373267565	0.371431607	0.369619183	0.367893562	0.367140484	0.365909333	0.365237815	0.364889788	0.364357572	0.363919093	0.362898793	0.362396805	0.361193846	0.359945748	0.357819077	0.355893894	0.354266012	0.35319755	0.35277009	0.352195415	0.351652059	0.35153543	0.349620913	0.346668021	0.341393441	0.335475087	0.329537281	0.323983025	0.320294489	0.316227463	0.310240325	0.302564755	0.294929204	0.288260112	0.284683366	0.283445809	0.285359026	0.291327343	0.303831563	0.324410625	0.350424353	0.378050901	0.403419716	0.424248963	0.440468926	0.454404673	0.463445705	0.472027272	0.478021964	0.482925072	0.489585251	0.494880254	0.498017187	0.503919992	0.509364911	0.513681269	0.519488721	0.525330228	0.533728278	0.542630926	0.555696805	0.57048	0.589335709	0.609162228	0.630276555	0.652383207	0.672445445	0.690825485	0.705811186	0.718490856	0.728893458	0.737479607	0.744778777	0.75069162	0.755597097	0.759601388	0.762740975	0.764830563	0.767096311	0.770110674	0.772576759	0.774262232	0.777528697	0.778790212	0.780329206	0.781896443	0.782309074	0.782214602	0.78343903	0.783232525	0.783866635	0.783401447	0.783729258	0.783636656	0.784297329	0.784518811	0.784328613	0.783545073	0.78426272	0.783649279	0.784080742	0.783415646	0.78267673	0.781139973	0.781556455	0.779974328	0.779866906	0.779454678	0.778031291	0.777399399	0.777057276	0.777057027	0.776317118	0.775289204	0.775215871	0.773218236	0.774395535	0.773653524	0.771895094	0.7722107	0.768500939	0.768237569	0.769192095	0.767627643	0.76440488	0.76321572	0.763030961	0.75890905	0.755622719	0.753169007	0.752967127	0.752697297	0.753269015	0.754216694	0.753094551	0.748625503	0.749968299	0.748235753	0.749661146	0.74857005	0.748240228	0.743352154	0.744700869	0.609146915
Hv_-N+Fe	Hv	-N+Fe	4.757	0.15853996	0.146264163	0.137899544	0.133569327	0.12995117	0.128382879	0.127213317	0.128017057	0.127097073	0.126738043	0.127242396	0.126589708	0.125495004	0.124693825	0.12320807	0.121416298	0.119542248	0.117072516	0.11541234	0.116770155	0.120146794	0.123316401	0.124672537	0.124576743	0.123792941	0.123264998	0.122746303	0.121586272	0.120391324	0.119666958	0.119049123	0.119472478	0.120853177	0.123317233	0.127227276	0.132021429	0.138895554	0.147576312	0.15825465	0.170758784	0.185253514	0.200558073	0.216735651	0.232929739	0.247911634	0.260843186	0.270680808	0.278515757	0.284074966	0.287785279	0.290551273	0.292377762	0.294396768	0.29553115	0.295676807	0.294171235	0.291759869	0.287476937	0.282236916	0.275659909	0.268335263	0.260930705	0.253750848	0.248184761	0.243195266	0.238695096	0.234839745	0.231680098	0.229318469	0.227521835	0.225325961	0.223008134	0.219370852	0.215366348	0.210397325	0.205843463	0.201791153	0.198297499	0.195987437	0.194444565	0.194565828	0.193135328	0.190334142	0.18466194	0.177820917	0.170007029	0.162685719	0.156899467	0.152401959	0.147833536	0.141836041	0.134177155	0.126986274	0.120903255	0.117333455	0.11529942	0.115297127	0.118008403	0.125921344	0.141258386	0.166046146	0.198673956	0.235715959	0.273193478	0.307296293	0.33803853	0.36329925	0.384293501	0.40315763	0.418469381	0.433697236	0.445778257	0.46050284	0.47125841	0.48220052	0.49132891	0.500725038	0.509764176	0.520038255	0.531186212	0.54475453	0.560859921	0.579246443	0.599682342	0.620247009	0.641979212	0.662865709	0.68111645	0.696333958	0.708242037	0.719423725	0.727793304	0.734986749	0.739072887	0.74421858	0.747105658	0.750694108	0.753720803	0.756346915	0.758979205	0.761244136	0.762753299	0.763346593	0.764140687	0.767018915	0.768453473	0.768125809	0.76883964	0.770439854	0.770119715	0.771965281	0.772057553	0.772688259	0.772871841	0.773042803	0.773420057	0.773370588	0.771349639	0.771888	0.771186593	0.771036049	0.769095688	0.770512177	0.768185406	0.769357157	0.767434064	0.767766202	0.768321309	0.766283505	0.765641702	0.765077131	0.765449972	0.763791971	0.761763678	0.761841268	0.760307549	0.761159079	0.760419238	0.759624852	0.759554602	0.756500277	0.756311955	0.757430026	0.756017751	0.752887204	0.751286668	0.751583215	0.747590224	0.743014813	0.742122166	0.741898195	0.741592927	0.741221338	0.742596353	0.741765874	0.738095031	0.73952933	0.737846719	0.73884513	0.737687601	0.737856098	0.73238934	0.735154014	0.599745814
Hv_-N+Fe	Hv	-N+Fe	7.313	0.160535018	0.147632749	0.140742826	0.138237647	0.135733892	0.135266284	0.134969724	0.135397939	0.136841748	0.136824835	0.137746785	0.137813687	0.137685046	0.136597552	0.135605615	0.133546988	0.131301369	0.128574979	0.127158295	0.128115397	0.131682619	0.134987562	0.137135057	0.137235026	0.137436984	0.136726122	0.136321588	0.134975072	0.133796066	0.132650625	0.132409363	0.132834167	0.13474717	0.137926839	0.142485156	0.148942444	0.156723342	0.166834254	0.179428998	0.193647036	0.209568243	0.226521265	0.244283516	0.261483469	0.276473477	0.289559032	0.300120063	0.308041578	0.31428027	0.318199013	0.322091986	0.324551921	0.326807863	0.32787007	0.32866134	0.328283959	0.326325859	0.323496042	0.319864701	0.314848253	0.308312343	0.302993129	0.297650485	0.292615759	0.288511371	0.284909255	0.281678486	0.279302137	0.277226571	0.275813509	0.27383703	0.271849475	0.268344621	0.264422648	0.259467609	0.254970921	0.25107998	0.247145025	0.244982501	0.244385411	0.245062764	0.244412845	0.242075396	0.236958591	0.230413626	0.222226364	0.214007974	0.207550197	0.202140609	0.196448497	0.188318423	0.178817131	0.169306163	0.161489167	0.155893787	0.153085194	0.152798565	0.15645855	0.16695084	0.186778903	0.216577805	0.251818577	0.288419424	0.321485111	0.350557585	0.374918841	0.393749288	0.408628565	0.421196796	0.431643208	0.439184381	0.449079995	0.459033271	0.466707931	0.474309329	0.481507422	0.487884616	0.49591304	0.504537544	0.514608879	0.527267641	0.542547332	0.560339038	0.579618809	0.599694384	0.621842906	0.642840106	0.660740126	0.676178613	0.688022965	0.699038923	0.706438375	0.713410153	0.717836892	0.723219437	0.725850992	0.729968697	0.732435569	0.735213657	0.738208923	0.739805924	0.738459093	0.737716295	0.739984321	0.741423245	0.743617494	0.744547475	0.744245578	0.746509683	0.746950564	0.748165855	0.748408532	0.749670274	0.749680126	0.750206426	0.749495549	0.749160741	0.746728662	0.748001325	0.746718942	0.74709897	0.746145272	0.745901483	0.745258932	0.746301596	0.744806695	0.744397025	0.744016754	0.741658831	0.742002842	0.741381325	0.74095433	0.738888572	0.737427015	0.737175554	0.734859048	0.735857464	0.735938348	0.735273967	0.73403431	0.73268377	0.731582746	0.732560757	0.731699385	0.728705887	0.726445343	0.726737718	0.722842604	0.720618021	0.718284693	0.71836353	0.71866362	0.717543112	0.718641704	0.718307009	0.714432345	0.717276478	0.714324544	0.71549546	0.716284967	0.714287654	0.708984685	0.711959466	0.582186816
Hv_-N+Fe	Hv	-N+Fe	7.335	0.163023846	0.153845096	0.145805624	0.145618736	0.143734503	0.14208601	0.142551586	0.142685437	0.143643337	0.144672521	0.146111366	0.146563269	0.147089531	0.146832954	0.146044373	0.145004011	0.143964655	0.14194961	0.14123891	0.143217466	0.147681797	0.151498331	0.154065479	0.154640996	0.154551647	0.153975554	0.153631355	0.15237943	0.151717805	0.150690661	0.149940289	0.15082584	0.153164319	0.156851805	0.161519278	0.167408129	0.175180441	0.184900553	0.195995972	0.20865856	0.223192823	0.237818106	0.252823721	0.267041677	0.27951505	0.290404066	0.299277014	0.305910816	0.310712464	0.313785364	0.316438314	0.3189263	0.320263963	0.320855353	0.321477328	0.321310521	0.320317135	0.318029684	0.314804435	0.31085491	0.305778603	0.301153129	0.297026937	0.293281569	0.290355173	0.287022102	0.28444737	0.282783201	0.281498006	0.28060473	0.278883429	0.277444717	0.274946489	0.271623365	0.267560064	0.264026698	0.260488512	0.25742727	0.255631208	0.256352869	0.25730819	0.258207554	0.256289819	0.252108163	0.247171816	0.240822078	0.23380126	0.228960934	0.224832639	0.220736326	0.214370438	0.206328102	0.198347356	0.191707999	0.18704926	0.184193296	0.184001838	0.187291886	0.196320137	0.212407722	0.237369763	0.266319324	0.296541882	0.323921148	0.347977207	0.369097186	0.385362604	0.398833135	0.41041646	0.417885222	0.42334081	0.435510798	0.444005883	0.452476704	0.459218414	0.465516273	0.472925114	0.479515679	0.488604179	0.498365474	0.510424548	0.525491568	0.543262109	0.561469411	0.581005917	0.602315872	0.623948573	0.641595835	0.657325893	0.669058649	0.679711855	0.687002471	0.69325548	0.697710697	0.703162779	0.706790712	0.70994653	0.713414232	0.715163218	0.717575592	0.718176087	0.716472129	0.714898124	0.718173844	0.719796576	0.722838917	0.723772646	0.7240626	0.725950008	0.726330491	0.728677408	0.728630527	0.72980111	0.728973535	0.729238941	0.728566716	0.728695237	0.72667898	0.728355945	0.726625553	0.727363495	0.72656549	0.726648372	0.725689036	0.725975818	0.725915361	0.724638506	0.725082209	0.722915215	0.72218852	0.721122957	0.721042567	0.71992883	0.715809468	0.716986421	0.714447321	0.715845043	0.715759799	0.714923876	0.714502852	0.712336582	0.71124436	0.713458287	0.712117839	0.708795655	0.706720704	0.706088248	0.702317342	0.698759057	0.697806444	0.698010813	0.697425065	0.697763276	0.698319784	0.697838376	0.694728696	0.69723437	0.695271998	0.695629637	0.694784243	0.695293997	0.688355406	0.690439978	0.568124862
Hv_-N+Fe	Hv	-N+Fe	6.309	0.154794039	0.141044091	0.133549985	0.129544686	0.1273721	0.124880101	0.125000577	0.123050078	0.123491246	0.122722539	0.122359101	0.122685929	0.120614677	0.119204142	0.117433679	0.115325895	0.113104208	0.110377596	0.109834276	0.110968256	0.114084502	0.11720955	0.118952985	0.118516499	0.118009268	0.116754587	0.116125312	0.115371885	0.114148531	0.113644816	0.113015952	0.11330449	0.114659234	0.117099158	0.120590632	0.125664822	0.132120472	0.140601878	0.151454207	0.164200948	0.179108792	0.194921913	0.21187251	0.228341165	0.244142786	0.257207699	0.267355513	0.274378637	0.279618017	0.283064994	0.285547274	0.287386047	0.288428826	0.290008533	0.290627341	0.289959325	0.28654609	0.281398169	0.275371503	0.267974464	0.259763547	0.251658388	0.244102927	0.23722021	0.231506244	0.226555709	0.222774209	0.219464882	0.217049638	0.214898382	0.212065585	0.209388762	0.205714049	0.200953691	0.195668229	0.19079309	0.186299196	0.182772779	0.180748044	0.178970887	0.177099098	0.175264215	0.171972827	0.167065356	0.16027224	0.153027507	0.146276939	0.140283443	0.135601261	0.130770667	0.1240314	0.116167696	0.108830906	0.102887076	0.099148232	0.097257902	0.097166432	0.099273584	0.10583575	0.119257558	0.142352548	0.174216438	0.211336386	0.249620432	0.286395201	0.31863708	0.34571622	0.369114376	0.388590972	0.406329182	0.423227925	0.440387413	0.451433243	0.461761836	0.473211935	0.483073616	0.491997993	0.501119563	0.511737932	0.523060446	0.536785183	0.552425569	0.571986886	0.591959538	0.614249709	0.636245643	0.657050605	0.673518532	0.688274986	0.700909298	0.710247332	0.718359567	0.726512663	0.731649774	0.73714834	0.741113272	0.743354641	0.745258109	0.746240471	0.749233932	0.75155411	0.75465658	0.758604768	0.761086241	0.762455347	0.76197167	0.761917223	0.761220385	0.762923338	0.761989595	0.761844528	0.761253821	0.761410542	0.760527428	0.761340124	0.760799102	0.760989494	0.759854089	0.760752773	0.760233448	0.759804546	0.760556795	0.760383611	0.758190883	0.758098283	0.756295875	0.754487136	0.753820752	0.752919317	0.752180797	0.752030785	0.752229473	0.750779662	0.749268003	0.749348702	0.747868606	0.748064133	0.747391876	0.745993868	0.745417563	0.742608654	0.740375046	0.742404073	0.740199497	0.736834293	0.736342975	0.736413533	0.732273599	0.730244392	0.728417159	0.728725144	0.728138939	0.727973895	0.727554497	0.726449017	0.721918222	0.72253689	0.720119856	0.721109521	0.717701056	0.718077314	0.713320675	0.714687834	0.581108693
Hv_-N+Fe	Hv	-N+Fe	6.998	0.156125233	0.144245462	0.136906501	0.132000552	0.12891367	0.127800297	0.126863298	0.12535514	0.126124909	0.12608949	0.125747581	0.12456435	0.123046882	0.121438263	0.11947806	0.117338689	0.114996871	0.112776033	0.112477251	0.113710043	0.11716054	0.120959919	0.122542045	0.121892298	0.121046109	0.120193043	0.119322131	0.118116714	0.11768523	0.117099131	0.116230705	0.11679891	0.118099777	0.120480875	0.12443414	0.12978209	0.136550252	0.145683965	0.156923197	0.170335291	0.185475956	0.201779527	0.219218055	0.236752748	0.2521263	0.264617984	0.274646869	0.282046726	0.287408286	0.290861541	0.292916117	0.294851803	0.295938878	0.297226736	0.297193614	0.29562192	0.292335539	0.286967264	0.281253663	0.273679101	0.265199949	0.256808326	0.248903248	0.242094633	0.236318758	0.231252033	0.227145501	0.223799607	0.221232613	0.219016829	0.216515882	0.214010445	0.210104422	0.20546534	0.199846761	0.194475614	0.189779644	0.185906183	0.183364333	0.181793716	0.180621168	0.179241608	0.176203195	0.171260113	0.164280759	0.156426669	0.149284901	0.142997897	0.138502855	0.133148919	0.126164879	0.117873747	0.110329556	0.103945254	0.099935115	0.097708127	0.09734528	0.099411518	0.106051024	0.120130389	0.144157856	0.177068492	0.215730638	0.254941389	0.291011805	0.323568917	0.350507464	0.373383217	0.393094857	0.409661315	0.426391397	0.440344402	0.452308467	0.46462016	0.475689045	0.48461625	0.493549905	0.502697184	0.51343054	0.525114297	0.539491044	0.555412831	0.57563778	0.596126345	0.618107884	0.640787494	0.662023183	0.680718554	0.695968502	0.708086022	0.718834286	0.726790464	0.733967768	0.740085968	0.74449342	0.748165252	0.751366696	0.752276784	0.754653844	0.757390708	0.759926119	0.761248537	0.764304271	0.764294644	0.766532195	0.767059582	0.768030372	0.76771953	0.768727018	0.768929336	0.768560991	0.768151556	0.768474282	0.768696136	0.768738215	0.768220412	0.768046824	0.766489213	0.767827169	0.766479898	0.766765576	0.765041614	0.764620118	0.762617025	0.763701996	0.761534611	0.761632957	0.760968941	0.758999073	0.758548426	0.758324747	0.759053822	0.757060224	0.75655587	0.754286035	0.753833318	0.754104071	0.753322131	0.752459469	0.752436378	0.749168844	0.748409882	0.748506868	0.748534039	0.745354809	0.744911357	0.744817857	0.740953383	0.73880806	0.736442004	0.737878605	0.737537712	0.736186721	0.737806565	0.735895109	0.731973168	0.732503839	0.731150256	0.730116216	0.729121849	0.728951079	0.722866679	0.725412249	0.588402092
Hv_-N+Fe	Hv	-N+Fe	5.599	0.151923849	0.14243406	0.130339942	0.127387026	0.123721479	0.123801696	0.121123704	0.120341614	0.120742698	0.120928699	0.119922815	0.119253103	0.117079026	0.11617191	0.11427941	0.11192205	0.109387835	0.106968867	0.105991033	0.107301752	0.110419983	0.113708149	0.115567359	0.114789425	0.11417163	0.113892248	0.113140403	0.111912086	0.111324489	0.110649639	0.110356305	0.110505961	0.11188025	0.114012542	0.117627899	0.122320541	0.128776193	0.137570806	0.147727089	0.160212838	0.174597522	0.190447372	0.20718247	0.223856356	0.239084916	0.252806057	0.263335339	0.271084748	0.276554105	0.280171279	0.28271753	0.284642141	0.285891664	0.286980768	0.286741662	0.28493725	0.281775392	0.276657585	0.270416822	0.262728942	0.254017732	0.245175783	0.237321893	0.230889243	0.225027414	0.220047492	0.215840552	0.212323388	0.209634673	0.207672444	0.205367288	0.202503048	0.198686767	0.194033505	0.188683038	0.183670037	0.179033111	0.175283738	0.172810339	0.171163045	0.170905158	0.169512552	0.167086938	0.161478331	0.154994254	0.147419424	0.140193908	0.134510807	0.130252276	0.125605543	0.119626059	0.112431139	0.105489147	0.100103901	0.096583679	0.094731082	0.094622754	0.096600066	0.102884707	0.115922446	0.137852058	0.16848069	0.205595748	0.244461806	0.281504795	0.315330115	0.344544479	0.368843382	0.391053908	0.409713286	0.426970271	0.441977969	0.459506797	0.472081798	0.484722694	0.495418622	0.50583417	0.51615998	0.527810988	0.539506223	0.553974441	0.570557292	0.589443417	0.610109191	0.631712914	0.654405104	0.675241793	0.693881728	0.708612209	0.720840335	0.73188574	0.740401659	0.747443061	0.751149153	0.756053291	0.758861062	0.762134529	0.764911627	0.767546436	0.769925383	0.771681274	0.772896304	0.772875782	0.773568696	0.776225522	0.777548403	0.777793727	0.777966974	0.778898261	0.779220834	0.780228669	0.780063441	0.781153712	0.780353255	0.781155099	0.780321538	0.779963347	0.777827691	0.778645302	0.77782881	0.777185874	0.775253698	0.776308841	0.773786148	0.775272055	0.773939882	0.77333892	0.773411279	0.770989984	0.770693077	0.77029095	0.770215305	0.76774368	0.766126121	0.765276591	0.763612346	0.764810487	0.76423183	0.762788609	0.762843262	0.759066603	0.758449661	0.759723845	0.759360013	0.756187018	0.75366827	0.754622561	0.75148726	0.747509167	0.746415696	0.744252487	0.744921301	0.743761692	0.744890693	0.743763524	0.740049898	0.740993506	0.739923813	0.739847334	0.737483818	0.738421386	0.731978375	0.733018792	0.594605392
Hv_-N+Fe	Hv	-N+Fe	6.111	0.149864299	0.138599264	0.131218095	0.126144879	0.123587476	0.122737388	0.121577015	0.120907845	0.120977447	0.120654147	0.119818336	0.118778089	0.117469651	0.114984995	0.113183481	0.111059589	0.108765166	0.106807546	0.105620652	0.106879229	0.110006769	0.113313901	0.114692949	0.11379976	0.113043468	0.112092162	0.111619423	0.110367006	0.109619436	0.108825292	0.108484138	0.108826422	0.110099108	0.112152331	0.115613807	0.120016297	0.126074108	0.134159589	0.144428713	0.15657606	0.170580052	0.185972719	0.202255993	0.218613929	0.233374395	0.246053918	0.255926988	0.263507193	0.268354243	0.271282643	0.273655835	0.275500859	0.276774608	0.27736367	0.277112227	0.27553916	0.272309997	0.267286086	0.261166167	0.25339048	0.244556318	0.236431521	0.228425686	0.22197147	0.216504839	0.211366718	0.207060275	0.203754955	0.201338134	0.199543312	0.197172109	0.194732275	0.190725563	0.185877947	0.180488637	0.175120729	0.170528532	0.166623429	0.164122727	0.1632472	0.163005021	0.161992085	0.159804796	0.154712463	0.148671841	0.141594409	0.134605673	0.129226651	0.12493089	0.120266251	0.114192555	0.107393156	0.100592813	0.095312855	0.091949135	0.090089919	0.08953886	0.091180157	0.09700959	0.10870478	0.12938472	0.158513353	0.193641479	0.230395767	0.266321603	0.298933335	0.32648297	0.350378869	0.371561249	0.389628853	0.404154585	0.421231149	0.436775015	0.449921185	0.461176038	0.47211271	0.482346391	0.49265542	0.503486567	0.515309463	0.52921887	0.545828618	0.56430261	0.584524417	0.606022052	0.62906775	0.650648141	0.669161347	0.684643925	0.697460755	0.708067802	0.715125355	0.722156628	0.726772142	0.731867122	0.734909351	0.737951443	0.741148326	0.743162799	0.746315524	0.746593635	0.74572919	0.743957815	0.745909743	0.748130674	0.750408234	0.750767502	0.750940617	0.752336799	0.753122509	0.754803989	0.754674762	0.756113219	0.755625107	0.755501707	0.755312895	0.755125232	0.75260751	0.752674987	0.750979204	0.751800925	0.750873476	0.750700837	0.749171789	0.750747612	0.748834489	0.748469773	0.748768986	0.745622621	0.746162538	0.744860572	0.743861338	0.742241217	0.740223441	0.739398655	0.73680437	0.738854407	0.73789925	0.737672295	0.737844534	0.734735772	0.733247331	0.73461687	0.73346096	0.730944195	0.727973391	0.728979193	0.725269339	0.722821264	0.720486121	0.720499676	0.721304193	0.717974419	0.719601105	0.719115954	0.716982381	0.718843049	0.715498781	0.715754685	0.7137903	0.71426093	0.706513985	0.709415591	0.576408374
Hv_-N+Fe	Hv	-N+Fe	4.111	0.148839732	0.136547887	0.12808676	0.126623737	0.122729806	0.122453051	0.121146663	0.120775647	0.120218402	0.120692795	0.120141929	0.120063707	0.118009606	0.116720363	0.115231993	0.113017565	0.111157685	0.108564091	0.10781882	0.108953186	0.11221706	0.115652269	0.116784006	0.11589808	0.115267146	0.114431878	0.113681277	0.112538146	0.111754869	0.111063978	0.110490083	0.110805022	0.112432348	0.114488613	0.117569179	0.121908615	0.127899665	0.135773501	0.145121051	0.156770769	0.170510482	0.185548678	0.2017335	0.217470012	0.23227261	0.245216049	0.25560411	0.263064062	0.268320723	0.271056333	0.273411515	0.275334956	0.276625309	0.276862068	0.276556147	0.275006215	0.271951624	0.267164945	0.261100861	0.253441108	0.244837947	0.236349468	0.229010319	0.222536043	0.217035814	0.212081515	0.208039231	0.20479212	0.202227733	0.20056226	0.198372331	0.195960945	0.19204104	0.187833163	0.182471193	0.177167152	0.172725388	0.168816157	0.166489146	0.165996481	0.165983502	0.165233818	0.162628095	0.157642943	0.151603438	0.144204075	0.137417164	0.132338394	0.12813624	0.123808567	0.11819434	0.111449303	0.104940835	0.099741772	0.096525101	0.094482219	0.094212382	0.095813969	0.101435996	0.113127486	0.13385389	0.162636547	0.197739081	0.234607891	0.270966908	0.304031432	0.332541238	0.357046882	0.37927302	0.397168986	0.412059047	0.43182702	0.447745422	0.461338575	0.473258984	0.484851514	0.495082588	0.505610526	0.516559806	0.528757837	0.542342113	0.558518165	0.577720622	0.59711447	0.617440229	0.639472267	0.661606477	0.67996655	0.695826715	0.707388816	0.717946065	0.725351632	0.731453629	0.73552135	0.74059204	0.744369614	0.747005966	0.750420283	0.752358833	0.754773305	0.75498058	0.752979904	0.750625298	0.753531005	0.755330961	0.757660711	0.75860445	0.759259474	0.76069573	0.76124032	0.76267432	0.762325035	0.764443655	0.763000881	0.763297512	0.762434285	0.762096544	0.75999855	0.760783936	0.759269786	0.759833361	0.758238641	0.759307271	0.757225129	0.758420489	0.757368711	0.755862204	0.756740208	0.754381904	0.753883889	0.752150077	0.751244894	0.750100572	0.747200835	0.746554881	0.743896881	0.746158018	0.74492428	0.744056145	0.744342978	0.740112147	0.738642436	0.740665523	0.739573322	0.735629012	0.733911327	0.734106326	0.729512069	0.72517777	0.724476004	0.724083938	0.725203853	0.724651099	0.725162992	0.72331494	0.720357511	0.722460843	0.719314203	0.721153694	0.717584827	0.715525826	0.708546734	0.713115901	0.578228041
Hv_-N+Fe	Hv	-N+Fe	7.196	0.142052814	0.132717502	0.126036955	0.119040191	0.117308614	0.11376231	0.113001944	0.113341306	0.11253203	0.112155121	0.112237376	0.111633821	0.109323668	0.107843465	0.106646816	0.104361576	0.102277071	0.100068323	0.099450679	0.100135096	0.103368002	0.106092512	0.106923467	0.106247627	0.105620836	0.104376903	0.103245724	0.102424787	0.101606984	0.10097139	0.100465632	0.100403062	0.101553497	0.10372224	0.106129644	0.110587282	0.115786971	0.123260705	0.132305416	0.143799184	0.156636428	0.17066619	0.185798192	0.200778375	0.214457622	0.226517177	0.236033261	0.242419681	0.247649326	0.249898545	0.251869202	0.253907791	0.254498948	0.25432311	0.254003866	0.252619273	0.249276786	0.244592833	0.238525812	0.231403695	0.222776798	0.214429038	0.207050255	0.201101772	0.195927286	0.191046986	0.186982969	0.183514677	0.181621993	0.179908374	0.178130449	0.175373147	0.17190074	0.167454279	0.162282983	0.157227663	0.152653693	0.149049334	0.147210898	0.147158672	0.14716828	0.146904772	0.144387796	0.140243551	0.134968865	0.128489425	0.122140246	0.117414509	0.113549139	0.109395297	0.104073043	0.0974926	0.091752633	0.087163432	0.084088781	0.082485595	0.08208623	0.083464309	0.088547653	0.099013267	0.117866499	0.144885951	0.177215995	0.211659369	0.245963695	0.277445719	0.30420516	0.326743025	0.347603066	0.363173158	0.378166629	0.395913224	0.410873606	0.422750542	0.43382679	0.444925841	0.455224335	0.464437113	0.475852397	0.486577224	0.501062393	0.516811474	0.536223474	0.555535212	0.576268741	0.598539424	0.620640759	0.639092065	0.655679698	0.668073918	0.679070028	0.686384187	0.692698873	0.698107377	0.702552979	0.70699808	0.710540292	0.713267932	0.714551812	0.716985183	0.716055803	0.713253924	0.711695626	0.715087607	0.717731982	0.720118975	0.72129958	0.721201012	0.724240057	0.723956097	0.725317802	0.725767098	0.727023814	0.724520396	0.725994466	0.724705834	0.7251322	0.722372612	0.72319385	0.723582164	0.721971062	0.72059642	0.721815303	0.720920568	0.721581123	0.720279711	0.719793853	0.718287739	0.716846046	0.715400998	0.714403546	0.715056398	0.711252086	0.709188461	0.709652558	0.708164706	0.709337471	0.707795456	0.706825285	0.707381658	0.703771907	0.703437507	0.70400854	0.702941817	0.700024696	0.698537192	0.697930957	0.694649331	0.691642136	0.690191225	0.690443418	0.691122266	0.691447919	0.691476952	0.689308297	0.687166998	0.688982003	0.685040803	0.687239247	0.685158209	0.68346783	0.676216525	0.677563807	0.552505916
Hv_-N+Fe	Hv	-N+Fe	6.421	0.149248916	0.137930104	0.129547551	0.125363069	0.123341663	0.123460658	0.121095455	0.121362155	0.120639078	0.12121788	0.121890666	0.121595628	0.120682523	0.119542549	0.117816748	0.115926107	0.113368424	0.110132741	0.10834278	0.108746155	0.111657986	0.114422456	0.115614488	0.114777901	0.113906392	0.112499851	0.111438294	0.109867133	0.108823304	0.107548604	0.106588435	0.106304842	0.106633086	0.108167964	0.110510502	0.114032625	0.119157823	0.125835831	0.134383913	0.144667568	0.157069472	0.170734737	0.185041649	0.199304271	0.213063775	0.224633645	0.233949693	0.240349142	0.24517421	0.24795866	0.250179104	0.251595799	0.252828835	0.254066826	0.254477599	0.25368328	0.250430921	0.246032705	0.240031553	0.233016658	0.225195385	0.217717965	0.210973061	0.20492988	0.199877201	0.195344989	0.191697747	0.188922918	0.186700524	0.184557926	0.182536785	0.180010901	0.176614972	0.172561067	0.168183893	0.163970047	0.160363297	0.157382715	0.155715962	0.154574715	0.152944225	0.150676194	0.147627585	0.143094989	0.137320451	0.130860632	0.125229141	0.120685006	0.116835104	0.113092096	0.108167521	0.102211914	0.096626189	0.09218039	0.089393129	0.08804505	0.088378561	0.090166546	0.095793762	0.106941466	0.126460055	0.153954234	0.187647042	0.223371811	0.258052918	0.289456556	0.315889769	0.339120155	0.359883307	0.378168677	0.396070534	0.413752588	0.427894491	0.437537814	0.450340113	0.460958859	0.47105958	0.480915856	0.493077504	0.504833529	0.519774333	0.536350174	0.556864226	0.578223824	0.601712356	0.625170622	0.647804911	0.665828217	0.682281449	0.695046623	0.705807858	0.713379218	0.721413683	0.728381276	0.733923773	0.737848966	0.739577107	0.741140719	0.742616137	0.745799237	0.749088526	0.752335819	0.757893787	0.762652967	0.765253601	0.763146876	0.7621029	0.761562613	0.762786971	0.762184151	0.762756902	0.761449587	0.762428048	0.760771349	0.761622844	0.761500206	0.76142072	0.760523921	0.761453278	0.761279157	0.761693562	0.761264713	0.761204506	0.759340658	0.759099875	0.758416207	0.756565788	0.755632475	0.754054701	0.753172377	0.753660271	0.753945821	0.753003043	0.750961652	0.75171092	0.749200828	0.75130915	0.749590315	0.74761723	0.747567133	0.744437477	0.743695067	0.744894711	0.744342553	0.740676395	0.738580452	0.739542281	0.736204896	0.732058446	0.731021234	0.731090303	0.730659347	0.730975481	0.731154079	0.728620749	0.724046665	0.724947537	0.72180499	0.722822794	0.721073153	0.720337734	0.71476916	0.716772315	0.581301648
Hv_-N+Fe	Hv	-N+Fe	6.693	0.155363668	0.142500307	0.135135089	0.131206249	0.129719597	0.1294711	0.128252805	0.128815112	0.128402049	0.129324734	0.130459896	0.130419829	0.129696458	0.128112059	0.127210304	0.125217314	0.123190997	0.119755234	0.118259815	0.119299868	0.12274455	0.125806616	0.127477026	0.127035661	0.126166806	0.125147014	0.124134294	0.122809121	0.121429642	0.120121606	0.11947814	0.119479635	0.120346564	0.122534189	0.125802362	0.130455491	0.136658769	0.144562479	0.154574949	0.166029864	0.179271805	0.193446957	0.208277999	0.22302203	0.236584355	0.247721882	0.256759701	0.263312126	0.268109833	0.271547086	0.274010631	0.275931933	0.277231902	0.278780624	0.279523322	0.278678993	0.276104699	0.272019823	0.266859601	0.260613942	0.253728083	0.246950405	0.240537682	0.234938074	0.230236367	0.226014655	0.222738125	0.220094286	0.218196903	0.216274584	0.213890128	0.211432632	0.208335988	0.204250951	0.199533341	0.195372441	0.191535776	0.188414965	0.186943614	0.185537193	0.183916557	0.182224158	0.179164459	0.174739989	0.168420662	0.161448514	0.154890015	0.149325791	0.144794973	0.140135071	0.133949071	0.12616276	0.118944116	0.113015449	0.109248577	0.10715348	0.107247568	0.109640371	0.116885955	0.131357133	0.155224467	0.186617487	0.222214455	0.257569299	0.29064401	0.319080303	0.3423963	0.362840647	0.379603773	0.394430436	0.408760915	0.423512952	0.433221391	0.44238523	0.452117384	0.461440017	0.469145939	0.477525938	0.488675305	0.499527847	0.513557545	0.529567466	0.549546272	0.570065777	0.593602575	0.617307448	0.638917564	0.656998903	0.672604284	0.685301364	0.695972579	0.704771766	0.712678429	0.719068948	0.724547612	0.729024324	0.731076403	0.733040501	0.734352529	0.737306595	0.740347127	0.742681536	0.746657782	0.749795643	0.752008838	0.751620177	0.751510316	0.751457939	0.75342165	0.751728394	0.752189376	0.751405765	0.752062509	0.75086054	0.751396325	0.751373947	0.751409465	0.750902671	0.751404587	0.750813074	0.751337004	0.751400496	0.75075289	0.749516927	0.749343783	0.748137542	0.74566751	0.745404935	0.74376138	0.743327036	0.743653382	0.743574383	0.742299482	0.741331558	0.741408328	0.738748752	0.740130395	0.739777301	0.737603451	0.738195689	0.734437096	0.733845078	0.735083228	0.734336638	0.730241026	0.729256374	0.730101089	0.727425462	0.724180544	0.722262557	0.722453806	0.723289917	0.722051902	0.722302638	0.721437666	0.716748873	0.718213488	0.714934842	0.716988692	0.714260893	0.712914941	0.708311873	0.710837996	0.577078471
Hv_-N+Fe	Hv	-N+Fe	5.915	0.152936489	0.14159726	0.13371208	0.129199977	0.126675674	0.126341533	0.125766804	0.125483312	0.125546972	0.126919066	0.127965743	0.127391367	0.126498179	0.124874323	0.124075252	0.121838129	0.119103607	0.115987386	0.114366628	0.115080548	0.118359902	0.121315788	0.123059098	0.122662052	0.121490115	0.120580499	0.119503725	0.118036592	0.1166725	0.115606979	0.114685184	0.114909597	0.115617533	0.117543231	0.12080735	0.12514621	0.131072092	0.138864651	0.148645434	0.160098622	0.17338246	0.187996042	0.203059952	0.218358623	0.232384729	0.243928966	0.25306389	0.259938355	0.265458498	0.268555961	0.270452617	0.272311978	0.273708638	0.275143962	0.275160665	0.274171887	0.27080221	0.266334947	0.260822358	0.254040829	0.246466588	0.238833828	0.232043942	0.225722602	0.22072712	0.21626688	0.212535461	0.209708708	0.207279483	0.205195584	0.203059417	0.200702583	0.197295014	0.193028936	0.188106275	0.183482849	0.179254601	0.176102697	0.174106892	0.172692768	0.171358565	0.170221449	0.167380154	0.163074772	0.156925528	0.150014469	0.143541803	0.137918925	0.133991629	0.129427294	0.123372188	0.11610242	0.109376729	0.104021897	0.10046426	0.098555383	0.098514915	0.100684427	0.107297055	0.120663094	0.142849447	0.17339877	0.208474423	0.244407906	0.277530998	0.307669656	0.332326325	0.354257973	0.372934051	0.388405152	0.404697647	0.418717145	0.429333941	0.44187764	0.452520622	0.46162715	0.470952096	0.480285415	0.491547208	0.502856735	0.517951995	0.534997721	0.556092986	0.578434568	0.601780162	0.625982433	0.648257642	0.66843107	0.684635975	0.69848879	0.709683109	0.718822007	0.72663716	0.732901726	0.738268319	0.742335763	0.745574618	0.747716872	0.749672619	0.751740261	0.754773537	0.756430505	0.759806046	0.760372074	0.762259666	0.763653071	0.763920359	0.763762375	0.765012079	0.764579747	0.764643846	0.76460579	0.764277616	0.764104596	0.764750682	0.764402325	0.764630778	0.763657703	0.764160179	0.763200628	0.763545163	0.762114117	0.762085522	0.760177862	0.761374527	0.758956848	0.758214404	0.758021757	0.756283029	0.756007527	0.755257244	0.755847491	0.75428932	0.753356887	0.75291957	0.751047178	0.75150162	0.751523267	0.749311257	0.750617364	0.747271244	0.746754796	0.747897547	0.746443313	0.743615956	0.742305181	0.743855354	0.740178442	0.737139548	0.735280774	0.735647038	0.736880357	0.735731785	0.73613426	0.73451856	0.72932274	0.731428296	0.729435415	0.730196815	0.72810425	0.728624403	0.722006471	0.723930155	0.588238205
Hv_-N+Fe	Hv	-N+Fe	7.397	0.150512129	0.13782737	0.131456778	0.125447433	0.123250226	0.121018068	0.118601958	0.117776244	0.11663434	0.117211901	0.118145812	0.116811132	0.115159695	0.113736895	0.112101018	0.109741679	0.107013152	0.104115915	0.1027915	0.10308151	0.105917334	0.108544107	0.109845001	0.109220884	0.107810545	0.106919414	0.105855935	0.104716887	0.103528939	0.102549288	0.101536568	0.101079929	0.101437607	0.102954249	0.105531516	0.108804962	0.113962652	0.120613513	0.129418974	0.139611073	0.151730504	0.165184244	0.179805422	0.194332264	0.208037577	0.21972658	0.228505897	0.235089402	0.239567008	0.242596987	0.244582902	0.245814171	0.247271032	0.248269283	0.247957647	0.246033537	0.243012005	0.238307679	0.232247288	0.225020228	0.217442083	0.209505774	0.202193292	0.196198208	0.191117057	0.186631365	0.182723438	0.179795474	0.177273932	0.175457399	0.173290197	0.170900069	0.167387104	0.163378925	0.158581101	0.154330929	0.150343876	0.147063791	0.144981341	0.143522007	0.143214099	0.142004003	0.139790307	0.135320912	0.130055286	0.1238908	0.118037763	0.1132848	0.109589743	0.105742972	0.100828003	0.094967069	0.089646981	0.085350331	0.082721643	0.081363057	0.08160236	0.083347197	0.088636288	0.099406512	0.118132717	0.144545918	0.176660336	0.211488686	0.244700359	0.275595732	0.301839443	0.324224272	0.344047833	0.360831672	0.377242525	0.390780208	0.405964429	0.417996195	0.429512538	0.439129311	0.449611398	0.459113179	0.470244686	0.481628381	0.496011987	0.512882729	0.53329151	0.554428632	0.576519307	0.599443858	0.621687719	0.641307747	0.657230708	0.670107462	0.682166509	0.691177981	0.698813715	0.702994611	0.707592367	0.71115276	0.714630025	0.717984955	0.720342409	0.722480092	0.725233179	0.726116285	0.726848348	0.727511604	0.730473322	0.731847727	0.731441467	0.731883045	0.733180684	0.733139917	0.73412452	0.733946848	0.734674549	0.734707539	0.735164156	0.734788434	0.734694073	0.733171813	0.733359387	0.732693023	0.733110462	0.731218414	0.731478386	0.729666974	0.730997433	0.729116257	0.729054566	0.729039544	0.727481655	0.726272006	0.726170021	0.7257525	0.724334373	0.7224822	0.721533057	0.72068877	0.721283832	0.720282233	0.719122185	0.719182396	0.716593662	0.716895655	0.71738457	0.717339477	0.713898918	0.71374542	0.714514407	0.71131663	0.707810681	0.706515561	0.706685572	0.706680758	0.707122154	0.707540095	0.705452461	0.703246452	0.703208012	0.700845026	0.703345589	0.700838874	0.701354538	0.695700078	0.698813109	0.569566616
Hv_-N+Fe	Hv	-N+Fe	7.472	0.157895431	0.14562892	0.139151665	0.13410761	0.131900774	0.13181922	0.131235593	0.130850253	0.131402717	0.131959391	0.132917393	0.13223526	0.130958801	0.1300757	0.128250354	0.126939208	0.124865943	0.122347622	0.121166522	0.12257924	0.126371038	0.130205631	0.132013841	0.131528641	0.131124832	0.1301543	0.129429065	0.128006011	0.127387808	0.126450798	0.125648546	0.125921799	0.127476494	0.130230106	0.134173874	0.140103428	0.147378118	0.156919841	0.168520689	0.181970637	0.196677238	0.213021345	0.229630831	0.245766269	0.260147346	0.271930802	0.281664116	0.288550501	0.29375585	0.296697056	0.299148557	0.301079221	0.302903453	0.303345376	0.303281111	0.302039627	0.299584454	0.295542761	0.290626403	0.284113243	0.276697043	0.269750455	0.262725487	0.256986887	0.252043499	0.247632132	0.243567589	0.24065786	0.238479459	0.237108519	0.235007705	0.232651813	0.228749035	0.223881134	0.218448818	0.213308529	0.208854626	0.204891706	0.202172544	0.201473893	0.201827266	0.201014283	0.198707527	0.193741612	0.187533767	0.17998862	0.172386618	0.166299951	0.161081872	0.155158685	0.147642346	0.138738479	0.129881918	0.122686061	0.11755703	0.11471643	0.114082333	0.116538018	0.124556678	0.141140017	0.167883036	0.202016548	0.239504471	0.275287003	0.308101366	0.335952201	0.358624268	0.377297474	0.393102582	0.405882019	0.416310588	0.428475713	0.440466096	0.450024338	0.458573131	0.466857212	0.474976098	0.48357412	0.493110017	0.503605827	0.517101782	0.532880774	0.551370034	0.571388274	0.592426089	0.614852333	0.636491885	0.655359068	0.670990838	0.684027392	0.694944622	0.702050648	0.709737091	0.71384417	0.71886783	0.722302974	0.725804045	0.728579798	0.73183087	0.734378179	0.735205234	0.734075459	0.732840653	0.734845815	0.737187157	0.739017697	0.739685799	0.740276411	0.741021554	0.742682603	0.743767611	0.743303661	0.74505875	0.744471115	0.745117849	0.744420653	0.745295724	0.741595232	0.742187486	0.740845088	0.741242856	0.739896455	0.740733313	0.738633423	0.739910937	0.738635032	0.737795284	0.738001406	0.735721436	0.735778213	0.735066626	0.734891112	0.732168965	0.730550297	0.729460753	0.727821191	0.72851629	0.728391672	0.728827603	0.728001038	0.7261416	0.724406548	0.725750543	0.725141257	0.722454028	0.720199618	0.719783483	0.716873763	0.715001556	0.71262999	0.713009603	0.713829868	0.711064845	0.712479244	0.710807968	0.708523981	0.710499278	0.708041556	0.708533659	0.708715272	0.708512316	0.702088197	0.703582837	0.572104649
Hv_-N+Fe	Hv	-N+Fe	6.741	0.147321836	0.13566355	0.129352968	0.123976162	0.120770131	0.121745548	0.119730528	0.119414131	0.119209801	0.119978558	0.120394046	0.119858413	0.11877863	0.116910045	0.116193924	0.114488531	0.111772014	0.109100387	0.107605598	0.108567617	0.11149075	0.114369521	0.115703538	0.114795901	0.114039301	0.11299811	0.111891304	0.110518749	0.109744667	0.108776804	0.108046884	0.107920918	0.108980653	0.111062977	0.113885269	0.118063574	0.123488601	0.130915681	0.139992984	0.150533037	0.163081526	0.177198145	0.191562964	0.205735185	0.218782877	0.229632414	0.23914769	0.245743256	0.250179761	0.252708124	0.254852851	0.256443464	0.257514259	0.25751006	0.257310193	0.255938508	0.253049853	0.248912886	0.243454869	0.23667464	0.229105924	0.221712905	0.215151914	0.209779734	0.204718761	0.200409068	0.196676237	0.193741176	0.191736611	0.190210372	0.188420028	0.185808156	0.182605457	0.178261227	0.173395545	0.16864683	0.164652431	0.160976871	0.159176553	0.159089595	0.159441613	0.159047081	0.156911084	0.152719108	0.147186103	0.140695484	0.134408692	0.1294761	0.125391142	0.121283873	0.115846485	0.109448745	0.103280915	0.098300634	0.095116538	0.093143539	0.092974023	0.09495577	0.100844071	0.112721886	0.133031118	0.160809564	0.193870167	0.22775856	0.260156545	0.289783306	0.314634049	0.336274499	0.355850152	0.370684703	0.383378047	0.401108037	0.415124985	0.427442098	0.438437941	0.44896375	0.45863326	0.468194643	0.479165938	0.490995822	0.50433387	0.520186366	0.538817004	0.557970884	0.578353951	0.600406236	0.623100163	0.641479718	0.657415816	0.66931431	0.680538903	0.688429029	0.695151683	0.69898762	0.704195665	0.70831595	0.711587979	0.714897934	0.716294265	0.718634468	0.719160456	0.716423183	0.714844065	0.717822225	0.71963096	0.722428063	0.723729961	0.724476009	0.72695027	0.726885702	0.728714813	0.728156017	0.729458279	0.728329577	0.729334213	0.727785843	0.728550009	0.72632188	0.726447586	0.725250327	0.725915735	0.724839247	0.725019849	0.724427148	0.724719958	0.724016047	0.723063355	0.723239827	0.720601283	0.719558164	0.718935098	0.71774814	0.716470653	0.713436827	0.713652131	0.71109182	0.71332734	0.712503379	0.711802876	0.71068218	0.709028147	0.707391574	0.709356409	0.707657134	0.704612668	0.702413246	0.703300385	0.699484681	0.695382042	0.694065156	0.694450396	0.694567367	0.694376781	0.694789522	0.693601256	0.689864373	0.692819796	0.689794557	0.690379813	0.68809883	0.68866808	0.6823806	0.683102427	0.556148897
Hv_-N+Fe	Hv	-N+Fe	5.387	0.145748461	0.136492724	0.129925209	0.127118373	0.123257985	0.124597416	0.123271641	0.12262711	0.122486601	0.124574303	0.124883412	0.124430697	0.124132124	0.122982333	0.122412897	0.120277277	0.118473842	0.115441327	0.113903578	0.114767512	0.117949023	0.120613045	0.121812654	0.121234973	0.119973767	0.119122686	0.118015874	0.116307642	0.11498454	0.11354388	0.112787217	0.112746528	0.113745052	0.115633815	0.118417425	0.12324286	0.129160122	0.136770674	0.146088368	0.157697107	0.170744462	0.184785765	0.198906745	0.212783948	0.225636956	0.236501004	0.245057116	0.251577756	0.255967419	0.258996275	0.261263895	0.263210152	0.264857554	0.265908995	0.267079443	0.266852401	0.264078681	0.260379326	0.255707229	0.24995728	0.243189702	0.237029259	0.23085619	0.225692369	0.221136285	0.2170787	0.213601353	0.211039197	0.208875614	0.20699479	0.204799236	0.202385621	0.199018694	0.195048136	0.190717049	0.186643527	0.18315492	0.180470556	0.178928477	0.177881897	0.176462513	0.173653952	0.169957839	0.165168269	0.159043473	0.152309951	0.145940098	0.141031895	0.136698815	0.132105726	0.126201631	0.118781996	0.111562355	0.105893921	0.102143561	0.100336385	0.100494552	0.102967043	0.110426362	0.124520402	0.147891094	0.178089472	0.212925528	0.246722582	0.278252524	0.305361986	0.327127207	0.34559561	0.361772425	0.375400104	0.38934317	0.40238159	0.414319488	0.422049849	0.427552747	0.436894348	0.444860792	0.453289385	0.464148155	0.47527965	0.488935712	0.505233064	0.524760339	0.545684416	0.568567043	0.591858786	0.614666454	0.633491002	0.649503712	0.662876163	0.673541671	0.681733863	0.689933466	0.695470901	0.701109444	0.704760445	0.706802019	0.708144859	0.709336247	0.713083103	0.716911739	0.720549652	0.727016252	0.733630269	0.737917144	0.73760764	0.734628085	0.732580294	0.733282484	0.732153963	0.732748454	0.732832206	0.732711909	0.731661458	0.733037005	0.732596893	0.732230221	0.73122707	0.732440252	0.73161924	0.73288842	0.732001811	0.732032743	0.730769258	0.730442714	0.72811609	0.72735141	0.726871833	0.72491795	0.725040292	0.724356189	0.724373089	0.723655214	0.722558389	0.722294613	0.720837971	0.722097237	0.721113642	0.720089662	0.718942181	0.715381251	0.713822407	0.716668195	0.714748535	0.712229491	0.710456051	0.711312305	0.708363735	0.705241819	0.704216677	0.704663462	0.702934565	0.703437814	0.703086315	0.70058913	0.696201462	0.697079547	0.693713618	0.695066993	0.692058939	0.692147273	0.686588211	0.687661457	0.609952501
Hv_-N+Fe	Hv	-N+Fe	6.476	0.146204523	0.137408944	0.128279365	0.124587873	0.121528086	0.121195646	0.121632683	0.120219474	0.120408607	0.121345043	0.122130903	0.122400221	0.121081251	0.120232885	0.118472314	0.116815349	0.114684128	0.111721966	0.109677261	0.110285299	0.112894281	0.115444867	0.116475494	0.115448398	0.114367741	0.113217065	0.112164422	0.110598711	0.109105009	0.107718785	0.106767522	0.106697713	0.107252816	0.108609306	0.110799075	0.114360843	0.119086493	0.125426791	0.133744887	0.144016962	0.156060825	0.169532074	0.183289133	0.197186296	0.210711545	0.221849805	0.230797851	0.237232525	0.242034497	0.245150984	0.247210137	0.248960713	0.250378412	0.251713883	0.252176436	0.251628244	0.248446227	0.24434779	0.238611506	0.231847626	0.224456846	0.217414294	0.210844795	0.205156217	0.200251603	0.195991635	0.192444861	0.189852993	0.187830903	0.18571068	0.183569185	0.181158975	0.177896825	0.173769469	0.169495318	0.165412604	0.161735264	0.158964232	0.157372656	0.156207131	0.154705218	0.15260389	0.149636199	0.145476755	0.140004776	0.133742249	0.128130777	0.123825137	0.119911361	0.115962642	0.110803661	0.104701061	0.098984323	0.094548414	0.091718143	0.09036164	0.09069243	0.092650692	0.098484228	0.109920537	0.129395008	0.15632092	0.189121819	0.223298843	0.256768928	0.28683345	0.312608253	0.335250816	0.355538779	0.372809912	0.389877155	0.40719491	0.420890302	0.430559626	0.442731629	0.453285734	0.463105188	0.4729108	0.485026735	0.49698565	0.51195532	0.528253543	0.548551037	0.569473275	0.593221389	0.616848405	0.639278263	0.657357961	0.673838369	0.686584679	0.697701206	0.705258083	0.713511452	0.720389207	0.725606654	0.728958452	0.731465067	0.733483007	0.734802481	0.737919573	0.740717875	0.744791529	0.750206148	0.754856931	0.757402761	0.755709193	0.754915404	0.75422605	0.755455135	0.754461226	0.755646148	0.754805688	0.754719887	0.753967415	0.754503415	0.75407883	0.754539814	0.753779073	0.754964248	0.754907914	0.755422851	0.755210211	0.75510675	0.753099459	0.753326902	0.751840879	0.75021845	0.749632068	0.747844375	0.746827345	0.747619935	0.74759702	0.746405482	0.744422996	0.74538736	0.743131699	0.745561713	0.744363271	0.742481079	0.742138313	0.739355756	0.737890635	0.739279518	0.738373226	0.734864323	0.733518617	0.733823872	0.731791136	0.727930717	0.72643043	0.726882513	0.726910683	0.726971985	0.727413624	0.72512229	0.719842622	0.721289608	0.717614303	0.719516637	0.716487912	0.716944787	0.710468032	0.712167186	0.576265362
Hv_-N+Fe	Hv	-N+Fe	6.521	0.14693548	0.133871503	0.126696843	0.124342264	0.121028721	0.122397331	0.12257613	0.124615775	0.126143596	0.128021113	0.129633766	0.130921181	0.130955302	0.130460837	0.129582221	0.127679272	0.125631107	0.122946903	0.121304347	0.122113438	0.125694743	0.128478723	0.130175079	0.129244343	0.128109015	0.127078676	0.126115664	0.124647592	0.123196498	0.121770511	0.120973315	0.120393735	0.121150799	0.12262948	0.125258991	0.129388262	0.135026895	0.142398169	0.152067167	0.163588154	0.177060656	0.191613215	0.206824427	0.22181697	0.236187376	0.247879171	0.257060069	0.263616775	0.268122423	0.27111865	0.273328543	0.275313715	0.275860605	0.277155342	0.27748215	0.276069594	0.272784742	0.268095844	0.262035993	0.254770118	0.246782094	0.238801293	0.231545195	0.225136717	0.2198094	0.215221863	0.211295053	0.208267897	0.206062635	0.203965673	0.201204707	0.19866134	0.194960899	0.190733307	0.18580267	0.181199173	0.176839577	0.173504005	0.171591323	0.169939135	0.168136026	0.166422484	0.163263238	0.158996162	0.152979708	0.146104317	0.140276402	0.134901456	0.130829078	0.126525072	0.120716323	0.113730696	0.107482863	0.102327584	0.099043914	0.097316241	0.097324631	0.099054946	0.10494525	0.116665613	0.137743281	0.166818535	0.201689348	0.237387827	0.27240917	0.303584249	0.32963	0.352371466	0.372530507	0.389699474	0.406816055	0.423443756	0.434835514	0.446929006	0.458049488	0.468304066	0.477219971	0.48681858	0.497907326	0.50945006	0.523973612	0.540571436	0.560987902	0.581408372	0.604940394	0.628722216	0.650248898	0.668739413	0.684747887	0.697224971	0.707733279	0.716636757	0.724276918	0.731097223	0.73650015	0.741047328	0.74378221	0.745598508	0.746880419	0.749605822	0.752787166	0.754587507	0.759288866	0.761734414	0.762806453	0.762396824	0.762113117	0.762239312	0.763334861	0.763803015	0.764004071	0.763214931	0.763192186	0.762087231	0.762742768	0.762773463	0.762562544	0.762357147	0.762324864	0.76198949	0.761970001	0.762118794	0.761219627	0.759809448	0.759516352	0.757906652	0.756374723	0.755893868	0.753946235	0.753835611	0.754201743	0.753221374	0.752702486	0.751425816	0.752238362	0.748903392	0.750794544	0.749102707	0.748146518	0.747221825	0.744276	0.743549571	0.744072191	0.742956944	0.738918671	0.738066168	0.737906764	0.734409111	0.731620592	0.730532325	0.729855605	0.730652798	0.730039237	0.730367396	0.728264324	0.724413081	0.726009323	0.723462952	0.725039129	0.722227043	0.723529422	0.71643015	0.719561542	0.5832675
Hv_-N+Fe	Hv	-N+Fe	3.11	0.155114707	0.143754537	0.135398034	0.13277759	0.128296463	0.12805468	0.12571597	0.124938052	0.125511042	0.125942771	0.127810622	0.127831484	0.126361656	0.125021451	0.12450719	0.122011715	0.119343454	0.115967845	0.114252762	0.11462712	0.117066438	0.119585899	0.120185853	0.118969225	0.117119644	0.115902307	0.11389755	0.111920704	0.110082409	0.108521556	0.107353342	0.106824642	0.107388352	0.108801998	0.111523435	0.115496265	0.120716158	0.127069575	0.135689005	0.145226	0.156446387	0.168853442	0.181130962	0.193411079	0.20519559	0.214558783	0.2224152	0.227677349	0.232513743	0.235286097	0.237061908	0.238809033	0.239602705	0.24074181	0.240855367	0.23959042	0.237559963	0.233657818	0.229876942	0.224338402	0.218550505	0.212601953	0.207144647	0.202009251	0.197670437	0.194074384	0.191029825	0.188829365	0.186625354	0.184801604	0.182596661	0.180607519	0.178145269	0.174864087	0.171092738	0.167444671	0.163908714	0.16146291	0.160033377	0.158630825	0.157357481	0.15642793	0.153828953	0.150038241	0.14431588	0.1384057	0.132795306	0.128252215	0.124999584	0.121628191	0.116722298	0.11082898	0.104496848	0.099690831	0.096728378	0.094813143	0.095093709	0.097620396	0.104563102	0.117839932	0.139071804	0.165699108	0.195643578	0.225074062	0.251198617	0.275072017	0.294315271	0.311180661	0.32560645	0.337018974	0.349920494	0.360838226	0.369069612	0.378863319	0.3880687	0.395179969	0.403266498	0.411614973	0.422057681	0.432758523	0.44846942	0.464981363	0.487422019	0.510410198	0.535857213	0.560945393	0.585783282	0.607574717	0.625430603	0.640497684	0.652500708	0.66328992	0.671406139	0.678851221	0.684349404	0.689053486	0.692347791	0.694440993	0.696698997	0.698896189	0.701842315	0.7031979	0.707151566	0.707479199	0.709317691	0.71007543	0.709538862	0.710473575	0.710876214	0.71079197	0.71120561	0.709415637	0.710215964	0.710515649	0.710529962	0.710035765	0.709238335	0.708903242	0.708667298	0.707518009	0.708305311	0.706924991	0.70662774	0.704240068	0.706171485	0.702545473	0.703427766	0.702485448	0.699867553	0.699407929	0.699828138	0.69945229	0.698508218	0.69713616	0.697123645	0.694492042	0.69621042	0.695544251	0.69311375	0.694983002	0.69184536	0.692721353	0.692356343	0.692450528	0.689615282	0.68933241	0.689389312	0.687414556	0.686200802	0.684767727	0.686412614	0.687899682	0.686994915	0.686668187	0.68597992	0.680535556	0.682058859	0.680304339	0.679938057	0.680099876	0.680814214	0.672587648	0.674057923	0.552166983
Hv_-N+Fe	Hv	-N+Fe	0.882	0.153450552	0.141222062	0.133740003	0.129262804	0.126954769	0.125173933	0.124710755	0.123403272	0.123838655	0.124453612	0.124276819	0.123517736	0.122098378	0.120846352	0.119778239	0.117886731	0.115623696	0.112928228	0.111857995	0.112792638	0.115851056	0.118475565	0.119596981	0.118747948	0.117534022	0.116639062	0.11567553	0.114101477	0.113252482	0.112204291	0.111356169	0.111224896	0.112027094	0.113541308	0.1162557	0.120021694	0.125490438	0.13265025	0.141932878	0.152839615	0.165618798	0.179542936	0.194224078	0.209333815	0.22322644	0.234966524	0.243883546	0.250610208	0.255467772	0.258668586	0.261054849	0.262662448	0.264339831	0.265649862	0.265537496	0.264020334	0.26125309	0.256610649	0.250964425	0.244202831	0.236643036	0.228940269	0.221804766	0.215732943	0.21088298	0.206454957	0.202651659	0.1997166	0.197545615	0.195592173	0.193448182	0.191140599	0.187639759	0.183560327	0.178620345	0.174050403	0.170022339	0.166858129	0.164754666	0.163231282	0.16277959	0.161534559	0.159194109	0.154740459	0.148882897	0.142422099	0.136344993	0.131180317	0.127152377	0.122781934	0.117076259	0.110461719	0.104527945	0.099492959	0.096529603	0.094939485	0.094901356	0.096997209	0.10274804	0.11492543	0.135625436	0.164255516	0.198261201	0.234030323	0.268115369	0.299288853	0.325672985	0.348238648	0.368144337	0.384757673	0.40124623	0.414771718	0.42869664	0.440726447	0.452360911	0.461799669	0.471461418	0.480818797	0.492154217	0.503320886	0.517518978	0.533173242	0.553522974	0.57393821	0.595590927	0.618160347	0.639410056	0.658075421	0.673208016	0.685833954	0.696788744	0.705926534	0.712773185	0.717490876	0.722563704	0.726173048	0.729479493	0.732126443	0.734155951	0.736779093	0.739331735	0.740539036	0.742006063	0.742512329	0.745404702	0.746298158	0.746286023	0.74653816	0.748277424	0.747988681	0.748761433	0.748741215	0.749330886	0.749010187	0.749333299	0.749719034	0.749332071	0.748116233	0.748656446	0.747767294	0.748176738	0.746085449	0.74668899	0.744600661	0.745625862	0.743746154	0.744097873	0.74355244	0.741913452	0.740962403	0.741082723	0.740516701	0.739166953	0.737743899	0.736576439	0.735516465	0.736371531	0.736027792	0.733894915	0.734298221	0.731398331	0.730559919	0.732183582	0.731013329	0.728331402	0.726955825	0.727806128	0.72455781	0.721167463	0.720243001	0.720030722	0.720614921	0.72027879	0.721245451	0.719080161	0.715858908	0.716933615	0.715061832	0.715608894	0.713367097	0.714404935	0.70934055	0.710615022	0.579295345
Hv_-N+Fe	Hv	-N+Fe	8.526	0.143351897	0.133397439	0.12275581	0.118622393	0.116885449	0.117614887	0.115960802	0.115611675	0.117125136	0.116566091	0.11688088	0.117343802	0.115352036	0.114047988	0.112442655	0.111082104	0.108891857	0.106275223	0.105023113	0.105920614	0.109328941	0.111807438	0.112496243	0.111735989	0.110905751	0.109959361	0.109168865	0.107349798	0.106593306	0.105457679	0.10475789	0.10470264	0.105841667	0.107790637	0.110584623	0.114426366	0.119980222	0.127300724	0.136369288	0.147157784	0.159939913	0.174020842	0.18855533	0.203145939	0.216512807	0.227563406	0.236410387	0.242883675	0.247794411	0.250347266	0.252434502	0.254279498	0.255801933	0.256090026	0.256083088	0.25480621	0.252005456	0.247671213	0.242236863	0.235431435	0.227676495	0.220455302	0.213409936	0.207889307	0.202877401	0.198356646	0.194652869	0.191949104	0.189569821	0.188012338	0.18598361	0.183647846	0.179950635	0.175558184	0.170771065	0.166051457	0.161903615	0.158405984	0.156432997	0.155607228	0.155690451	0.155013293	0.152929594	0.148465482	0.143157487	0.136546121	0.130173568	0.12513715	0.120981643	0.116527206	0.111212803	0.104713987	0.09837173	0.093802055	0.090621434	0.088979498	0.088925012	0.090741746	0.09690904	0.108722166	0.12862456	0.156291736	0.189890838	0.224327975	0.257371851	0.287306243	0.312545898	0.333588155	0.352822014	0.369032979	0.381938883	0.396963236	0.4102762	0.422204056	0.432089534	0.442198209	0.451295003	0.461251359	0.472102813	0.483477176	0.496491643	0.512296719	0.531245287	0.550750454	0.572499132	0.595213846	0.617557516	0.635256198	0.65222081	0.664787304	0.675784301	0.683455022	0.69057094	0.695437306	0.700436563	0.704256117	0.707950733	0.711020147	0.713095288	0.715602068	0.71619336	0.715501091	0.715073936	0.717027501	0.718988955	0.72118211	0.722408098	0.722139298	0.723973228	0.725092411	0.727169436	0.72679924	0.727870089	0.727258403	0.727463969	0.726994685	0.727430795	0.725968316	0.725679437	0.723886654	0.725267212	0.723532815	0.724123141	0.722295237	0.72421792	0.722777959	0.721957618	0.722557167	0.719761096	0.720067774	0.718950028	0.718869524	0.716230191	0.714314597	0.714423336	0.711932089	0.713430895	0.712758174	0.712263252	0.712834439	0.709740545	0.709540035	0.710608695	0.709184907	0.706249119	0.704386635	0.704283449	0.701779027	0.699784707	0.697658458	0.698397303	0.698594182	0.696915916	0.6977382	0.697787268	0.693318796	0.69564013	0.693318542	0.695265249	0.693397399	0.694103573	0.686856944	0.689875434	0.560535398
Zm_-N+Fe	Zm	-N+Fe	20.215	0.164289182	0.149633985	0.137162003	0.129782579	0.124224074	0.120386262	0.116750287	0.114459337	0.11148926	0.110114637	0.108799017	0.107148976	0.105401281	0.103360857	0.101635786	0.098977025	0.096208988	0.092759069	0.090506243	0.090104237	0.091900055	0.094105271	0.095844386	0.095891745	0.095679299	0.095576154	0.095318737	0.094648428	0.093710246	0.093019059	0.092113339	0.092170312	0.092104561	0.09283528	0.094081187	0.096270447	0.099170773	0.103409764	0.109120805	0.116219531	0.125263129	0.135623737	0.147107705	0.158823167	0.170540946	0.180958315	0.189880165	0.196908447	0.202542082	0.206945052	0.210618326	0.213534118	0.215788723	0.218409295	0.22041228	0.221762268	0.22162656	0.220501171	0.218750553	0.216263325	0.213322256	0.210544702	0.207959662	0.205655451	0.20419994	0.203065686	0.202610342	0.202561787	0.202733465	0.202904658	0.202652923	0.202779439	0.202387406	0.20164109	0.200476462	0.199565001	0.198554636	0.19833154	0.199062782	0.200028163	0.200433145	0.200437824	0.199300372	0.196965966	0.192586435	0.187628985	0.183345658	0.179671645	0.177174404	0.174282558	0.169943868	0.164051028	0.158509447	0.154187021	0.151782712	0.150868706	0.151948591	0.154934372	0.161698819	0.174005304	0.193191856	0.218460091	0.248510048	0.279797432	0.310374172	0.337980238	0.361402899	0.382874734	0.401743995	0.418917407	0.43630032	0.453078795	0.464720755	0.476405265	0.487920937	0.498281649	0.507256271	0.516660328	0.5281952	0.539683797	0.554358961	0.570601731	0.591028665	0.612738102	0.637462532	0.660086136	0.679594562	0.695936953	0.710695939	0.723366375	0.73372123	0.742064331	0.750332117	0.757099826	0.762485084	0.767261629	0.769915447	0.77218236	0.773999186	0.777080472	0.780404625	0.783870227	0.789181369	0.792173383	0.794422716	0.794545619	0.794494645	0.794808106	0.79628444	0.79537769	0.796202033	0.795483015	0.796179553	0.795680392	0.796783467	0.797313077	0.797319084	0.797248975	0.798189843	0.798291787	0.7991218	0.798967413	0.798727271	0.797454869	0.797943762	0.79579168	0.794906056	0.794665021	0.793952357	0.794879566	0.79534958	0.795143486	0.795007794	0.79415955	0.794872111	0.793051086	0.793973771	0.794009221	0.791916046	0.792792351	0.790534769	0.7903894	0.791639161	0.789888839	0.786300668	0.785525936	0.785321504	0.781590539	0.777388626	0.776644616	0.776191073	0.776639046	0.775072363	0.775312209	0.774584221	0.770769965	0.772454453	0.769882974	0.771710338	0.76972363	0.770153359	0.765015268	0.766814535	0.624954041
Zm_-N+Fe	Zm	-N+Fe	21.291	0.153066383	0.136853624	0.123454389	0.117117889	0.111787167	0.108756702	0.106128439	0.105637718	0.10441666	0.104706866	0.103737479	0.102426602	0.10114579	0.099363578	0.097896592	0.095494224	0.093379476	0.091101602	0.089836579	0.090194694	0.092797355	0.095718094	0.097085418	0.097040137	0.096656061	0.096289477	0.096099852	0.095797419	0.095165074	0.094604609	0.094339153	0.094863465	0.095472136	0.096726822	0.099062058	0.102375615	0.106906478	0.113214599	0.121450712	0.131460699	0.143481928	0.157025066	0.171777841	0.186530823	0.200390081	0.212154591	0.221331118	0.227975728	0.23308699	0.236676539	0.238868652	0.240632951	0.241908779	0.243147106	0.24310348	0.242139341	0.239396404	0.234496008	0.228873945	0.221636877	0.214058845	0.206333966	0.199250609	0.193101778	0.188145156	0.184014901	0.18111315	0.178831951	0.17681381	0.17522385	0.173216759	0.170998227	0.16766623	0.163638233	0.158895158	0.154104887	0.150093586	0.146966932	0.144928087	0.143821552	0.143363763	0.142477338	0.140540016	0.136761049	0.131516398	0.125707387	0.119938987	0.115176945	0.111352217	0.10692459	0.101360136	0.095216862	0.090067584	0.086223604	0.083958739	0.083042893	0.08327901	0.08492176	0.089348789	0.098223967	0.113998728	0.137808949	0.16901987	0.204350364	0.240511311	0.275330835	0.306248655	0.334742102	0.360485485	0.383682583	0.407719003	0.426999737	0.445248813	0.462044358	0.477317105	0.489385255	0.501308254	0.512539728	0.525320745	0.53808812	0.553122994	0.569954796	0.590629365	0.61313096	0.637210095	0.660167072	0.679402001	0.697046332	0.712020549	0.724746289	0.735774613	0.744705071	0.752083868	0.758053262	0.763391516	0.767511126	0.771296726	0.773636344	0.776446896	0.779387909	0.782363285	0.784876087	0.789159205	0.789517757	0.792197453	0.793092094	0.793743908	0.794082897	0.795511427	0.795801757	0.795992594	0.79583222	0.7965633	0.797112507	0.797666687	0.797775621	0.797882739	0.797181451	0.79832493	0.798410141	0.798387206	0.79668769	0.797655325	0.795183748	0.796644252	0.794931362	0.79494533	0.794805816	0.794014874	0.794861348	0.794679454	0.795325974	0.794595458	0.794060433	0.793562141	0.792301454	0.793487919	0.793176643	0.791819903	0.793471813	0.791347329	0.791397051	0.792979335	0.791580379	0.788203314	0.787141281	0.787508216	0.783575949	0.780835668	0.778772152	0.779360374	0.779755574	0.777470944	0.779349339	0.777656938	0.774874929	0.776007065	0.774958042	0.77551221	0.774951951	0.775856838	0.770031588	0.77364712	0.627731884
Zm_-N+Fe	Zm	-N+Fe	12.647	0.158906121	0.142716236	0.129885045	0.122048273	0.116827334	0.113192777	0.109966017	0.107781098	0.104732853	0.103740098	0.101774115	0.1000823	0.098249522	0.096721841	0.095354035	0.093227024	0.090955977	0.088278491	0.086616716	0.086385112	0.087953176	0.0896574	0.090099309	0.089756774	0.08937646	0.089115581	0.088776073	0.08782852	0.086894424	0.085818185	0.085109411	0.084837553	0.084946118	0.085339634	0.086496879	0.088324145	0.090992339	0.094766584	0.099871118	0.106678435	0.114903018	0.125397746	0.136921728	0.14908328	0.161093754	0.172527937	0.182626253	0.191003329	0.19813222	0.203399865	0.208400295	0.212278942	0.215723411	0.218401148	0.220706872	0.222561893	0.223754884	0.223655092	0.22320806	0.222062688	0.220130013	0.218182105	0.216510565	0.214962496	0.214026436	0.213407037	0.213333453	0.213732162	0.214162558	0.214922529	0.215504077	0.2158098	0.215173522	0.214035383	0.212186267	0.210528204	0.208995743	0.207994517	0.207968671	0.209291252	0.211524247	0.212717317	0.212783938	0.21043199	0.206930358	0.201971053	0.196623982	0.192081124	0.188031506	0.18293699	0.175813533	0.167538669	0.159447642	0.152919595	0.148856802	0.146589246	0.146402286	0.14925594	0.156711958	0.170712634	0.192556964	0.220407083	0.252541681	0.284467692	0.315071671	0.342089626	0.364519141	0.383311854	0.399782497	0.414146322	0.426053918	0.437700872	0.450547417	0.460378327	0.468859328	0.476752163	0.484524564	0.493156669	0.502740449	0.513183926	0.52642591	0.542018139	0.560218719	0.580800132	0.603075897	0.624267763	0.643343074	0.660273361	0.675123857	0.687888065	0.69905062	0.706737864	0.714320453	0.719319277	0.725069358	0.728546984	0.732701499	0.735850006	0.739059365	0.742384905	0.744879863	0.745732353	0.74632375	0.74863519	0.75154075	0.753452046	0.754251378	0.755198595	0.756463064	0.757022065	0.758489204	0.758937821	0.760612932	0.761016698	0.762428074	0.762819138	0.762969055	0.760276433	0.761720579	0.761137982	0.761827735	0.76067802	0.761472149	0.760109733	0.761611642	0.760295661	0.760140797	0.76058804	0.759723957	0.760698776	0.760538713	0.760649716	0.759401321	0.758080333	0.757565737	0.755761393	0.756985274	0.757352175	0.75677109	0.757174028	0.756381126	0.756460991	0.757595506	0.756009234	0.753298252	0.750915325	0.750216003	0.746212616	0.74237572	0.740651518	0.739760437	0.74037528	0.737716698	0.739792448	0.739254391	0.736499731	0.73910206	0.73777236	0.7394081	0.739658442	0.740319101	0.734700147	0.73745525	0.602762707
Zm_-N+Fe	Zm	-N+Fe	15.578	0.159302429	0.145345009	0.134614732	0.126374736	0.122432386	0.119499128	0.115901384	0.113897865	0.111589799	0.110774104	0.109403887	0.108019529	0.106315099	0.104929782	0.103558444	0.101323631	0.098666812	0.095726525	0.093786549	0.09345894	0.094960548	0.097347408	0.099283182	0.099717424	0.10015506	0.100295802	0.100290872	0.099813115	0.099112641	0.097994497	0.097485986	0.09796443	0.098391051	0.099610234	0.101564091	0.104399753	0.108376958	0.114362617	0.121542205	0.130680754	0.142057923	0.155228283	0.169523082	0.18347304	0.197259828	0.209805398	0.221218767	0.230114654	0.237542701	0.243106546	0.248073278	0.252177727	0.255547123	0.257887005	0.26002575	0.261924619	0.26340176	0.263907592	0.263913186	0.263398772	0.262097331	0.260690203	0.259852111	0.25924982	0.258663574	0.258496758	0.258652929	0.258968608	0.259322577	0.259957433	0.260216956	0.260294863	0.25986386	0.258710927	0.257185668	0.255684019	0.254243138	0.253064297	0.253181588	0.255525477	0.257728626	0.259437616	0.259274297	0.257080413	0.254097348	0.249319839	0.244158803	0.240814983	0.23764452	0.234251601	0.228803834	0.222433635	0.215982022	0.210773307	0.207665017	0.205822995	0.206614597	0.209831262	0.21762102	0.230773069	0.250452979	0.273734588	0.299686566	0.324278186	0.347388326	0.36778082	0.384142251	0.398180047	0.410410665	0.419911014	0.426763683	0.438965623	0.448402719	0.456313467	0.463184202	0.469786365	0.476787259	0.483970767	0.4932125	0.503597949	0.515836208	0.531322109	0.549578126	0.569572172	0.591600006	0.61216827	0.632328318	0.649251712	0.665081558	0.677224795	0.688596376	0.695832713	0.702497383	0.707509785	0.713007191	0.717434042	0.721056003	0.724349734	0.726811738	0.729583853	0.730923591	0.730961805	0.729972181	0.733493563	0.735688842	0.738407621	0.739458987	0.740291215	0.741835038	0.742115189	0.744346917	0.744391647	0.746474293	0.745675443	0.746666278	0.746586812	0.746767229	0.745048149	0.746568988	0.745378638	0.74634002	0.745722967	0.745938164	0.744568021	0.745968154	0.745531341	0.744610813	0.745740302	0.7442769	0.745170647	0.743980782	0.743444188	0.742994943	0.74075445	0.740973229	0.739117637	0.740504363	0.740146924	0.740128924	0.741152527	0.739940471	0.73987195	0.741899653	0.740522657	0.737394566	0.735775111	0.735511342	0.731481265	0.728402779	0.727071766	0.726945645	0.727842424	0.726765823	0.728151975	0.728142432	0.724778536	0.727609367	0.724916651	0.72642426	0.724855835	0.726391596	0.719893219	0.722060058	0.590551092
Zm_-N+Fe	Zm	-N+Fe	13.529	0.152227852	0.136324591	0.126924424	0.119081894	0.116674847	0.113090025	0.110969547	0.109103026	0.106463893	0.105898892	0.104768655	0.103925302	0.102046555	0.100736045	0.099755277	0.098268836	0.096283733	0.093718167	0.092360138	0.092274313	0.094291218	0.096279139	0.097802154	0.097648017	0.098065173	0.097643829	0.097683029	0.096704897	0.095639071	0.095376762	0.094360605	0.094796156	0.095356337	0.096490208	0.098261678	0.101015524	0.104917251	0.110393141	0.116903267	0.125060924	0.135054922	0.146432774	0.158939522	0.170927336	0.182483023	0.192865213	0.202136052	0.209444821	0.215426403	0.219902587	0.224010717	0.227946383	0.230110696	0.231850456	0.2339058	0.235674845	0.236373878	0.236727199	0.235880753	0.234686838	0.232334191	0.230942829	0.229297087	0.228028719	0.22734701	0.226361545	0.226156409	0.225714536	0.226148451	0.226125233	0.226449413	0.225832561	0.224948166	0.223465461	0.221420669	0.21993529	0.218263496	0.217000026	0.218238249	0.220695952	0.222903543	0.22471775	0.22360056	0.220862527	0.216144402	0.209492776	0.203684398	0.199043824	0.196120309	0.192828123	0.188125392	0.181935643	0.175859687	0.171019875	0.168144025	0.166475348	0.167274939	0.170610391	0.179216587	0.194241734	0.216606522	0.243406489	0.271730065	0.299613494	0.325273452	0.347776284	0.366088085	0.38141867	0.394886278	0.403463792	0.413444831	0.424540019	0.434917281	0.443008649	0.449147093	0.4569937	0.464221088	0.471149308	0.480192841	0.490511473	0.502591376	0.516691889	0.534185064	0.553592214	0.575677406	0.595337704	0.614550305	0.631657093	0.647913539	0.65951872	0.670413722	0.678356093	0.684871569	0.690623259	0.695096657	0.700088241	0.703759305	0.706676818	0.708606821	0.711588558	0.711232613	0.70946062	0.710598073	0.713508245	0.717386774	0.719162322	0.721418766	0.721982337	0.724574552	0.724307418	0.726059692	0.726433615	0.728335452	0.727074864	0.728955231	0.7289004	0.728125733	0.72779131	0.726608758	0.726533698	0.726732881	0.726981333	0.726902003	0.726096512	0.72668759	0.726815897	0.725949151	0.726318115	0.725394652	0.725333127	0.725184888	0.723074019	0.723284803	0.720351329	0.721729429	0.719330571	0.721247842	0.721338099	0.721127826	0.722042681	0.720665164	0.720513481	0.722414736	0.720613434	0.717360191	0.714727766	0.715211501	0.712242464	0.708906328	0.707017809	0.707732249	0.707375199	0.707324203	0.707630072	0.706808591	0.704575847	0.707468928	0.703572395	0.705622123	0.704409366	0.703958866	0.698419011	0.70000693	0.58485406
Zm_-N+Fe	Zm	-N+Fe	14.937	0.140886292	0.12478617	0.116081338	0.109571536	0.10551724	0.103743123	0.100684505	0.100418132	0.098637457	0.098449839	0.096761264	0.095323659	0.094477359	0.093647439	0.092536892	0.090674767	0.08928814	0.086945106	0.08507053	0.085325152	0.086954213	0.088540679	0.089546793	0.089339158	0.089277398	0.089153655	0.088716421	0.088003799	0.086818146	0.086498012	0.085538727	0.08563603	0.086286954	0.087369343	0.088989173	0.091189338	0.094857955	0.099649869	0.105757022	0.113335694	0.122486646	0.133050887	0.144324292	0.155127579	0.165796679	0.175750833	0.184397696	0.191094326	0.196832803	0.20127839	0.204789555	0.208075034	0.210335427	0.212275861	0.213967639	0.216084759	0.217151046	0.217629661	0.217650719	0.217212625	0.216384976	0.215603503	0.215177106	0.214779819	0.214831128	0.214720898	0.214982391	0.215571884	0.216634345	0.217381512	0.218181259	0.218709456	0.218856126	0.218279368	0.21749765	0.216847585	0.215955174	0.21590309	0.218685758	0.222130737	0.22537994	0.228085794	0.227829255	0.226440038	0.223185596	0.217417893	0.21244909	0.208588767	0.205896437	0.202368705	0.197422782	0.190520189	0.184011963	0.17832412	0.174486111	0.172426248	0.172900774	0.175920623	0.184625267	0.19899578	0.220752124	0.247722371	0.276714986	0.304447983	0.330147774	0.352267328	0.369784584	0.384805126	0.396213587	0.403858581	0.415511894	0.425376465	0.43498226	0.442649623	0.449046047	0.456221539	0.462486519	0.469206547	0.478002019	0.485947307	0.498087952	0.51099652	0.526941827	0.544782936	0.564779109	0.58271722	0.600967661	0.617054506	0.630534294	0.642177491	0.651752698	0.659302707	0.665238273	0.669317271	0.675565819	0.679614947	0.682663025	0.685995408	0.686827764	0.688479792	0.688048292	0.685918752	0.686929072	0.69058001	0.693715725	0.695918608	0.697438565	0.698416324	0.701360884	0.700878202	0.702138196	0.702233365	0.703521987	0.702341169	0.703661717	0.703140068	0.702522244	0.702189661	0.702764979	0.702543675	0.702380555	0.701188344	0.701947392	0.70159398	0.702354219	0.702263829	0.700217787	0.700449014	0.699663206	0.698513631	0.698631465	0.698084693	0.697354472	0.695386634	0.695513934	0.693012154	0.695826881	0.694471047	0.694350461	0.695185523	0.693708378	0.692569123	0.693994464	0.691403369	0.688166479	0.685755159	0.685308005	0.681843317	0.677970123	0.675084467	0.676480302	0.675402015	0.675646737	0.676135734	0.675559936	0.670725157	0.672922914	0.669878062	0.672568171	0.670379541	0.671777302	0.666421215	0.668911994	0.602213882
Zm_-N+Fe	Zm	-N+Fe	37.827	0.14007383	0.127585571	0.116076934	0.108468083	0.103319204	0.101142992	0.098746139	0.098156007	0.098064566	0.098242037	0.09779173	0.097527578	0.097112458	0.095356239	0.094229144	0.092157025	0.090262059	0.087939074	0.086417259	0.086210043	0.088319727	0.090718859	0.092102196	0.092222426	0.091849289	0.09147601	0.091315417	0.090856211	0.090139054	0.08934202	0.089168831	0.089600974	0.089951078	0.091405156	0.093018577	0.096067663	0.10016313	0.105801389	0.112911262	0.122266192	0.133201945	0.146002673	0.159508111	0.172897	0.186014788	0.197751674	0.207190396	0.214270838	0.219528289	0.22316229	0.226196266	0.228424797	0.230746416	0.23233738	0.233563844	0.233795222	0.23144152	0.228431428	0.223771951	0.217930431	0.211583595	0.205825315	0.199979005	0.195352994	0.191155209	0.187987454	0.185628197	0.183911809	0.182171771	0.181009951	0.179251516	0.177278029	0.174459284	0.170825227	0.167120037	0.163359495	0.160156451	0.158026181	0.15678955	0.156218783	0.155571514	0.153333507	0.150137239	0.14547164	0.139304117	0.132420859	0.126175884	0.121461701	0.117336024	0.113101353	0.107592576	0.101166854	0.095459319	0.091272366	0.088974191	0.087799835	0.088313183	0.090459254	0.09615954	0.107045939	0.126256539	0.154022245	0.189438658	0.22826547	0.2669013	0.301929385	0.332265572	0.359362691	0.383668331	0.405571063	0.426925738	0.446319904	0.464235046	0.476478095	0.484967487	0.496743438	0.507264789	0.516635812	0.528399241	0.539807675	0.553308133	0.56849875	0.58724756	0.608061651	0.6311097	0.651920719	0.670901774	0.686128438	0.700197303	0.71242803	0.722881964	0.730196621	0.737641464	0.743951581	0.749520993	0.75281199	0.754638984	0.756638791	0.757747818	0.761328833	0.765117234	0.770852403	0.778202288	0.785083319	0.789059225	0.788601365	0.785381457	0.784110019	0.784269081	0.782900457	0.782786049	0.782779873	0.783080595	0.781853717	0.783176827	0.783306456	0.783080872	0.781987697	0.783165823	0.782793983	0.783956635	0.782876401	0.783848891	0.78243904	0.781564372	0.78018758	0.778931358	0.778010799	0.777804951	0.778806347	0.778509854	0.778754141	0.779040764	0.778056094	0.778760384	0.776077595	0.777540377	0.77612202	0.775384833	0.775512591	0.772906568	0.772851365	0.775023359	0.771403451	0.769714926	0.767256749	0.768640707	0.764681083	0.760943606	0.759413258	0.759510564	0.759010539	0.758172358	0.757869983	0.755174854	0.750878462	0.752364309	0.748917094	0.749675467	0.746730328	0.747288788	0.74148527	0.744155591	0.647716921
Zm_-N+Fe	Zm	-N+Fe	13.415	0.161300265	0.143651992	0.133628632	0.128142234	0.121845927	0.119148748	0.117603061	0.114851326	0.113289875	0.112722735	0.111859491	0.111224014	0.110356048	0.108802744	0.107080037	0.105131531	0.102553111	0.099341749	0.097041976	0.096426685	0.098094609	0.099929409	0.101468233	0.10144893	0.101476204	0.101171614	0.100963344	0.09978945	0.098716996	0.097394778	0.096751913	0.096582944	0.096433198	0.097378797	0.098854517	0.101452814	0.105212382	0.110232151	0.116490888	0.123958965	0.132818505	0.142603141	0.152604022	0.161851774	0.170653028	0.178379229	0.184792697	0.1896287	0.193706285	0.197182596	0.200215587	0.202473442	0.204381928	0.206518572	0.208706721	0.210681668	0.211961497	0.212664686	0.213079771	0.213550619	0.213637741	0.214249422	0.214779327	0.215397182	0.216144423	0.217324052	0.218963603	0.220833547	0.222401449	0.22402631	0.225432248	0.227028265	0.228771854	0.230072503	0.23141682	0.233216831	0.23486694	0.236767313	0.239803678	0.242933718	0.244811953	0.245927635	0.245629837	0.243718187	0.239217578	0.233429517	0.228593763	0.224906821	0.222160848	0.219479368	0.214712178	0.207915806	0.201224385	0.1958052	0.192772394	0.191700599	0.193505289	0.198334438	0.209724105	0.229560582	0.257817521	0.290944234	0.324561751	0.354603685	0.380118223	0.400934293	0.416318237	0.430044828	0.440468624	0.449625093	0.459277405	0.469993803	0.475860439	0.479787457	0.486889582	0.49335304	0.499035254	0.506390597	0.515879143	0.525760149	0.539390815	0.555439795	0.576117641	0.598085999	0.624614227	0.647665912	0.668348809	0.685533552	0.701546868	0.714666858	0.725510271	0.734203496	0.743150635	0.750739541	0.756820768	0.761600927	0.765014826	0.766694795	0.768528519	0.772206674	0.775746316	0.780844645	0.786232037	0.791130877	0.793782464	0.793011422	0.793210674	0.792295744	0.79352005	0.79286388	0.79354025	0.793095682	0.793763175	0.792789914	0.794083261	0.794391191	0.794695985	0.793893353	0.795593681	0.796006266	0.796361852	0.796313472	0.796300179	0.795353644	0.795740396	0.794250702	0.792605939	0.793237051	0.792383355	0.793741433	0.794451743	0.794043752	0.794410025	0.792813682	0.794080794	0.792433837	0.793589452	0.793034353	0.791737222	0.792404552	0.790423051	0.791084593	0.791757781	0.790947579	0.788318293	0.787326537	0.786647879	0.784490919	0.780955796	0.77889282	0.78007838	0.77977963	0.779107923	0.779789149	0.778903956	0.773543799	0.77649553	0.772942361	0.773659962	0.771387675	0.772466563	0.768143244	0.770983022	0.626430955
Zm_-N+Fe	Zm	-N+Fe	15.305	0.162231164	0.144350959	0.132789767	0.125751163	0.118715792	0.11438305	0.112614182	0.109880426	0.10814238	0.107566843	0.106421896	0.104854941	0.103848136	0.101953094	0.099900594	0.097913908	0.094871302	0.091272897	0.088989098	0.087896327	0.08878951	0.090279023	0.091188631	0.090717369	0.090061609	0.089234472	0.088242496	0.086832424	0.085281858	0.083483036	0.082483691	0.081651636	0.080643648	0.080391716	0.080643758	0.081221748	0.082635251	0.084765346	0.087874982	0.091813175	0.096872714	0.102880807	0.108988831	0.115232717	0.121367996	0.126822752	0.131284059	0.135093419	0.138318418	0.140770507	0.142940768	0.145149409	0.147037094	0.149187704	0.15101873	0.153089801	0.154547235	0.156037277	0.157013172	0.158075544	0.159131212	0.160068392	0.161195481	0.162267162	0.163906888	0.165821275	0.168466396	0.170980037	0.173407583	0.176196145	0.178972449	0.181807954	0.184372355	0.186945168	0.189477924	0.192113083	0.19432615	0.197412168	0.20129559	0.20525904	0.208901163	0.21237173	0.214092671	0.21465382	0.212586411	0.209479134	0.207216094	0.204725918	0.203553248	0.201664559	0.197574049	0.191781848	0.186287251	0.181715356	0.179198047	0.178229661	0.179605275	0.183648213	0.192726073	0.208681418	0.232086584	0.260858128	0.291959486	0.322418085	0.349135831	0.372628335	0.390959874	0.407178979	0.42118813	0.433180591	0.445881239	0.457258938	0.464198628	0.474303586	0.482263585	0.489026753	0.496257004	0.50376136	0.513554011	0.5237435	0.537238999	0.552773775	0.57198434	0.593385064	0.616909032	0.637776205	0.655721965	0.671761928	0.685553471	0.698094673	0.708127844	0.715988328	0.723969286	0.730362333	0.735167031	0.739838463	0.743433588	0.745346473	0.747806726	0.750809172	0.7539573	0.757435833	0.762149515	0.764345517	0.765919646	0.76658816	0.767588535	0.767084807	0.768379294	0.767835498	0.768413522	0.767586048	0.767920053	0.76787794	0.76899324	0.769585667	0.769702674	0.769275509	0.77044601	0.769997008	0.770739561	0.770229881	0.770328136	0.768445323	0.769385578	0.767239085	0.76693209	0.767079963	0.767030162	0.768505338	0.7679724	0.768369681	0.76828881	0.766875206	0.768247152	0.765834707	0.766333389	0.766402819	0.765362234	0.766635975	0.764275147	0.764963664	0.765602636	0.764706293	0.761114784	0.759435101	0.759912725	0.757063172	0.752801299	0.751679221	0.751550772	0.752374603	0.75133373	0.750753813	0.750241004	0.746544486	0.748481767	0.746638159	0.747688964	0.746129975	0.747268341	0.742217319	0.744614859	0.608231649
Zm_-N+Fe	Zm	-N+Fe	19.184	0.177563813	0.163364307	0.149168689	0.141031819	0.1342168	0.130088109	0.128100876	0.123965678	0.122765463	0.120668448	0.119657831	0.11845186	0.116467514	0.114843758	0.11287054	0.11025908	0.107484601	0.104170633	0.101500737	0.100361468	0.101263948	0.103412495	0.104268246	0.103734092	0.103422557	0.102961741	0.102076972	0.10084544	0.099136912	0.097461178	0.096436221	0.095482891	0.094671656	0.09459597	0.094885436	0.095587538	0.097394099	0.099974673	0.103423286	0.107961474	0.113333593	0.11986804	0.127210717	0.134583719	0.141960043	0.14907286	0.155215414	0.160467318	0.165072829	0.169092281	0.172621077	0.1756295	0.178876192	0.181750509	0.184277753	0.186787474	0.189263134	0.191209827	0.192871349	0.194596098	0.195966294	0.197163511	0.198214166	0.199647711	0.201155735	0.202945962	0.204991146	0.206958829	0.208895477	0.211157384	0.213286757	0.215592523	0.217386954	0.219231985	0.220418901	0.221929994	0.223033653	0.224680132	0.226826965	0.22937171	0.232851483	0.234667626	0.2350769	0.232499553	0.228612242	0.223654509	0.219069227	0.215299301	0.213134704	0.210820815	0.205999542	0.199715075	0.193493897	0.188098765	0.185442406	0.18480201	0.186867894	0.192408262	0.203414216	0.22173861	0.24609576	0.274404826	0.303769948	0.331807463	0.356374331	0.377684625	0.39479729	0.408753359	0.42135095	0.432210159	0.44291848	0.450505141	0.461341362	0.468692289	0.476279487	0.482828749	0.490173987	0.497459801	0.507391854	0.517774354	0.531352953	0.547778172	0.567386068	0.589973719	0.614278619	0.636446126	0.655869827	0.673765183	0.689269208	0.701884638	0.713692325	0.722601119	0.730423241	0.73567143	0.741720374	0.745121092	0.749506298	0.75279265	0.755955443	0.758599482	0.762117419	0.764794248	0.767224452	0.768263248	0.771433779	0.773366139	0.77341398	0.774194291	0.775212452	0.775235115	0.776035825	0.776264807	0.777284815	0.777733495	0.778904767	0.779400116	0.779037392	0.777489012	0.778273598	0.778187773	0.778555837	0.776366106	0.777737397	0.775554364	0.777653086	0.776015677	0.776097963	0.777065122	0.776870638	0.777529863	0.778009788	0.778035358	0.776505034	0.775866245	0.775967757	0.774258854	0.775659367	0.775228813	0.774362823	0.775982956	0.774161627	0.775246591	0.777498855	0.77617838	0.773354912	0.771700218	0.772939816	0.769295642	0.765745478	0.765129267	0.765214042	0.765010368	0.764034407	0.765487054	0.764450247	0.761820343	0.763051575	0.762047667	0.762766855	0.761582407	0.762271576	0.757013857	0.761734736	0.62401981
Zm_-N+Fe	Zm	-N+Fe	10.836	0.163164814	0.147302318	0.136606632	0.129924185	0.123113997	0.120466326	0.118667383	0.116269955	0.115848187	0.11425015	0.113301877	0.112248584	0.110816725	0.108874169	0.107553895	0.105892409	0.103376529	0.100584766	0.098455536	0.098044284	0.099751666	0.10201699	0.103438344	0.103574058	0.103693713	0.103135358	0.102813022	0.102062311	0.100797441	0.099690913	0.099514333	0.099496728	0.099879945	0.100911193	0.102733442	0.105521405	0.109350673	0.114576153	0.121071503	0.12881386	0.137848144	0.147958938	0.15828742	0.168585986	0.178161089	0.186704797	0.193952276	0.199878623	0.204808382	0.20859012	0.212246649	0.215289802	0.217984441	0.220133567	0.221983605	0.223809558	0.224923638	0.225263597	0.225529801	0.224879746	0.223940267	0.223355397	0.222444821	0.222332619	0.222264072	0.222476826	0.223044504	0.224040918	0.224895911	0.226015751	0.226892203	0.227588703	0.227919505	0.227578538	0.22706951	0.226798663	0.226717466	0.22709432	0.227919694	0.230395404	0.233596809	0.235256863	0.2354676	0.233172176	0.229755758	0.224777977	0.220164487	0.216845367	0.21443969	0.211950232	0.207724187	0.202839245	0.197644237	0.19404674	0.192066839	0.191487755	0.192675656	0.19661353	0.205619629	0.220857529	0.243254829	0.270355902	0.299788048	0.327300425	0.352680142	0.374908458	0.392572973	0.407363104	0.420341618	0.432219768	0.441256635	0.451376216	0.461970553	0.470415378	0.477842053	0.484953311	0.492066279	0.500117305	0.509391477	0.519939887	0.533401239	0.549107971	0.567884537	0.589630456	0.613415136	0.63513795	0.654434747	0.671186691	0.686830464	0.699717155	0.711178128	0.718913185	0.726859923	0.732238783	0.738103748	0.741809827	0.746071811	0.749523454	0.752652043	0.755995257	0.758113882	0.759397105	0.760276305	0.762678042	0.765019646	0.767360431	0.768249981	0.768637715	0.770334679	0.771140442	0.772756205	0.772440901	0.774292572	0.77413888	0.775591601	0.775692652	0.775874936	0.773532405	0.774819921	0.773875577	0.774609009	0.773690241	0.774477336	0.773405243	0.774640279	0.773463916	0.773459913	0.774182539	0.773166182	0.775229142	0.774912012	0.774095443	0.772912158	0.771660468	0.771378145	0.769757369	0.771142374	0.771107153	0.77136837	0.772450538	0.771425565	0.771915389	0.77288155	0.771649381	0.768815545	0.766844846	0.767014064	0.763460411	0.760372623	0.758895469	0.758414535	0.759256906	0.756110636	0.758057227	0.758065273	0.755740476	0.757267376	0.7557916	0.757274854	0.755981101	0.757514628	0.751576124	0.754423376	0.61715313
Zm_-N+Fe	Zm	-N+Fe	22.054	0.146970729	0.130435348	0.118529749	0.111107652	0.103649861	0.101743731	0.099021041	0.097596724	0.097899027	0.097330036	0.096474253	0.096732673	0.095208294	0.093523002	0.092184118	0.090652712	0.088348475	0.086020808	0.084649226	0.084493514	0.086334084	0.088065243	0.088811088	0.088032365	0.087611512	0.086531212	0.085764798	0.084812038	0.083855961	0.082953817	0.082531905	0.082455687	0.08255714	0.083272639	0.084662112	0.086833611	0.090120869	0.094566383	0.100602514	0.107516237	0.116458284	0.126610607	0.13749019	0.148202635	0.158349643	0.167030829	0.174155394	0.179231719	0.182991366	0.185100775	0.186922697	0.188510369	0.189237611	0.189696155	0.189483654	0.189308028	0.187529358	0.184583693	0.180293753	0.175450992	0.169868439	0.164587425	0.159973215	0.155952178	0.152792614	0.150190329	0.14826451	0.146645929	0.145751704	0.144934118	0.144084627	0.142479845	0.140372946	0.137446085	0.133994959	0.130681125	0.127628055	0.125433423	0.124759102	0.125267301	0.12619814	0.126335132	0.124514761	0.12148443	0.116791363	0.11113748	0.106119469	0.102278958	0.099242451	0.095845079	0.091448639	0.086633213	0.082340024	0.079094494	0.077066705	0.076075061	0.076558387	0.077982568	0.082653928	0.09155788	0.107069156	0.129724384	0.158352089	0.190152261	0.223008086	0.253954122	0.281405395	0.305859487	0.329034528	0.347888597	0.366099314	0.38583956	0.402830923	0.41675792	0.428495318	0.440427505	0.450627774	0.460744845	0.472299871	0.483853925	0.497717807	0.513081821	0.531445774	0.551221491	0.573699401	0.594000835	0.612534536	0.628194733	0.643437158	0.655044805	0.665473009	0.672919439	0.679370136	0.684601146	0.689813863	0.69406709	0.69727837	0.700723241	0.702143926	0.705351894	0.705348699	0.704384003	0.704656509	0.707734254	0.710983198	0.713293337	0.714782217	0.715182478	0.71722506	0.716633057	0.717659423	0.718263097	0.720150959	0.718492296	0.720953102	0.719930781	0.719536963	0.718180493	0.719086414	0.71857729	0.718681579	0.717601505	0.718445226	0.717973644	0.719088574	0.718587103	0.717595676	0.718471962	0.717916319	0.717831308	0.718666654	0.717093627	0.715945835	0.714448057	0.715057187	0.712622203	0.714062109	0.713615973	0.713381559	0.714810419	0.713532891	0.713837726	0.715075941	0.713419451	0.710996027	0.708955229	0.709071384	0.706193839	0.702293819	0.701198981	0.70165025	0.701558763	0.701160712	0.701757686	0.701123607	0.698616877	0.700725362	0.697851855	0.699736739	0.696831966	0.698557614	0.693446142	0.695853132	0.571322525
Zm_-N+Fe	Zm	-N+Fe	13.424	0.152777601	0.13835148	0.127093353	0.122909189	0.116276456	0.114173086	0.112892594	0.111143028	0.111142906	0.110835018	0.110432423	0.110890387	0.110337157	0.109518225	0.108951132	0.107130698	0.105080934	0.102063003	0.099203054	0.098245092	0.099314921	0.100808315	0.101884852	0.101845517	0.101683652	0.10099424	0.100402276	0.099464815	0.097788589	0.096034424	0.094413138	0.09368381	0.093176357	0.09277318	0.092781805	0.093761817	0.095190979	0.097361974	0.100453499	0.104519592	0.109534753	0.115650994	0.121797395	0.127688323	0.13395167	0.139641394	0.144338811	0.148707579	0.152044449	0.15488582	0.157886295	0.160007958	0.162459651	0.164776024	0.167033247	0.169752095	0.1717597	0.174332846	0.176547485	0.179335566	0.182065631	0.184931885	0.188086581	0.191221901	0.194261584	0.197196947	0.200468931	0.203790433	0.206939067	0.209959111	0.213230012	0.216817001	0.220542429	0.224645322	0.228858858	0.23373846	0.238817779	0.243692084	0.249386615	0.254441769	0.258512397	0.261410191	0.263968335	0.266659863	0.268501581	0.268805717	0.27017129	0.271336244	0.271913097	0.272537757	0.270905697	0.268053752	0.264487171	0.26156962	0.260275727	0.260523592	0.262302576	0.266421592	0.274976696	0.287610654	0.304060243	0.321429769	0.338568963	0.353442497	0.366350863	0.37718448	0.384554168	0.39123711	0.397134184	0.402839908	0.408544014	0.41589645	0.421608914	0.423624733	0.428817253	0.433966755	0.439863229	0.44628396	0.455821237	0.465888801	0.479576845	0.495214253	0.515220011	0.537747329	0.56357398	0.586211217	0.607229793	0.624884211	0.640900833	0.653571226	0.665600214	0.674154693	0.682859139	0.690172163	0.69644173	0.70082425	0.704243329	0.706913713	0.708400949	0.712201912	0.716561075	0.72216718	0.729225169	0.735150793	0.738863713	0.737815175	0.73676857	0.736611971	0.737674847	0.736691295	0.737864858	0.736961165	0.73778993	0.737113029	0.739151165	0.73830697	0.739243068	0.738793973	0.740580573	0.740752832	0.741877261	0.741562249	0.741912338	0.740056439	0.741221924	0.740109071	0.738885947	0.739208266	0.738987862	0.739951464	0.740363583	0.740829588	0.740842347	0.73971879	0.74123522	0.740187189	0.742170034	0.740726029	0.739201237	0.740664987	0.739920382	0.739200287	0.74078294	0.738786271	0.736696972	0.734919673	0.735230976	0.733242194	0.728759676	0.727874004	0.728112222	0.728017474	0.727912536	0.728309464	0.726719059	0.722865409	0.724687488	0.721174026	0.722887847	0.720521315	0.722015932	0.717711519	0.721125693	0.591869571
Zm_-N+Fe	Zm	-N+Fe	12.659	0.159968619	0.145334788	0.133866165	0.127962858	0.121500367	0.119090466	0.116052333	0.113598971	0.112357682	0.111645662	0.110513348	0.110425082	0.109968799	0.108554126	0.107415577	0.105241747	0.103431709	0.09978813	0.09745917	0.096480199	0.09782336	0.099024644	0.100254743	0.099932632	0.100056668	0.099310452	0.098804304	0.097700577	0.096317029	0.094561416	0.093356126	0.092692195	0.09207938	0.091974385	0.092396305	0.093420981	0.095704118	0.098703221	0.102607232	0.107883195	0.114659515	0.122527765	0.13106822	0.139594146	0.148053801	0.155954487	0.163098021	0.1685915	0.173557173	0.177792557	0.181547912	0.184446932	0.186866467	0.189716234	0.192177488	0.195127071	0.197363295	0.199308244	0.201319276	0.203391349	0.205312264	0.207596456	0.209776416	0.211722816	0.213727212	0.216003362	0.218631331	0.221267921	0.223586734	0.225836923	0.228201269	0.230505595	0.233080521	0.23538237	0.237825823	0.240630118	0.24320219	0.246048013	0.249448469	0.252809649	0.254819964	0.25648238	0.257795028	0.258776372	0.258389956	0.256748521	0.255809662	0.254877885	0.253170466	0.251639155	0.248211718	0.243012003	0.237807522	0.233649529	0.231584396	0.230628154	0.231884329	0.235431852	0.243539371	0.256680638	0.274789593	0.295224776	0.316001122	0.334612689	0.350978553	0.364600796	0.374361061	0.383348588	0.390597052	0.397357121	0.404387369	0.412848258	0.417862541	0.420627184	0.4271533	0.432888718	0.438233592	0.445371063	0.454920688	0.465192468	0.479222019	0.495795532	0.516712766	0.539899676	0.567163918	0.591478608	0.613088902	0.631186847	0.648617402	0.662318789	0.67395051	0.683331395	0.693124605	0.700704906	0.707376939	0.711881597	0.715985561	0.718032683	0.720400594	0.724214077	0.727810912	0.732924181	0.738680986	0.74350436	0.746479978	0.745551646	0.745641279	0.745448755	0.747032955	0.746599614	0.746905451	0.747162259	0.748080646	0.746935545	0.748774324	0.74908648	0.749516861	0.748766291	0.750460893	0.751304515	0.751833461	0.752084799	0.752078087	0.751012088	0.75164588	0.750309973	0.749620698	0.749679308	0.749525659	0.750644208	0.751745742	0.752131083	0.75233023	0.750824307	0.752534333	0.750624374	0.75206152	0.75167127	0.750739481	0.751306065	0.749689935	0.750299682	0.751456125	0.751177783	0.748219707	0.747254085	0.747715908	0.745905653	0.742353106	0.741084692	0.741989142	0.741903836	0.742059019	0.742738585	0.741475695	0.737224373	0.740174276	0.737867058	0.73920395	0.737548433	0.739041946	0.734014995	0.737844219	0.600360143
Zm_-N+Fe	Zm	-N+Fe	15.558	0.163706803	0.147179806	0.13532037	0.130489019	0.123267947	0.119956299	0.117366757	0.114993104	0.113092068	0.112392238	0.111045416	0.110339434	0.109061737	0.108082095	0.107035641	0.104368695	0.102419466	0.099616376	0.097203298	0.096602561	0.097620501	0.09910972	0.100341603	0.100070115	0.099722088	0.099074858	0.098435108	0.097126002	0.095768799	0.094533267	0.093311376	0.093058312	0.092925885	0.093657716	0.094561937	0.096431089	0.099494778	0.103457852	0.108664792	0.115302664	0.123475496	0.132719775	0.142724222	0.152819124	0.162842513	0.172012854	0.179447183	0.185732807	0.190880811	0.194816186	0.198479366	0.201664016	0.203913709	0.206564837	0.2087625	0.210808947	0.21177261	0.212667944	0.213194718	0.213394435	0.213496531	0.213267542	0.213524322	0.213058482	0.213582904	0.214158378	0.215447573	0.216397183	0.217611192	0.218685466	0.219729761	0.220626153	0.221119027	0.221606888	0.221926727	0.222382688	0.222423412	0.222884728	0.224613761	0.226477563	0.227710638	0.228882286	0.228519	0.227683526	0.224216504	0.219786116	0.216276523	0.212347214	0.20938729	0.205712565	0.200088156	0.192849471	0.185753718	0.180065737	0.176503353	0.174780461	0.175497087	0.179154072	0.187984077	0.203609649	0.22639164	0.253236608	0.281510908	0.308288661	0.331506851	0.350862109	0.365695058	0.378618216	0.389836086	0.399193727	0.408983814	0.418669223	0.423779699	0.431797362	0.438649372	0.44435631	0.450805862	0.457999819	0.467477619	0.477668775	0.491084205	0.507357975	0.527725193	0.550397341	0.575768147	0.598646501	0.618628319	0.636532386	0.65218458	0.665867128	0.677444272	0.686341063	0.694887167	0.702450037	0.707904954	0.713029938	0.717236945	0.719126003	0.722124319	0.72552359	0.729326119	0.732733837	0.738285293	0.741198263	0.74292694	0.743234175	0.744837072	0.744421132	0.746088083	0.746032328	0.746535811	0.746462157	0.746828222	0.747093922	0.748006031	0.7488631	0.749192956	0.749233865	0.75046528	0.750417765	0.751553229	0.750326805	0.750750223	0.749544093	0.750605212	0.748596889	0.748370584	0.74842966	0.748719748	0.750710933	0.750843879	0.751083459	0.750897526	0.749905597	0.751609938	0.750135637	0.750710255	0.750939232	0.749423919	0.75075986	0.749711533	0.750792265	0.751834119	0.75113082	0.747915154	0.747667462	0.748087615	0.746177612	0.742803103	0.742095775	0.742568116	0.743713268	0.743124222	0.743854678	0.742440018	0.739269196	0.740637625	0.739065282	0.740042638	0.73859259	0.739249112	0.734145528	0.737155436	0.602097952
Zm_-N+Fe	Zm	-N+Fe	9.748	0.159615022	0.144450599	0.131904796	0.126064504	0.119079196	0.117224017	0.113491104	0.111888157	0.110293099	0.109087268	0.108778604	0.108132887	0.107625982	0.106509852	0.105197621	0.1031395	0.101287461	0.098272295	0.095979036	0.094801701	0.095827781	0.096977071	0.097992401	0.097810953	0.097471194	0.096797486	0.096167962	0.095025982	0.093569925	0.091861282	0.090569035	0.08975159	0.08908824	0.088634532	0.088839482	0.089334417	0.09059177	0.092363443	0.094776635	0.097994001	0.101842604	0.105957369	0.110405979	0.114871252	0.119098945	0.123061652	0.126176255	0.129130909	0.131564426	0.133926938	0.13604362	0.137773282	0.139836511	0.141913631	0.143755008	0.146026055	0.148247185	0.150491047	0.153087983	0.155843287	0.158815656	0.161652421	0.16456542	0.16770072	0.170655105	0.174177711	0.177786068	0.18132549	0.184766586	0.188526652	0.192395468	0.196761752	0.201267447	0.206270656	0.211033336	0.216140693	0.221383227	0.226720428	0.232589598	0.23865403	0.244839917	0.250543876	0.255552533	0.259114145	0.26184485	0.264058698	0.265494162	0.2667517	0.26883892	0.27012662	0.269548239	0.267719743	0.265701392	0.263970079	0.263613869	0.264317799	0.26649747	0.27092112	0.279079678	0.292119844	0.30889858	0.326910249	0.344032169	0.359821666	0.372211506	0.383167398	0.39124117	0.3980406	0.404255626	0.40942336	0.416514475	0.420555586	0.426747482	0.431611709	0.437675477	0.441997988	0.448233722	0.454845296	0.463777954	0.473830733	0.486665415	0.502538345	0.52252155	0.544804044	0.569213053	0.591768401	0.611289453	0.628930132	0.644340589	0.657838438	0.669899645	0.679859915	0.687621317	0.693689952	0.700006682	0.704786109	0.709391555	0.712978579	0.715990738	0.719318004	0.722997676	0.72677083	0.730115397	0.731745167	0.734580709	0.736518259	0.737015323	0.737799571	0.739670951	0.739703975	0.740492796	0.740724927	0.741610807	0.742614768	0.743635441	0.744410487	0.744689614	0.744189781	0.745363593	0.745202075	0.746196782	0.745005013	0.745614149	0.744186756	0.745430264	0.744079058	0.745109001	0.74543033	0.745181229	0.746910208	0.747312541	0.74741509	0.747185502	0.746251688	0.746039184	0.745212812	0.746043345	0.746380684	0.745455364	0.746822591	0.745565879	0.746002143	0.748014267	0.747157868	0.744246141	0.742880409	0.743949223	0.741260229	0.737262131	0.736900325	0.736970489	0.736815396	0.735995328	0.737300436	0.736332976	0.734433132	0.735543239	0.734112795	0.734910702	0.73510086	0.735119693	0.731155854	0.735400529	0.599930575
Zm_-N+Fe	Zm	-N+Fe	20.738	0.159282148	0.141622178	0.129371463	0.122887189	0.11808882	0.114878532	0.111903813	0.109022161	0.108196953	0.108108082	0.106900417	0.106042523	0.105573758	0.104165699	0.103282788	0.101173949	0.099160268	0.096196639	0.093729592	0.092965171	0.093875731	0.09517565	0.09605175	0.095584279	0.094804623	0.09374301	0.09296915	0.091514197	0.090262772	0.088564069	0.087460345	0.086695191	0.086266839	0.086278583	0.086991389	0.088613445	0.090646979	0.093691034	0.097989889	0.102978685	0.108986097	0.115813286	0.123145603	0.130187693	0.136545715	0.142568205	0.147370064	0.151300195	0.154828928	0.157206058	0.159518419	0.161588792	0.163373423	0.164667291	0.166107016	0.167718016	0.16859562	0.169205746	0.169833214	0.170183702	0.169944961	0.170260538	0.170795019	0.171190114	0.171961541	0.172971787	0.174357541	0.175831639	0.177197422	0.179005088	0.180369261	0.181845736	0.182927084	0.184051393	0.184756098	0.185877808	0.186968278	0.187969335	0.189973745	0.193031835	0.196757103	0.198986866	0.200114042	0.198758279	0.196350505	0.192895977	0.189132558	0.186550939	0.185196845	0.183449802	0.180070645	0.17569515	0.171237755	0.167789837	0.165814896	0.165239367	0.166140141	0.16977931	0.177615651	0.191881694	0.212852993	0.238380007	0.265634156	0.290635381	0.313366646	0.332565057	0.347815962	0.360257289	0.371004293	0.380726852	0.388785146	0.396650009	0.406150194	0.413121671	0.420096001	0.426235444	0.432545783	0.44033204	0.449444598	0.460184645	0.47421921	0.490564874	0.510020746	0.532729659	0.557496687	0.580424402	0.600996401	0.618646484	0.634857351	0.648250985	0.660701079	0.669361637	0.677535756	0.683195601	0.689461383	0.693125002	0.697996713	0.701090024	0.704469002	0.708356647	0.711165074	0.71188262	0.713602792	0.715909832	0.718834735	0.720657941	0.721850357	0.722428543	0.724567786	0.725138916	0.726029194	0.726282253	0.727977778	0.728511107	0.729889724	0.729844989	0.729862226	0.727845325	0.729578891	0.728943186	0.729735763	0.7285536	0.729589227	0.728122155	0.730132981	0.729219935	0.729165856	0.730017594	0.729509107	0.731213926	0.731260827	0.730914235	0.729991883	0.728916122	0.729070723	0.727118797	0.728541368	0.729460248	0.729186341	0.730112336	0.730174233	0.730902302	0.732333479	0.73157633	0.729007136	0.728472486	0.728884964	0.726522546	0.723997112	0.723711807	0.723093681	0.723794054	0.722375265	0.723311505	0.722584355	0.721038494	0.722990967	0.722415858	0.723482839	0.722811902	0.723855323	0.719030045	0.721539939	0.590123518
Zm_-N+Fe	Zm	-N+Fe	12.536	0.160113856	0.145504097	0.133301397	0.128002896	0.122753059	0.119114309	0.116871631	0.114451021	0.112473537	0.112122035	0.111211989	0.110545563	0.109799705	0.10864861	0.107176576	0.105729521	0.103525195	0.100746373	0.098516026	0.098085339	0.099528393	0.100798409	0.101665411	0.101371355	0.100998852	0.10048191	0.099590058	0.098328592	0.097035437	0.095771877	0.09500711	0.09472247	0.095286398	0.095896894	0.097222956	0.099534454	0.103167113	0.107677914	0.113829619	0.121688577	0.131323346	0.142559329	0.154804964	0.16715132	0.178973374	0.190080701	0.199928981	0.20793697	0.214435722	0.21950397	0.224009366	0.227691029	0.230992419	0.233146746	0.235186546	0.237140393	0.238464698	0.238868907	0.23905762	0.238706255	0.23748923	0.236307969	0.235510516	0.235078105	0.234539616	0.23444165	0.234755229	0.23508718	0.235586397	0.236528472	0.236719565	0.236882895	0.236422478	0.235762422	0.23436808	0.233354771	0.23230666	0.231482901	0.231952089	0.234519647	0.237032532	0.238913658	0.238805834	0.236325022	0.233164784	0.228540801	0.223075659	0.219533291	0.216436494	0.213177276	0.207551207	0.20091201	0.194152208	0.18881837	0.185552669	0.183939247	0.184731175	0.188372051	0.197215981	0.212281156	0.234634535	0.260627457	0.288680298	0.314065005	0.337649221	0.357648524	0.373675025	0.386701741	0.398465448	0.407707926	0.414144866	0.425586441	0.434691049	0.442092301	0.448241997	0.453939546	0.460783579	0.467823808	0.476697732	0.4866631	0.499025728	0.514075498	0.532297098	0.552849364	0.575492838	0.595996304	0.615041238	0.631650169	0.647047047	0.658950651	0.670190498	0.677546061	0.684603162	0.689891709	0.695593092	0.69964073	0.703463151	0.707120555	0.709461439	0.712228259	0.714146836	0.714840986	0.714922797	0.718182118	0.720466017	0.723216557	0.724041992	0.724574631	0.72602245	0.726479383	0.728500412	0.728484282	0.730309103	0.729501811	0.730831218	0.730604004	0.731167446	0.729595816	0.731181757	0.730012474	0.73094706	0.730704155	0.730734915	0.729313102	0.730784838	0.730451203	0.729910769	0.731231644	0.730259864	0.731377326	0.730904425	0.730549862	0.730071118	0.728300832	0.728663085	0.726611667	0.727993719	0.727429414	0.727360004	0.728846353	0.728001948	0.727982813	0.729581722	0.72798425	0.72438983	0.723153972	0.722568669	0.718581849	0.715160534	0.714067268	0.714271705	0.71384389	0.713339587	0.714701328	0.714467425	0.711755895	0.714977265	0.712445121	0.713793487	0.713404706	0.714440639	0.708085378	0.711841349	0.582113262
Zm_-N+Fe	Zm	-N+Fe	30.09	0.124278278	0.111931384	0.103484493	0.097058703	0.092086658	0.089576512	0.089417589	0.087689623	0.087570635	0.088177454	0.08920602	0.088559336	0.088430318	0.086363561	0.085518296	0.083334988	0.081743334	0.078877594	0.077285881	0.077244293	0.078663013	0.080840224	0.081727242	0.081317535	0.080417411	0.080018425	0.078917713	0.078202367	0.077416197	0.076369298	0.075796759	0.075648883	0.075927176	0.076333303	0.077535097	0.080055501	0.083372043	0.087942351	0.093814943	0.101531154	0.110912695	0.121648618	0.13312281	0.144765632	0.155912965	0.166051402	0.173834249	0.179599291	0.183502637	0.186100578	0.187994518	0.189576789	0.190771739	0.191492161	0.192016323	0.191755045	0.189307847	0.185312014	0.180391007	0.174223157	0.167506354	0.161316139	0.155411133	0.150700022	0.146520306	0.143242299	0.140498995	0.138697386	0.137142212	0.13586335	0.134331123	0.132421982	0.129871219	0.126459579	0.122747886	0.119415555	0.116422301	0.114260704	0.113159483	0.112510233	0.111786047	0.110065744	0.107524929	0.104232788	0.100125375	0.095644698	0.091235041	0.08798653	0.085156573	0.081904295	0.077973086	0.073600152	0.069811225	0.067127477	0.065456466	0.065148349	0.065542848	0.067211814	0.070990093	0.078137406	0.090669365	0.1095621	0.13504011	0.164047447	0.195241439	0.225200335	0.252066335	0.276529825	0.300280869	0.322094225	0.343858882	0.364283355	0.383296773	0.39795696	0.408225494	0.422179646	0.434153604	0.445341748	0.458336599	0.471687495	0.487148581	0.504324602	0.524341366	0.547542998	0.572634806	0.596149355	0.616705935	0.634955671	0.650216126	0.662943042	0.674500528	0.68170497	0.689965369	0.695500914	0.701565414	0.705587901	0.707693678	0.710157621	0.711580261	0.714581476	0.718903664	0.723434117	0.731598627	0.738848141	0.74416467	0.744750179	0.741716938	0.739832133	0.738763405	0.73819719	0.738062582	0.738508145	0.738700079	0.737964806	0.739351253	0.739127504	0.739012973	0.737913707	0.739926046	0.73907176	0.740875913	0.739220301	0.740095133	0.738548941	0.738935569	0.737681284	0.735569376	0.736026923	0.734420913	0.735349347	0.735719051	0.735977805	0.735404219	0.735387665	0.736165767	0.73431417	0.73543047	0.734251661	0.733743261	0.733848215	0.732093854	0.731497214	0.733721792	0.73028307	0.728144462	0.725781431	0.726739106	0.723856654	0.72077869	0.719101346	0.720154971	0.719899141	0.717855871	0.717988271	0.715392482	0.711785332	0.712045069	0.708857772	0.710504324	0.707376635	0.707376181	0.701560722	0.703122195	0.648039682
Zm_-N+Fe	Zm	-N+Fe	27.007	0.142028187	0.128912512	0.120026	0.112883426	0.108792745	0.108421585	0.107139877	0.106068526	0.106777623	0.107269208	0.108452583	0.10854268	0.107561768	0.106830667	0.105181094	0.103381284	0.100949291	0.097912995	0.096013237	0.095920347	0.098008839	0.100357035	0.101365035	0.101055521	0.100217862	0.099313585	0.098558735	0.097679419	0.096438827	0.095331369	0.094623813	0.09431256	0.094359942	0.094707145	0.095611568	0.097665517	0.100794553	0.104983176	0.110298316	0.117621655	0.126233115	0.136502194	0.147561129	0.158322939	0.168591733	0.177951039	0.185312829	0.190900523	0.194490577	0.196897479	0.198655238	0.200260832	0.201413854	0.20236375	0.202867216	0.20263087	0.20031742	0.196864268	0.192291955	0.186812681	0.180683081	0.175191439	0.169819682	0.16533958	0.161499276	0.158447449	0.156466812	0.154705378	0.153099818	0.151947114	0.150409734	0.148642422	0.146274075	0.143277569	0.140154397	0.136833433	0.134160126	0.132210778	0.131252585	0.130737634	0.130209599	0.128427586	0.126305161	0.123020898	0.118897208	0.113808761	0.1094818	0.106294792	0.103389024	0.100164032	0.096186376	0.09142594	0.087285566	0.084243113	0.082320631	0.081605071	0.082137771	0.083914733	0.088339674	0.09642896	0.110600645	0.131094843	0.157641346	0.187901097	0.219128087	0.24920304	0.275595419	0.300247905	0.323135889	0.344719714	0.365766193	0.385925125	0.404134591	0.417603038	0.429542632	0.441872868	0.454225793	0.466017427	0.47908073	0.492844486	0.508798884	0.527166141	0.548960049	0.573755412	0.600877339	0.625482936	0.647929641	0.666221538	0.683109028	0.696481715	0.708332396	0.716954242	0.725639747	0.732589622	0.73841606	0.742897023	0.745686762	0.747764285	0.749150073	0.75281705	0.757082866	0.762523916	0.769920067	0.776937964	0.780555227	0.780268166	0.777663999	0.776390651	0.777142719	0.776166478	0.776488327	0.776061879	0.777350108	0.775192679	0.777458822	0.777211817	0.777129605	0.775911786	0.77777247	0.777403428	0.778355711	0.7778619	0.778274537	0.776784092	0.776498178	0.775360174	0.773581122	0.774384948	0.773128851	0.774982188	0.773772582	0.774580646	0.774374006	0.773502685	0.774406987	0.772353128	0.773940905	0.772924468	0.771414457	0.771764692	0.770435274	0.770295214	0.771608926	0.769600906	0.766721722	0.764667848	0.765543568	0.762373232	0.758149769	0.757348602	0.757149826	0.756597576	0.755682256	0.755155643	0.753924291	0.748615269	0.75063871	0.746930471	0.747955806	0.745796067	0.745560036	0.739441936	0.74162079	0.631269439
Zm_-N+Fe	Zm	-N+Fe	33.832	0.153051047	0.135724754	0.125801606	0.117723398	0.112731925	0.110518963	0.107986184	0.107414475	0.106486074	0.105967365	0.105361162	0.105155778	0.103968295	0.101959995	0.100587714	0.098790531	0.096752869	0.094085725	0.092659592	0.093177714	0.095290582	0.0976076	0.098476925	0.098084563	0.097312698	0.096708471	0.095881884	0.09486616	0.093752477	0.092971121	0.092733299	0.093005589	0.093428167	0.094628626	0.096912284	0.100415422	0.105303846	0.111748915	0.119684215	0.129467512	0.140849021	0.153174416	0.166041027	0.178473016	0.19031721	0.200217546	0.208162913	0.213887849	0.218041485	0.221181342	0.223356284	0.225109089	0.22607395	0.227470617	0.227907912	0.227465501	0.225321086	0.221712446	0.217015234	0.211554495	0.205441214	0.199737909	0.194511318	0.189730067	0.185943206	0.182719652	0.180452751	0.17838069	0.17684655	0.175436432	0.173425627	0.171470188	0.168997185	0.166028441	0.162472692	0.159372176	0.156491305	0.154430847	0.153428775	0.1528799	0.152028086	0.150646665	0.147687661	0.143156124	0.136794784	0.129661048	0.123684025	0.119011444	0.115695751	0.112398069	0.108028781	0.102622635	0.097588312	0.09409873	0.092285784	0.092059515	0.093639863	0.097279882	0.105212135	0.119693077	0.142442241	0.172181861	0.205694407	0.239180579	0.271518509	0.300352704	0.324530339	0.346572759	0.365794387	0.383462365	0.400883593	0.418038681	0.430286626	0.441875467	0.453398678	0.463828159	0.472786684	0.482584787	0.494419112	0.505751726	0.520446563	0.53692235	0.557180878	0.579576759	0.605294294	0.628868426	0.648530224	0.665285419	0.680823892	0.693357095	0.704089087	0.713458302	0.721474258	0.728611846	0.734634359	0.739241957	0.741880467	0.744419023	0.746366086	0.749725114	0.753255417	0.756730186	0.762418901	0.765450826	0.767997178	0.767987962	0.767895705	0.768490289	0.770172633	0.768966787	0.76918506	0.769047602	0.769447713	0.76858026	0.769624938	0.769854541	0.769666935	0.769975011	0.770664394	0.770997182	0.771423668	0.771709602	0.771034826	0.769977714	0.770328652	0.768966371	0.767209343	0.76795805	0.767283948	0.767994884	0.769034866	0.768532214	0.768295092	0.768001991	0.768384364	0.766503748	0.767522141	0.766785346	0.765206359	0.766638988	0.764245295	0.764297239	0.766054881	0.764804153	0.761389248	0.76052774	0.761309446	0.757875753	0.754947489	0.753636248	0.753751052	0.754022437	0.75219973	0.752660482	0.752161234	0.747572563	0.749357433	0.747162302	0.749283058	0.74683753	0.746300656	0.741330529	0.74409329	0.604316278
Zm_-N+Fe	Zm	-N+Fe	20.507	0.152667213	0.136212311	0.124461052	0.116020336	0.110401618	0.107588625	0.106357102	0.105107162	0.104239658	0.104042471	0.103331651	0.102581327	0.10113307	0.099875113	0.098429309	0.096340457	0.094615842	0.092308527	0.090377385	0.091145302	0.093106952	0.095350905	0.096475036	0.096027909	0.095662311	0.094879703	0.094182313	0.093392288	0.092698237	0.091943099	0.091663891	0.091930008	0.09273443	0.093791743	0.096002657	0.099591956	0.104278985	0.110481797	0.118652251	0.128385231	0.139849602	0.15285155	0.166840207	0.180525371	0.193077659	0.204099851	0.212324822	0.218712924	0.223300307	0.226737319	0.229107542	0.230879023	0.232077421	0.233473827	0.233593217	0.232992436	0.23068141	0.226446966	0.221680944	0.21553317	0.208760598	0.202130907	0.195987433	0.190798159	0.186510831	0.18294279	0.180449374	0.178349185	0.176586231	0.175144242	0.173354672	0.171219861	0.168373592	0.16502134	0.160703166	0.15669376	0.153288099	0.150624542	0.14910384	0.148256177	0.147997744	0.147215346	0.144878472	0.140576524	0.134485977	0.127600264	0.121440955	0.116419395	0.112771908	0.109049084	0.103991959	0.098239805	0.093368573	0.089845958	0.087919524	0.08759891	0.088686575	0.09186446	0.098405074	0.110743063	0.130671591	0.158130137	0.191126512	0.226393355	0.260911872	0.293645051	0.32195167	0.347505507	0.370613503	0.391204012	0.41225338	0.42916454	0.444735014	0.459384685	0.472693163	0.483266493	0.49395042	0.504334334	0.516008575	0.528151156	0.542625586	0.559106217	0.579274806	0.601889276	0.626514161	0.649634612	0.668893242	0.68586073	0.700898106	0.714226231	0.725299547	0.734747801	0.742359221	0.748808732	0.754552667	0.759036372	0.762505482	0.765493442	0.768316272	0.771176282	0.774394746	0.777499579	0.782180032	0.782715134	0.784571338	0.785922427	0.787101738	0.786863371	0.788580282	0.788910668	0.788991145	0.789049757	0.78979507	0.789710611	0.790564894	0.790736254	0.790626248	0.790227234	0.791397762	0.791371714	0.791684414	0.789440362	0.790915561	0.788055267	0.790008988	0.788212021	0.78816761	0.788302212	0.78765046	0.788848305	0.789234156	0.789250593	0.788283819	0.788380268	0.787924808	0.786469877	0.787599309	0.78733892	0.786257803	0.788652374	0.785914878	0.786489497	0.787929014	0.787054679	0.783381982	0.783037583	0.783524337	0.780075442	0.77711389	0.774928169	0.775872073	0.775195777	0.773532504	0.774731679	0.774390571	0.770798691	0.771982909	0.771945148	0.771170503	0.770594399	0.771180693	0.76546123	0.768198043	0.624088734
Zm_-N+Fe	Zm	-N+Fe	11.792	0.150855693	0.133527837	0.123035188	0.11301261	0.108683068	0.105054589	0.102838035	0.1014453	0.099770051	0.099480113	0.098311262	0.09678814	0.095483169	0.093775891	0.091951573	0.089624883	0.08792873	0.085755289	0.084483537	0.085441312	0.087299568	0.089802099	0.090824816	0.090129391	0.089709333	0.088887844	0.08841537	0.087759249	0.087127091	0.086624832	0.086356081	0.086826366	0.087104317	0.088241461	0.090289847	0.093401516	0.097701687	0.103831688	0.111423944	0.120851225	0.13242846	0.146028414	0.160696249	0.175385487	0.189605514	0.202130492	0.211925754	0.219528757	0.225000825	0.228360675	0.231313883	0.232897656	0.234624537	0.235311176	0.235016982	0.233640983	0.230367483	0.225194873	0.218938634	0.211124614	0.202252213	0.193615937	0.186132276	0.17956823	0.174256745	0.169844813	0.166336615	0.163693613	0.161314659	0.159591335	0.157623983	0.154999439	0.151454551	0.14727696	0.142281883	0.137677507	0.133347504	0.129942251	0.128044913	0.126813831	0.126791647	0.126011536	0.124134549	0.12021714	0.115436323	0.109935337	0.104618602	0.100243669	0.096895303	0.092907456	0.088095875	0.08285434	0.078254008	0.075044111	0.073133209	0.072243697	0.072549316	0.074155387	0.078383994	0.086159843	0.100250747	0.121817443	0.150980235	0.18442056	0.219637619	0.25362031	0.285129593	0.313954844	0.341091223	0.36656526	0.38984893	0.410400653	0.433032387	0.450058566	0.465960557	0.479499131	0.492244319	0.504603819	0.517514214	0.530406962	0.54545631	0.562600138	0.582609328	0.604842641	0.628829565	0.651063769	0.670349132	0.687676671	0.702956574	0.715840123	0.727273018	0.73523282	0.742319869	0.747675225	0.753532116	0.756940705	0.761136925	0.763795707	0.76692086	0.769879753	0.772827991	0.774704181	0.776417196	0.777655892	0.781038681	0.782664664	0.782903815	0.783620376	0.784841708	0.784482584	0.78554849	0.786268929	0.787273963	0.787428197	0.78872543	0.78887306	0.788843154	0.787206542	0.787859312	0.787291122	0.787058369	0.785663781	0.786632205	0.784606411	0.786798646	0.785716863	0.784972514	0.785944958	0.785717511	0.786661369	0.786271915	0.786670936	0.785216294	0.784188211	0.783806573	0.781993255	0.783226389	0.783311081	0.781766526	0.783725625	0.782919818	0.782917427	0.784677109	0.783266206	0.780238506	0.778499993	0.779056758	0.775104207	0.771127729	0.769746408	0.769710221	0.769680926	0.767556029	0.769104876	0.768073381	0.765742476	0.767453083	0.766344635	0.767891772	0.766055126	0.767213863	0.761965387	0.764457622	0.62022829
Zm_-N+Fe	Zm	-N+Fe	20.261	0.157899515	0.145045716	0.132704852	0.127273612	0.122252979	0.120955901	0.118767791	0.117748657	0.11638997	0.116535757	0.115997851	0.115738407	0.114686187	0.11331315	0.112439436	0.110616053	0.107984406	0.105454867	0.103677072	0.104009218	0.10585911	0.1079131	0.109046319	0.108898903	0.10865178	0.108474854	0.107417864	0.106053164	0.104699733	0.103275779	0.102646823	0.10275306	0.103454189	0.104651658	0.107226929	0.110896169	0.11578944	0.122289855	0.129982063	0.139037999	0.149092968	0.160279931	0.171344578	0.181467257	0.190889985	0.199016022	0.205549689	0.210982109	0.215182957	0.218196724	0.2212158	0.223410538	0.225389809	0.22659041	0.2280634	0.229041759	0.230090233	0.230055077	0.230025223	0.229151066	0.22822784	0.227378877	0.226568782	0.226297868	0.22624143	0.226157725	0.226616505	0.227138839	0.22780503	0.22881421	0.229316375	0.2298655	0.230002331	0.229865007	0.229296563	0.228954541	0.228578505	0.228524188	0.229517173	0.232250792	0.23548172	0.237083417	0.236742139	0.233524577	0.228995442	0.222484499	0.216225239	0.212316522	0.20933252	0.207059658	0.202456758	0.196727497	0.190821097	0.186118338	0.183542539	0.182458764	0.18403662	0.188875127	0.200376417	0.219191611	0.245837648	0.27585652	0.305929117	0.331687448	0.354314746	0.372256878	0.386174269	0.397144003	0.406960223	0.415412974	0.420331755	0.430011393	0.437337935	0.443937004	0.449205283	0.454512917	0.46078682	0.4686682	0.477293036	0.487190387	0.500267385	0.515304521	0.534911873	0.556744228	0.58032615	0.602821993	0.62355994	0.641467253	0.657523264	0.670421989	0.682049697	0.690029404	0.697509923	0.703026171	0.70867364	0.713180309	0.717093717	0.721197803	0.723581299	0.727164494	0.72932657	0.72965527	0.730477058	0.732497511	0.735167026	0.737446461	0.738710228	0.739276705	0.740826006	0.741330771	0.74320675	0.742712131	0.744701609	0.744091503	0.745785362	0.745703247	0.745381413	0.743866042	0.745071453	0.743771554	0.744823303	0.744014092	0.744389341	0.743649943	0.745004005	0.744250752	0.743220022	0.744379478	0.744247619	0.745126911	0.744911513	0.744635063	0.743352267	0.741404698	0.741557183	0.739358037	0.74160214	0.741246092	0.74082947	0.742677915	0.741180656	0.742274557	0.743941795	0.742702648	0.739055045	0.738212602	0.738681534	0.73451407	0.7309822	0.730484838	0.73130063	0.731316705	0.730194976	0.732189651	0.731557356	0.727565748	0.730297385	0.7286639	0.730623347	0.72836216	0.728487073	0.723234602	0.726048841	0.593891548
Zm_-N+Fe	Zm	-N+Fe	9.861	0.146504837	0.132173391	0.121691134	0.114057329	0.108196196	0.105987469	0.104419503	0.102986977	0.101007468	0.100769626	0.099967022	0.098902404	0.098107572	0.096045906	0.095133262	0.093587008	0.092000049	0.090110528	0.089006848	0.089262575	0.091584946	0.093647066	0.094595661	0.094084553	0.093647965	0.092530714	0.091757314	0.090974463	0.090279286	0.089187478	0.088707565	0.088910664	0.089288526	0.090471433	0.092820969	0.096232963	0.101341144	0.107928772	0.116130203	0.12603201	0.1380878	0.151609605	0.165762274	0.179614099	0.193128387	0.204662759	0.213598124	0.220401805	0.224990495	0.228191494	0.230901504	0.232420521	0.234016097	0.235101579	0.235581302	0.23515663	0.232128587	0.227735791	0.221672904	0.214799305	0.207299819	0.199739821	0.193240741	0.18769511	0.182683545	0.178471127	0.175628081	0.173114635	0.171267841	0.169466713	0.16741455	0.164957202	0.161643707	0.157770671	0.15358946	0.149417541	0.1457493	0.142829303	0.141510913	0.140376353	0.13932926	0.137293153	0.134445976	0.130561558	0.125366576	0.119011385	0.113794511	0.109704046	0.105805353	0.101719141	0.096209358	0.090073252	0.084585666	0.080197357	0.077548571	0.076326224	0.076585103	0.078415779	0.083672226	0.093785328	0.111267247	0.136089869	0.167266364	0.201380371	0.235716769	0.268211055	0.296703853	0.322928704	0.346734533	0.369024757	0.39064625	0.411566886	0.42919606	0.44081949	0.454456618	0.466763322	0.47805347	0.488710948	0.500817095	0.512872214	0.527709167	0.543360408	0.562752021	0.584462682	0.608213603	0.62953971	0.64904229	0.664595597	0.679069903	0.690295261	0.700288677	0.70783992	0.715636223	0.722215233	0.727867227	0.731712708	0.73433013	0.736347469	0.737265055	0.740769129	0.744557447	0.750097399	0.756816976	0.763455711	0.766586794	0.765439517	0.763264074	0.762759153	0.76341946	0.762128938	0.762865824	0.761724992	0.762651536	0.761478683	0.763635246	0.762755434	0.763281813	0.76236352	0.764273395	0.764528848	0.765424697	0.765039147	0.76516873	0.763587814	0.764234441	0.762789055	0.761626574	0.761790241	0.761378571	0.761993518	0.76232489	0.763185858	0.762594722	0.762151683	0.762798174	0.761378492	0.762707335	0.761946935	0.760435048	0.760879025	0.760094185	0.759422656	0.760987049	0.758129426	0.755140049	0.753322686	0.753145445	0.750068464	0.745900874	0.743754383	0.744326762	0.743515477	0.743270098	0.743803396	0.741851362	0.737176545	0.738266701	0.73540958	0.736654021	0.734234859	0.735778985	0.730887501	0.733643487	0.602330561
Zm_-N+Fe	Zm	-N+Fe	20.393	0.141115806	0.124749529	0.113442778	0.106554595	0.100913899	0.098572607	0.098484172	0.096905248	0.096303297	0.096155083	0.096671526	0.096783281	0.09571728	0.094387369	0.092780604	0.091482309	0.088703943	0.086427491	0.084609916	0.084560304	0.086038185	0.087944086	0.089399017	0.089289748	0.088900576	0.088156767	0.087130349	0.086212961	0.085121144	0.084558139	0.083928308	0.083576488	0.083891966	0.084601625	0.086095689	0.088648438	0.092295416	0.097302832	0.103571597	0.111390788	0.120902821	0.131457727	0.142725989	0.153555021	0.163799466	0.172545246	0.179364865	0.184233014	0.187551228	0.190076238	0.1920018	0.193098019	0.19379864	0.194671931	0.194975977	0.194554061	0.192748181	0.189500607	0.18527865	0.180312676	0.174822239	0.16959752	0.164993848	0.160774815	0.157159011	0.154400128	0.152427672	0.151065905	0.149867268	0.148740635	0.147295031	0.145738418	0.143458261	0.140533821	0.137292206	0.134174543	0.131373383	0.129352196	0.12848018	0.128052443	0.127409592	0.126377931	0.124419581	0.121310297	0.11681674	0.111525964	0.106792925	0.102969659	0.099691719	0.096231521	0.0916376	0.086359087	0.081909985	0.078389809	0.0765907	0.075917204	0.076635284	0.078823873	0.083860079	0.093409945	0.109648284	0.132772919	0.161336728	0.192491655	0.223793915	0.252425071	0.277320429	0.299844541	0.319891146	0.338245505	0.356153336	0.373770975	0.386837704	0.397504907	0.409539951	0.419957351	0.429420749	0.439135334	0.451152372	0.46298906	0.478028326	0.494969923	0.516338547	0.539428071	0.566054062	0.589677807	0.610251222	0.627716343	0.643952483	0.65719297	0.667943983	0.676617598	0.685496822	0.692341915	0.698849912	0.703574625	0.706774915	0.708726837	0.710643706	0.713968358	0.717750117	0.721836499	0.727179606	0.731304933	0.734187958	0.733840402	0.733689563	0.733242202	0.735007268	0.734329898	0.73489661	0.734456194	0.735249632	0.734209409	0.735635967	0.735758909	0.73614912	0.735644249	0.737066113	0.737737379	0.73781511	0.737972896	0.738212868	0.736825871	0.737365411	0.736157363	0.735035134	0.735425592	0.734822888	0.736167215	0.737185582	0.73689408	0.737206281	0.736107256	0.737241749	0.735157144	0.736954257	0.736536193	0.735530725	0.736369563	0.734323257	0.735214665	0.736365411	0.735375755	0.73285027	0.731941942	0.731889409	0.729748977	0.72682618	0.725983068	0.726674745	0.726903975	0.72660914	0.726956903	0.726154364	0.722464704	0.724022198	0.721036336	0.722361408	0.720402177	0.721238136	0.717060531	0.719762893	0.582480723
Zm_-N+Fe	Zm	-N+Fe	24.875	0.148751984	0.130658548	0.120204268	0.112691013	0.106405812	0.103988563	0.103429512	0.100957896	0.100161488	0.100398269	0.099709698	0.099404897	0.098515522	0.096973198	0.095671716	0.093874831	0.091733017	0.089442672	0.088121833	0.087928328	0.089928918	0.091912332	0.092947716	0.092726399	0.092204335	0.091455284	0.090813701	0.08991645	0.089305331	0.08846989	0.087908525	0.087807688	0.088201968	0.089250732	0.09107958	0.093893147	0.098069413	0.103544303	0.11075679	0.119722933	0.130464347	0.142701746	0.155738512	0.168722595	0.180909582	0.191160395	0.199188647	0.20504579	0.2093548	0.212386353	0.214362865	0.215746392	0.216813408	0.21799871	0.217944404	0.216856657	0.214700728	0.210605465	0.205721588	0.199657795	0.193225035	0.186546369	0.180708891	0.175308266	0.171081421	0.167653913	0.1650873	0.163279125	0.161547565	0.160194944	0.158378333	0.156508593	0.153472623	0.150110242	0.145813882	0.141637426	0.13822595	0.135552039	0.133817226	0.132987781	0.132669923	0.132065902	0.13021298	0.126853896	0.121954813	0.116522885	0.111276339	0.10689052	0.103407374	0.099340631	0.094118029	0.088272913	0.083720815	0.080177833	0.078258499	0.077362751	0.077956068	0.080082637	0.084735883	0.093810904	0.109698099	0.132764147	0.162336231	0.195358207	0.228305054	0.259762803	0.28759213	0.312498881	0.335248011	0.355404951	0.376284876	0.393213302	0.408672981	0.423318732	0.436292165	0.446710197	0.457552573	0.467665134	0.479537693	0.491883679	0.506741681	0.523805391	0.544835625	0.568130631	0.593335081	0.616746289	0.636672118	0.654727988	0.670213843	0.683518961	0.69509767	0.703990503	0.711938392	0.718649071	0.72419172	0.728715127	0.732526786	0.735235836	0.738033919	0.740903412	0.744233941	0.747403609	0.752202042	0.752749768	0.755384741	0.756839435	0.75740512	0.757651864	0.759032278	0.759426039	0.759468851	0.759232169	0.759829461	0.760095655	0.761367678	0.761639739	0.761432355	0.760874273	0.762597782	0.762099352	0.762571316	0.761080717	0.761533397	0.760010617	0.761495174	0.759960813	0.76004668	0.760027962	0.759899235	0.761167395	0.761346044	0.761963854	0.760952544	0.761236246	0.760596064	0.759867093	0.7607285	0.760710315	0.759841099	0.761470833	0.759703443	0.760516076	0.761959019	0.760881703	0.758357794	0.75790981	0.758710477	0.755494476	0.75309596	0.751067682	0.751628656	0.752191805	0.750971634	0.75232725	0.751180452	0.747842028	0.749848315	0.749210028	0.749108411	0.748143009	0.748607617	0.743305004	0.747445482	0.606332178
Zm_-N+Fe	Zm	-N+Fe	0	0.148688089	0.129904436	0.118581064	0.111616013	0.106217198	0.104280169	0.102467645	0.101576228	0.101204337	0.100459086	0.100796277	0.100231092	0.09919419	0.097713471	0.096794681	0.094894466	0.092865543	0.090872196	0.089700127	0.090175661	0.09228199	0.094515606	0.095589425	0.094977449	0.094419378	0.09399557	0.093181478	0.092169589	0.091651538	0.091095327	0.090436719	0.090315156	0.090711914	0.09158085	0.093291163	0.095744876	0.099918485	0.105232731	0.111902541	0.120284839	0.130290958	0.141472959	0.153390292	0.165226724	0.176336788	0.185980277	0.193468841	0.199098837	0.202945928	0.205582973	0.207514524	0.208599214	0.209749879	0.210505707	0.210297921	0.209193674	0.207230583	0.203512072	0.19893132	0.193409022	0.187012797	0.180715286	0.1750966	0.170464052	0.166399071	0.163323932	0.161071999	0.159180299	0.157701027	0.156696792	0.155398967	0.153605791	0.150841039	0.147609688	0.143605174	0.139851239	0.136359751	0.133621435	0.13212189	0.131413354	0.131744668	0.13123944	0.129698317	0.126258539	0.122045101	0.116867773	0.112074572	0.107862715	0.104531383	0.100621422	0.095718232	0.090313351	0.085768756	0.08206615	0.08017046	0.079108372	0.079347131	0.08086961	0.085110815	0.093691974	0.108516177	0.130457297	0.159101106	0.191239244	0.223835708	0.254877864	0.282861242	0.307833867	0.331609081	0.353265996	0.374134174	0.391424424	0.411149982	0.425711269	0.439976903	0.451924311	0.463528847	0.474430064	0.486955308	0.49951822	0.515105061	0.532751224	0.553200974	0.576279042	0.601249047	0.624121493	0.64377364	0.661829681	0.677168016	0.690110814	0.701729241	0.71054309	0.71852089	0.723532514	0.729541208	0.732965712	0.737102995	0.740144709	0.743410495	0.746226818	0.749172305	0.752214719	0.754260218	0.755611514	0.758738333	0.7601177	0.760715801	0.760932206	0.762492076	0.762448514	0.763378724	0.76389768	0.764995135	0.765318023	0.766441863	0.766406148	0.766584884	0.76509218	0.765735716	0.76570611	0.765694518	0.763858766	0.765172794	0.763093249	0.764865994	0.763368933	0.763867414	0.764805238	0.764465397	0.765060751	0.765512744	0.765621501	0.764273006	0.76332556	0.763430568	0.761809461	0.763199671	0.762836211	0.762067381	0.763575251	0.761936396	0.762945368	0.764559948	0.76321305	0.760312089	0.759014671	0.759263734	0.75620113	0.752273814	0.751023741	0.750233594	0.751017963	0.749862508	0.751185384	0.750534086	0.747526695	0.748738364	0.747464915	0.748811471	0.747823985	0.748450643	0.743375532	0.74613136	0.605123956
Zm_-N+Fe	Zm	-N+Fe	0	0.144883245	0.128627553	0.116220422	0.108842392	0.102810074	0.100739166	0.098700049	0.097410822	0.096818388	0.095847505	0.096143431	0.095139817	0.093544558	0.09219354	0.091027414	0.0896084	0.087911812	0.085579297	0.084213086	0.08479799	0.086372764	0.088278401	0.088910555	0.088605328	0.088032477	0.08718318	0.086826495	0.085851585	0.085402513	0.084626557	0.08433212	0.084380427	0.084892983	0.08611678	0.08785801	0.090459934	0.094399908	0.100008879	0.106764989	0.115117417	0.125015189	0.136565383	0.148706897	0.16081728	0.172015259	0.181709596	0.189348186	0.194962307	0.1990781	0.20159688	0.203670966	0.205166307	0.206471887	0.207120803	0.207010498	0.206321216	0.204366406	0.200776463	0.196359524	0.190689264	0.184250452	0.178291231	0.172622044	0.168136552	0.164301312	0.161103048	0.158667997	0.156892015	0.155452292	0.154431142	0.152959215	0.15118863	0.148513278	0.144924015	0.141057492	0.137282416	0.134051528	0.131338332	0.129725626	0.129590113	0.129999806	0.129566092	0.127984821	0.124066845	0.119408933	0.113688062	0.10856913	0.104307748	0.100971634	0.097338821	0.092670887	0.087593666	0.083245853	0.079982453	0.078229863	0.077524062	0.077987126	0.079961982	0.084718774	0.093724755	0.109344618	0.13177361	0.161081769	0.193159538	0.226615306	0.257909504	0.286209796	0.311077089	0.334930773	0.356613825	0.374928767	0.394178455	0.411684869	0.42702566	0.439598255	0.451337393	0.462395635	0.473429537	0.48466995	0.496481322	0.509987682	0.52581618	0.544167635	0.564803354	0.588177797	0.609333613	0.627833514	0.643823466	0.658981057	0.671453119	0.681828087	0.689657195	0.697103449	0.701844586	0.707236037	0.711196214	0.715012519	0.718439164	0.720957275	0.724210788	0.72546876	0.726464053	0.727271016	0.72950691	0.731898875	0.734235337	0.735214678	0.73539944	0.736613384	0.737223338	0.739072327	0.738628627	0.740427592	0.740106161	0.741471568	0.741572655	0.742022067	0.739709899	0.740926916	0.739479221	0.740402056	0.739409402	0.740266422	0.739043337	0.740478404	0.739760653	0.739353247	0.740265562	0.739379549	0.74118753	0.740749698	0.740286727	0.738687427	0.737396734	0.737648098	0.735668718	0.737204671	0.737002449	0.737402118	0.73814068	0.736991811	0.737422878	0.738808485	0.73723269	0.73419981	0.732770195	0.732518612	0.729120783	0.725694308	0.724193367	0.723974712	0.725006501	0.722155292	0.723934494	0.724276088	0.721168335	0.722904987	0.721720936	0.723552545	0.722014688	0.723483566	0.71719169	0.721036567	0.585957872
Zm_-N+Fe	Zm	-N+Fe	0	0.162446337	0.148405544	0.141872389	0.136027033	0.130517782	0.128651421	0.128967933	0.129469269	0.128671465	0.128654804	0.12955902	0.128824699	0.128058905	0.12646892	0.125522513	0.123312427	0.121857089	0.119648509	0.118578365	0.118736361	0.121240627	0.123366401	0.123749101	0.122436301	0.121836499	0.120689053	0.119327438	0.117848713	0.117167729	0.116485594	0.115729488	0.115567578	0.115775928	0.1170732	0.118900501	0.122182331	0.127004446	0.133524346	0.141538292	0.15134803	0.162953989	0.176084052	0.190073117	0.20311778	0.21525037	0.226541386	0.235066717	0.241237906	0.245773899	0.248291749	0.250329245	0.252013066	0.252986415	0.253236502	0.252973364	0.252067209	0.2494902	0.24555548	0.239926498	0.233613084	0.225960161	0.218608037	0.212276033	0.206852368	0.202172824	0.198479224	0.195012581	0.192542079	0.190595768	0.188948511	0.187206793	0.184954901	0.181752496	0.177513921	0.172842552	0.167944499	0.163805042	0.160219023	0.158803222	0.158816214	0.159044419	0.158934889	0.156632226	0.152664099	0.147698245	0.141391434	0.135364999	0.130928767	0.12706908	0.12300613	0.117730198	0.111350382	0.105765327	0.101450575	0.098562404	0.096795309	0.096964983	0.098435284	0.103414915	0.113651525	0.131196821	0.155946471	0.185956915	0.218427631	0.251051153	0.282541078	0.309391664	0.334506089	0.357476812	0.377418192	0.395061485	0.415838604	0.432714671	0.447632728	0.460500969	0.471962433	0.482454775	0.492522477	0.504453641	0.515595819	0.52954115	0.544933841	0.562645413	0.583232523	0.604839948	0.624926539	0.643506959	0.65958182	0.673621456	0.684495905	0.696251733	0.703509302	0.710569589	0.71499052	0.719666545	0.725592674	0.728351412	0.731103359	0.73255275	0.736253266	0.737469147	0.736410099	0.735470592	0.739266083	0.742010337	0.744588129	0.745156573	0.745227902	0.748404354	0.747287828	0.748926392	0.748742194	0.750563316	0.749214326	0.750973373	0.750714634	0.751827166	0.749151674	0.749572428	0.75035361	0.750201107	0.748975782	0.749085148	0.749158974	0.750283893	0.749521066	0.749407456	0.750160956	0.748766801	0.74886879	0.749537512	0.748037216	0.747036742	0.745273784	0.746659863	0.74371767	0.745613284	0.744674888	0.743959016	0.745561319	0.744691143	0.744604272	0.746253312	0.744428074	0.741451184	0.740105323	0.739366199	0.735275405	0.730907856	0.729329478	0.728839056	0.728616733	0.728663741	0.729569191	0.728618314	0.725903168	0.728174714	0.725279114	0.728121922	0.725084629	0.726282215	0.722057932	0.723879844	0.591225549
Zm_-N+Fe	Zm	-N+Fe	18.826	0.134545135	0.119617048	0.110528709	0.104053958	0.099260947	0.096832898	0.095008339	0.093996782	0.0935348	0.093986297	0.093704334	0.093539073	0.093068925	0.091837131	0.091410304	0.090783163	0.089681324	0.088745973	0.088409101	0.088548251	0.089950505	0.090988364	0.091743889	0.091710972	0.090996765	0.090000228	0.089661023	0.089087847	0.088693322	0.087854458	0.087511309	0.087737985	0.08829927	0.089194535	0.090874626	0.093662251	0.097567037	0.102777501	0.109277602	0.117793256	0.12800668	0.139672846	0.152347232	0.165056698	0.177025888	0.187739881	0.196438144	0.202810865	0.207234171	0.209958765	0.212256428	0.214156844	0.215425559	0.216515476	0.217436808	0.217356801	0.214835329	0.211302891	0.206257906	0.200325983	0.193743887	0.187652582	0.181752084	0.176917874	0.172539493	0.169186105	0.166654201	0.164635198	0.163002819	0.161566803	0.159798359	0.15774417	0.155093807	0.152072994	0.148816669	0.14478916	0.141049026	0.138506263	0.137289476	0.137503578	0.138231572	0.136228284	0.132389389	0.127306104	0.121805489	0.115958008	0.110951231	0.106939748	0.103376781	0.09955105	0.094633518	0.089144066	0.0844013	0.080984824	0.078894195	0.078361341	0.078906723	0.081065848	0.086111398	0.095646938	0.111799519	0.135333692	0.165254763	0.198446461	0.231995114	0.263508111	0.290271293	0.315108623	0.338145481	0.359643643	0.380863188	0.401260672	0.419469497	0.432365102	0.443986453	0.456254999	0.467564391	0.478297353	0.490519979	0.502941204	0.517141247	0.53325855	0.553301442	0.575316602	0.599387327	0.620953371	0.640271731	0.654810308	0.668540495	0.679604744	0.689213259	0.695515531	0.70257934	0.708403923	0.713168378	0.716814281	0.718979917	0.720385322	0.721312881	0.724504564	0.728158551	0.733218903	0.740209371	0.746732747	0.749874999	0.749724947	0.747268173	0.745629937	0.746437064	0.745368176	0.745872104	0.74555998	0.746954479	0.745545761	0.748149865	0.747623162	0.748136044	0.747280385	0.749283942	0.749896543	0.751208271	0.751073673	0.752204073	0.751218564	0.75187145	0.75138875	0.750339071	0.751715406	0.751031834	0.753482982	0.752991659	0.753914955	0.754277119	0.754247968	0.756012802	0.754569943	0.756660146	0.755149856	0.754698492	0.754865512	0.753891379	0.753732601	0.755242487	0.75353783	0.750730743	0.749077583	0.75005607	0.747692062	0.743687645	0.742497818	0.742947855	0.742324574	0.741578828	0.741222608	0.739487519	0.735215647	0.736189361	0.732536627	0.733302158	0.73086413	0.732249192	0.726421319	0.729313523	0.61473686
Zm_-N+Fe	Zm	-N+Fe	32.253	0.138553398	0.120743007	0.109008768	0.10268702	0.097266673	0.092327062	0.090551737	0.088192116	0.087136102	0.086480559	0.0859491	0.085621258	0.084662722	0.083278315	0.082263793	0.08155974	0.080361538	0.079530374	0.079322992	0.079429824	0.080763841	0.081171998	0.081654238	0.081223137	0.080664192	0.07975545	0.079408032	0.078634309	0.078164656	0.077747228	0.077392029	0.077886935	0.078318402	0.079125715	0.080493778	0.083219434	0.08680243	0.091560337	0.097965729	0.105691115	0.11542709	0.126544619	0.139064096	0.151845022	0.164046928	0.174579002	0.183340161	0.189331803	0.193941094	0.19692796	0.199634799	0.201156698	0.202492523	0.203789472	0.204524127	0.204118258	0.201812188	0.197911111	0.192828533	0.186484033	0.179850211	0.173330035	0.167484683	0.162600176	0.158383048	0.154998475	0.152580962	0.150534883	0.149005555	0.147734365	0.14598058	0.143910311	0.141576325	0.138662729	0.135344563	0.131621427	0.127774088	0.125254173	0.124181698	0.124221743	0.125071563	0.123958997	0.12024492	0.115669419	0.110590002	0.105403887	0.100852614	0.096776785	0.09352909	0.09013405	0.085548238	0.08048858	0.076327216	0.073340823	0.071691699	0.071221551	0.072021244	0.074160131	0.078641224	0.08721993	0.101976354	0.124039563	0.152413764	0.184572303	0.218185416	0.249660214	0.277799111	0.303598545	0.32705497	0.349772606	0.37191034	0.393743869	0.410212911	0.424930584	0.439431675	0.452649279	0.463655487	0.474812723	0.487580624	0.500062931	0.515300096	0.532216021	0.55343861	0.57597848	0.601801317	0.624236544	0.643564952	0.659002565	0.673168661	0.685251578	0.694956018	0.702577647	0.710434012	0.716665929	0.722028112	0.726826544	0.728959946	0.731105036	0.732179365	0.735419164	0.738363654	0.743175359	0.748758211	0.751936948	0.754077801	0.753635299	0.753696165	0.753745218	0.755849902	0.754643024	0.755365805	0.754993089	0.755998965	0.755896587	0.758055022	0.758522357	0.758854378	0.758388489	0.760865703	0.761401142	0.762340679	0.763153967	0.763440639	0.763009636	0.764351623	0.763431236	0.762134186	0.763396744	0.763092848	0.764605654	0.766188594	0.766747272	0.76696442	0.766537471	0.767878112	0.767102294	0.768209918	0.768452073	0.767102085	0.769009994	0.767220205	0.767021932	0.76893064	0.767540406	0.764208014	0.763300133	0.763533121	0.760451713	0.757718926	0.756909361	0.75681673	0.757508705	0.755811871	0.755903879	0.75503895	0.750793431	0.75235968	0.750027695	0.750809922	0.748792706	0.749392012	0.744357536	0.746901579	0.603404236
Zm_-N+Fe	Zm	-N+Fe	17.327	0.140121844	0.123146832	0.111854535	0.102699444	0.095056027	0.092123573	0.087573944	0.085613132	0.083974028	0.082444559	0.080651377	0.079428256	0.078337322	0.076806812	0.075514857	0.074429282	0.072984407	0.072187242	0.072036401	0.072137874	0.073321056	0.074448509	0.075255178	0.074891198	0.074180518	0.073551577	0.073063083	0.072230431	0.072315781	0.071460957	0.071447558	0.071737289	0.072310243	0.073286703	0.075008159	0.077821126	0.082158173	0.087720253	0.094851905	0.103416075	0.113808843	0.12542623	0.137941575	0.150624915	0.162849511	0.173232504	0.181468857	0.187458602	0.1914435	0.194285074	0.196297454	0.197800576	0.198797787	0.199873492	0.200207218	0.19931628	0.196763323	0.192894687	0.187414133	0.181194862	0.174360904	0.16771153	0.161660615	0.156059408	0.151916224	0.148478459	0.145775829	0.143497081	0.14162554	0.140247783	0.138363184	0.136250482	0.133617948	0.130445801	0.127037914	0.122929369	0.118714334	0.115852067	0.11450288	0.114229841	0.114817261	0.113841876	0.110591327	0.106323878	0.101370015	0.096304807	0.091987021	0.087965279	0.08485249	0.081377419	0.076613579	0.071466682	0.067019621	0.063862527	0.06200458	0.061437093	0.06176595	0.06380783	0.068200228	0.076596483	0.091222176	0.112345955	0.13886163	0.167979658	0.196998225	0.223906282	0.247645039	0.269563156	0.289931494	0.308565492	0.327518587	0.345410329	0.35900585	0.373824336	0.386620283	0.397318749	0.407418423	0.417474882	0.428946224	0.440543021	0.455154573	0.471991638	0.492437849	0.514409478	0.538794495	0.560504562	0.57901608	0.594742591	0.60864992	0.620727635	0.630430416	0.637893865	0.645042318	0.651606682	0.655955785	0.660244361	0.663448692	0.665038732	0.667108623	0.670213407	0.673142856	0.676207288	0.681493902	0.683527209	0.684736285	0.684983209	0.686166356	0.685809693	0.68746749	0.686948303	0.687729613	0.68756716	0.688372156	0.688527469	0.68985473	0.69032966	0.691143841	0.691347806	0.693335926	0.693432784	0.694862256	0.694590818	0.695481695	0.694750697	0.696193601	0.695095934	0.694757499	0.695683255	0.696448726	0.698197893	0.6985191	0.699136442	0.699720637	0.699141535	0.70111277	0.699474859	0.700447298	0.70081326	0.699571315	0.70131004	0.699680122	0.699925558	0.7015784	0.700662999	0.698140423	0.697113491	0.697340822	0.694771972	0.691034621	0.689879629	0.690319098	0.691714282	0.689982916	0.69079406	0.689605766	0.685838579	0.687946348	0.686069325	0.686493949	0.685129511	0.686863619	0.682092809	0.684827492	0.557126712
Zm_-N+Fe	Zm	-N+Fe	19.464	0.148485787	0.133347347	0.120040984	0.111382228	0.104199544	0.10116456	0.097361723	0.092985868	0.092166881	0.089941432	0.088866997	0.086746186	0.085243829	0.08348718	0.082277115	0.080912061	0.079811012	0.07895244	0.078911415	0.079180809	0.079802505	0.080624457	0.080682655	0.079991276	0.079147266	0.078346723	0.07796171	0.077189207	0.076808647	0.076468907	0.076111256	0.076413213	0.07692059	0.077963935	0.079803285	0.082646581	0.086860353	0.092842363	0.100017293	0.109067285	0.12028318	0.133281591	0.14748033	0.161824217	0.175772343	0.188230639	0.19833432	0.205678783	0.211032467	0.214539522	0.217314185	0.218914827	0.220615929	0.221549659	0.221305688	0.220000478	0.217107224	0.212056664	0.205740399	0.19813698	0.189683752	0.181388518	0.174095289	0.167930136	0.162591959	0.158492416	0.154958553	0.152149785	0.149986763	0.148137304	0.145842219	0.14347812	0.140391183	0.136845888	0.132723607	0.128075277	0.123361941	0.120027705	0.118067285	0.117769978	0.119150412	0.118130557	0.114956617	0.109581558	0.104363541	0.099062031	0.09419667	0.089923703	0.086673234	0.083286955	0.07882496	0.073920148	0.069892151	0.066907536	0.065384731	0.064782126	0.065257576	0.067059351	0.071172664	0.079080544	0.09293123	0.113625746	0.141344193	0.173367433	0.205534019	0.23704601	0.265286782	0.290825487	0.315226975	0.337832996	0.360124838	0.378750443	0.399369683	0.415522291	0.430542751	0.443012665	0.45530336	0.466008628	0.478116744	0.490698338	0.504972711	0.521907372	0.541046018	0.562830037	0.586409541	0.607590218	0.625515968	0.641900545	0.655764722	0.666578899	0.676970815	0.68517491	0.69226267	0.696531852	0.70154055	0.704643636	0.708338692	0.710942532	0.714043554	0.716170012	0.71909107	0.721914598	0.724040752	0.724739901	0.727540079	0.729064575	0.729708261	0.729865219	0.731086032	0.731254451	0.732639494	0.732580618	0.734347731	0.734938331	0.736480116	0.736532639	0.737227389	0.736128955	0.737069858	0.737813587	0.738183611	0.736943701	0.738956652	0.73737528	0.7399713	0.739135042	0.740037741	0.741775424	0.741750566	0.742537049	0.743552012	0.744477781	0.743261257	0.743094522	0.743468801	0.742929595	0.744022173	0.744109436	0.743519	0.745371959	0.743467318	0.744757786	0.746586404	0.74540174	0.743008915	0.741274991	0.742301334	0.739834863	0.734944404	0.733493491	0.733466163	0.734133241	0.732984699	0.734339192	0.733876541	0.730657285	0.731631251	0.730115115	0.730561438	0.729975722	0.731505121	0.726770819	0.72928009	0.592333276
Zm_-N+Fe	Zm	-N+Fe	15.685	0.140616192	0.125581235	0.110437671	0.102922937	0.096923233	0.094965691	0.091396209	0.089531836	0.088429372	0.086572213	0.086156841	0.084901707	0.083181641	0.081571775	0.080546996	0.079477664	0.077791481	0.077258225	0.076941198	0.077049949	0.078066071	0.079252606	0.079777397	0.079507266	0.078937073	0.078056426	0.07770412	0.076871191	0.076862214	0.076268901	0.076120316	0.076118584	0.076509803	0.077401369	0.078987155	0.081517073	0.085151578	0.090295127	0.09662733	0.10416059	0.113433533	0.124382763	0.13605531	0.147899898	0.159016351	0.168781577	0.176539083	0.182179237	0.186204817	0.188551697	0.190519702	0.191856746	0.193241328	0.193639004	0.193562395	0.192699142	0.190723674	0.186895959	0.182357224	0.176333023	0.169880129	0.163711348	0.157978439	0.153397336	0.14949698	0.146281725	0.143780407	0.141938401	0.140415501	0.139320218	0.137947693	0.136181466	0.133716849	0.130553854	0.127113373	0.123215158	0.119503492	0.116794748	0.11520632	0.115626168	0.117114476	0.116834666	0.114349328	0.110053225	0.105736594	0.100994773	0.096500807	0.092671306	0.089659422	0.086199223	0.081695103	0.076983509	0.072961033	0.06981612	0.068164797	0.067429761	0.06780605	0.069777075	0.073946285	0.081889938	0.095626304	0.115519749	0.141713629	0.17055594	0.200681201	0.229069051	0.254815916	0.277499773	0.29985221	0.32076817	0.338881806	0.358139424	0.37579671	0.391284572	0.404169635	0.416234848	0.427801708	0.438907363	0.450886802	0.463278316	0.47756561	0.49416947	0.513706001	0.535816314	0.559325986	0.580642657	0.599163487	0.614718455	0.628935438	0.640685361	0.650771252	0.657634587	0.664717939	0.668822929	0.673800864	0.677210992	0.680465052	0.683591427	0.686148081	0.688765437	0.690139146	0.690793461	0.691712766	0.693367415	0.695868916	0.697913521	0.69859267	0.69920146	0.700205208	0.701179079	0.703048646	0.70260793	0.704800047	0.704549912	0.706410204	0.706761924	0.707753923	0.705200535	0.707063593	0.7061244	0.707643817	0.707028387	0.708569836	0.707711696	0.709734653	0.709143938	0.709798232	0.711378176	0.7109594	0.712827284	0.713327914	0.713390165	0.712292764	0.711317201	0.711754831	0.711010185	0.711904573	0.711945128	0.713123807	0.71443324	0.713355743	0.713443032	0.715272085	0.714303182	0.711120195	0.710020126	0.710282986	0.706202467	0.703470447	0.702694301	0.702069612	0.702624634	0.700153378	0.701499199	0.70190073	0.699532322	0.700214162	0.699070055	0.700098352	0.698187828	0.700764119	0.694098455	0.696615605	0.565993156
Zm_-N+Fe	Zm	-N+Fe	23.38	0.138887989	0.12182909	0.110349901	0.101027793	0.095763704	0.093486605	0.090518627	0.088323627	0.087114172	0.085768307	0.084776187	0.083115198	0.082208623	0.080579577	0.079569829	0.079006368	0.0780002	0.077442293	0.077833961	0.078204543	0.07926125	0.079646229	0.079522152	0.078417282	0.077536012	0.076561522	0.076065942	0.074899627	0.074522301	0.074075709	0.074022581	0.07431769	0.074864159	0.075780968	0.077354234	0.08008862	0.08423283	0.089332834	0.09602622	0.10418069	0.114517708	0.126351925	0.139609448	0.152459732	0.165086288	0.176323042	0.185727588	0.192510581	0.197471653	0.200276714	0.202926525	0.204790687	0.205982378	0.206322687	0.206250985	0.205344353	0.202881985	0.198612647	0.19282466	0.185976333	0.178109055	0.170628983	0.16422565	0.158601022	0.153789112	0.149977793	0.146801421	0.144137213	0.142312567	0.14077552	0.139162975	0.136733144	0.133948222	0.130363458	0.126351896	0.121657027	0.117260943	0.113972287	0.112499034	0.112996115	0.114409892	0.114232088	0.111150209	0.10642839	0.101816695	0.096725901	0.09186597	0.088183988	0.085073663	0.081534044	0.077219298	0.072477736	0.068526856	0.06545871	0.063791957	0.062992163	0.063247653	0.064729484	0.068596397	0.075727353	0.088725631	0.108022614	0.133550889	0.162385118	0.192340794	0.221183728	0.247275051	0.271128977	0.294223427	0.3148617	0.333069172	0.354467475	0.372648238	0.388141499	0.401732411	0.41420897	0.425245413	0.435840125	0.447552287	0.459476993	0.4729093	0.488108201	0.506018665	0.525915616	0.547536256	0.566720222	0.584124396	0.598663497	0.612147695	0.622512087	0.632269822	0.638948777	0.645066133	0.649101297	0.653402903	0.657310587	0.660357108	0.662978186	0.664741897	0.666831636	0.667757543	0.667074484	0.666791369	0.669886278	0.671991535	0.674337787	0.67567306	0.676022217	0.678550873	0.678009689	0.67911083	0.679215294	0.681380833	0.680548249	0.682826448	0.682224602	0.683038897	0.681560806	0.683222494	0.683605394	0.68367371	0.683321741	0.685089642	0.684744999	0.686386798	0.686346359	0.685942248	0.687800688	0.687503837	0.688115424	0.688836329	0.688282634	0.687453323	0.686480552	0.68743288	0.685605657	0.687585925	0.686694365	0.687415024	0.688857475	0.687720745	0.687374069	0.68949168	0.688001553	0.684715567	0.683510689	0.683481913	0.680069045	0.676057027	0.674428942	0.674438509	0.67407409	0.674913156	0.675332968	0.674280448	0.671439569	0.674531689	0.671065803	0.672801096	0.671407913	0.673287873	0.669028814	0.671172494	0.546848644